{"textures":{"0":"modelengine:entity/xiddri_rock_fly_vfx"},"elements":[{"from":[2.5430326,7.3650007,4.6102667],"to":[12.2573185,16.507858,13.753124],"rotation":{"angle":-22.5,"axis":"z","origin":[2.5430326,8.507858,15.467409]},"faces":{"east":{"uv":[0.0,5.5,1.0,6.5],"rotation":0,"texture":"#0","tintindex":0},"south":{"uv":[0.0,2.5,1.0625,3.5],"rotation":0,"texture":"#0","tintindex":0},"north":{"uv":[2.125,2.0,3.1875,3.0],"rotation":0,"texture":"#0","tintindex":0},"west":{"uv":[1.0,5.5,2.0,6.5],"rotation":0,"texture":"#0","tintindex":0},"up":{"uv":[2.125,3.5,1.0625,2.5],"rotation":0,"texture":"#0","tintindex":0},"down":{"uv":[3.75,0.0,2.6875,1.0],"rotation":0,"texture":"#0","tintindex":0}}},{"from":[7.68589,1.0792866,5.7531233],"to":[13.400176,7.9364295,13.181696],"rotation":{"angle":22.5,"axis":"x","origin":[10.543034,1.0792866,9.467409]},"faces":{"east":{"uv":[5.75,8.0,6.5625,8.75],"rotation":0,"texture":"#0","tintindex":0},"south":{"uv":[4.75,8.6875,5.375,9.4375],"rotation":0,"texture":"#0","tintindex":0},"north":{"uv":[4.125,8.6875,4.75,9.4375],"rotation":0,"texture":"#0","tintindex":0},"west":{"uv":[6.5625,8.0,7.375,8.75],"rotation":0,"texture":"#0","tintindex":0},"up":{"uv":[8.8125,8.8125,8.1875,8.0],"rotation":0,"texture":"#0","tintindex":0},"down":{"uv":[0.625,8.375,0.0,9.1875],"rotation":0,"texture":"#0","tintindex":0}}},{"from":[0.2573185,7.3650007,0.038837433],"to":[9.971604,12.507858,8.038838],"rotation":{"angle":-22.5,"axis":"x","origin":[5.1144614,9.93643,4.038838]},"faces":{"east":{"uv":[2.375,8.6875,3.25,9.25],"rotation":0,"texture":"#0","tintindex":0},"south":{"uv":[8.1875,3.0625,9.25,3.625],"rotation":0,"texture":"#0","tintindex":0},"north":{"uv":[8.125,7.4375,9.1875,8.0],"rotation":0,"texture":"#0","tintindex":0},"west":{"uv":[3.25,8.6875,4.125,9.25],"rotation":0,"texture":"#0","tintindex":0},"up":{"uv":[8.0625,1.75,7.0,0.875],"rotation":0,"texture":"#0","tintindex":0},"down":{"uv":[2.125,7.0,1.0625,7.875],"rotation":0,"texture":"#0","tintindex":0}}}],"display":{"head":{"translation":[0.0,-6.4,0.0],"scale":[4.0,4.0,4.0]}}}