{"textures":{"0":"modelengine:entity/xiddri_rock_fly_vfx"},"elements":[{"from":[3.4285712,6.5219526,1.020608],"to":[13.142858,15.66481,10.1634655],"rotation":{"angle":-22.5,"axis":"x","origin":[13.142858,11.093382,14.1634655]},"faces":{"east":{"uv":[5.3125,4.0,6.3125,5.0],"rotation":0,"texture":"#0","tintindex":0},"south":{"uv":[1.0625,1.5,2.125,2.5],"rotation":0,"texture":"#0","tintindex":0},"north":{"uv":[0.0,1.5,1.0625,2.5],"rotation":0,"texture":"#0","tintindex":0},"west":{"uv":[5.3125,5.0,6.3125,6.0],"rotation":0,"texture":"#0","tintindex":0},"up":{"uv":[2.6875,1.0,1.625,0.0],"rotation":0,"texture":"#0","tintindex":0},"down":{"uv":[3.1875,1.0,2.125,2.0],"rotation":0,"texture":"#0","tintindex":0}}},{"from":[2.2857141,-3.1923332,4.4491796],"to":[8.0,10.521953,11.877751],"rotation":{"angle":22.5,"axis":"z","origin":[5.142857,3.6648097,8.1634655]},"faces":{"east":{"uv":[0.0,0.0,0.8125,1.5],"rotation":0,"texture":"#0","tintindex":0},"south":{"uv":[6.375,2.5,7.0,4.0],"rotation":0,"texture":"#0","tintindex":0},"north":{"uv":[6.375,1.0,7.0,2.5],"rotation":0,"texture":"#0","tintindex":0},"west":{"uv":[0.8125,0.0,1.625,1.5],"rotation":0,"texture":"#0","tintindex":0},"up":{"uv":[8.8125,4.4375,8.1875,3.625],"rotation":0,"texture":"#0","tintindex":0},"down":{"uv":[8.8125,4.4375,8.1875,5.25],"rotation":0,"texture":"#0","tintindex":0}}},{"from":[5.714286,9.950524,5.5920362],"to":[15.428572,15.093382,13.592037],"rotation":{"angle":0.0,"axis":"y","origin":[13.142858,11.093382,14.1634655]},"faces":{"east":{"uv":[0.625,8.6875,1.5,9.25],"rotation":0,"texture":"#0","tintindex":0},"south":{"uv":[8.125,6.875,9.1875,7.4375],"rotation":0,"texture":"#0","tintindex":0},"north":{"uv":[7.875,6.3125,8.9375,6.875],"rotation":0,"texture":"#0","tintindex":0},"west":{"uv":[1.5,8.6875,2.375,9.25],"rotation":0,"texture":"#0","tintindex":0},"up":{"uv":[1.0625,7.375,0.0,6.5],"rotation":0,"texture":"#0","tintindex":0},"down":{"uv":[7.9375,0.0,6.875,0.875],"rotation":0,"texture":"#0","tintindex":0}}}],"display":{"head":{"translation":[0.0,-6.4,0.0],"scale":[4.0,4.0,4.0]}}}