{"textures":{"0":"modelengine:entity/priest"},"elements":[{"from":[4.004834,7.440366,8.0],"to":[12.004835,8.583223,8.0],"rotation":{"angle":-45.0,"axis":"z","origin":[8.004834,8.011794,8.285714]},"faces":{"east":{"uv":[5.3333335,8.0,5.3333335,8.5],"rotation":0,"texture":"#0","tintindex":0},"south":{"uv":[5.6666665,9.0,6.0,14.5],"rotation":90,"texture":"#0","tintindex":0},"north":{"uv":[5.6666665,14.5,6.0,9.0],"rotation":90,"texture":"#0","tintindex":0},"west":{"uv":[5.3333335,8.0,5.3333335,8.5],"rotation":0,"texture":"#0","tintindex":0},"up":{"uv":[7.6666665,8.0,5.3333335,8.0],"rotation":0,"texture":"#0","tintindex":0},"down":{"uv":[7.6666665,8.0,5.3333335,8.0],"rotation":0,"texture":"#0","tintindex":0}}},{"from":[6.2905483,6.2975082,7.428571],"to":[9.71912,9.72608,8.571428],"rotation":{"angle":45.0,"axis":"z","origin":[8.004834,8.011794,5.142857]},"faces":{"east":{"uv":[6.6666665,12.0,7.0,13.5],"rotation":0,"texture":"#0","tintindex":0},"south":{"uv":[6.0,10.5,7.0,12.0],"rotation":0,"texture":"#0","tintindex":0},"north":{"uv":[7.0,10.5,6.0,12.0],"rotation":0,"texture":"#0","tintindex":0},"west":{"uv":[8.666667,13.0,9.666667,12.5],"rotation":90,"texture":"#0","tintindex":0},"up":{"uv":[6.6666665,12.0,7.0,13.5],"rotation":90,"texture":"#0","tintindex":0},"down":{"uv":[9.666667,13.0,8.666667,12.5],"rotation":0,"texture":"#0","tintindex":0}}},{"from":[7.433406,4.011794,8.0],"to":[8.576262,12.011795,8.0],"rotation":{"angle":-45.0,"axis":"z","origin":[8.004834,8.011794,8.285714]},"faces":{"east":{"uv":[5.3333335,8.0,5.3333335,11.5],"rotation":0,"texture":"#0","tintindex":0},"south":{"uv":[5.6666665,9.0,6.0,14.5],"rotation":0,"texture":"#0","tintindex":0},"north":{"uv":[6.0,9.0,5.6666665,14.5],"rotation":0,"texture":"#0","tintindex":0},"west":{"uv":[5.3333335,8.0,5.3333335,11.5],"rotation":0,"texture":"#0","tintindex":0},"up":{"uv":[5.6666665,8.0,5.3333335,8.0],"rotation":0,"texture":"#0","tintindex":0},"down":{"uv":[5.6666665,8.0,5.3333335,8.0],"rotation":0,"texture":"#0","tintindex":0}}},{"from":[1.7191195,7.440366,8.0],"to":[14.290548,8.583223,8.0],"rotation":{"angle":0.0,"axis":"y","origin":[8.004834,8.011794,8.285714]},"faces":{"east":{"uv":[5.3333335,8.0,5.3333335,8.5],"rotation":0,"texture":"#0","tintindex":0},"south":{"uv":[5.6666665,9.0,6.0,14.5],"rotation":90,"texture":"#0","tintindex":0},"north":{"uv":[5.6666665,14.5,6.0,9.0],"rotation":90,"texture":"#0","tintindex":0},"west":{"uv":[5.3333335,8.0,5.3333335,8.5],"rotation":0,"texture":"#0","tintindex":0},"up":{"uv":[9.0,8.0,5.3333335,8.0],"rotation":0,"texture":"#0","tintindex":0},"down":{"uv":[9.0,8.0,5.3333335,8.0],"rotation":0,"texture":"#0","tintindex":0}}},{"from":[10.247475,4.0548687,7.714286],"to":[11.9617605,5.769154,8.285714],"rotation":{"angle":0.0,"axis":"y","origin":[11.104617,4.912011,8.0]},"faces":{"east":{"uv":[8.666667,14.75,9.166667,14.5],"rotation":90,"texture":"#0","tintindex":0},"south":{"uv":[9.833333,8.75,9.333333,9.5],"rotation":0,"texture":"#0","tintindex":0},"north":{"uv":[9.333333,8.75,9.833333,9.5],"rotation":0,"texture":"#0","tintindex":0},"west":{"uv":[9.666667,12.25,9.833333,13.0],"rotation":0,"texture":"#0","tintindex":0},"up":{"uv":[9.166667,14.75,8.666667,14.5],"rotation":0,"texture":"#0","tintindex":0},"down":{"uv":[9.833333,12.25,9.666667,13.0],"rotation":90,"texture":"#0","tintindex":0}}},{"from":[3.96176,4.0548687,7.714286],"to":[5.6760454,5.769154,8.285714],"rotation":{"angle":0.0,"axis":"y","origin":[12.247475,3.769154,8.285714]},"faces":{"east":{"uv":[9.166667,14.75,8.666667,14.5],"rotation":90,"texture":"#0","tintindex":0},"south":{"uv":[9.333333,8.75,9.833333,9.5],"rotation":0,"texture":"#0","tintindex":0},"north":{"uv":[9.833333,8.75,9.333333,9.5],"rotation":0,"texture":"#0","tintindex":0},"west":{"uv":[9.833333,12.25,9.666667,13.0],"rotation":0,"texture":"#0","tintindex":0},"up":{"uv":[8.666667,14.75,9.166667,14.5],"rotation":0,"texture":"#0","tintindex":0},"down":{"uv":[9.666667,12.25,9.833333,13.0],"rotation":90,"texture":"#0","tintindex":0}}},{"from":[3.96176,10.340583,7.714286],"to":[5.6760454,12.054869,8.285714],"rotation":{"angle":0.0,"axis":"y","origin":[12.247475,3.769154,8.285714]},"faces":{"east":{"uv":[9.166667,14.75,8.666667,14.5],"rotation":90,"texture":"#0","tintindex":0},"south":{"uv":[9.333333,8.75,9.833333,9.5],"rotation":0,"texture":"#0","tintindex":0},"north":{"uv":[9.833333,8.75,9.333333,9.5],"rotation":0,"texture":"#0","tintindex":0},"west":{"uv":[9.833333,12.25,9.666667,13.0],"rotation":0,"texture":"#0","tintindex":0},"up":{"uv":[8.666667,14.75,9.166667,14.5],"rotation":0,"texture":"#0","tintindex":0},"down":{"uv":[9.666667,12.25,9.833333,13.0],"rotation":90,"texture":"#0","tintindex":0}}},{"from":[10.247475,10.340583,7.714286],"to":[11.9617605,12.054869,8.285714],"rotation":{"angle":0.0,"axis":"y","origin":[12.247475,3.769154,8.285714]},"faces":{"east":{"uv":[8.666667,14.75,9.166667,14.5],"rotation":90,"texture":"#0","tintindex":0},"south":{"uv":[9.833333,8.75,9.333333,9.5],"rotation":0,"texture":"#0","tintindex":0},"north":{"uv":[9.333333,8.75,9.833333,9.5],"rotation":0,"texture":"#0","tintindex":0},"west":{"uv":[9.666667,12.25,9.833333,13.0],"rotation":0,"texture":"#0","tintindex":0},"up":{"uv":[9.166667,14.75,8.666667,14.5],"rotation":0,"texture":"#0","tintindex":0},"down":{"uv":[9.833333,12.25,9.666667,13.0],"rotation":90,"texture":"#0","tintindex":0}}},{"from":[0.24747372,6.769154,7.714286],"to":[1.9617596,8.48344,8.285714],"rotation":{"angle":45.0,"axis":"z","origin":[0.8189025,7.9120116,8.285714]},"faces":{"east":{"uv":[9.166667,14.75,8.666667,14.5],"rotation":90,"texture":"#0","tintindex":0},"south":{"uv":[9.333333,8.75,9.833333,9.5],"rotation":0,"texture":"#0","tintindex":0},"north":{"uv":[9.833333,8.75,9.333333,9.5],"rotation":0,"texture":"#0","tintindex":0},"west":{"uv":[9.833333,12.25,9.666667,13.0],"rotation":0,"texture":"#0","tintindex":0},"up":{"uv":[8.666667,14.75,9.166667,14.5],"rotation":0,"texture":"#0","tintindex":0},"down":{"uv":[9.666667,12.25,9.833333,13.0],"rotation":90,"texture":"#0","tintindex":0}}},{"from":[14.047909,6.769154,7.714286],"to":[15.762195,8.48344,8.285714],"rotation":{"angle":-45.0,"axis":"z","origin":[15.190766,7.9120116,8.285714]},"faces":{"east":{"uv":[8.666667,14.75,9.166667,14.5],"rotation":90,"texture":"#0","tintindex":0},"south":{"uv":[9.833333,8.75,9.333333,9.5],"rotation":0,"texture":"#0","tintindex":0},"north":{"uv":[9.333333,8.75,9.833333,9.5],"rotation":0,"texture":"#0","tintindex":0},"west":{"uv":[9.666667,12.25,9.833333,13.0],"rotation":0,"texture":"#0","tintindex":0},"up":{"uv":[9.166667,14.75,8.666667,14.5],"rotation":0,"texture":"#0","tintindex":0},"down":{"uv":[9.833333,12.25,9.666667,13.0],"rotation":90,"texture":"#0","tintindex":0}}},{"from":[2.3874621,2.2739768,7.714286],"to":[4.1017485,3.9882627,8.285714],"rotation":{"angle":45.0,"axis":"z","origin":[8.004834,7.9619026,8.285714]},"faces":{"east":{"uv":[8.666667,14.75,9.166667,14.5],"rotation":90,"texture":"#0","tintindex":0},"south":{"uv":[9.833333,8.75,9.333333,9.5],"rotation":0,"texture":"#0","tintindex":0},"north":{"uv":[9.333333,8.75,9.833333,9.5],"rotation":0,"texture":"#0","tintindex":0},"west":{"uv":[9.666667,12.25,9.833333,13.0],"rotation":0,"texture":"#0","tintindex":0},"up":{"uv":[9.166667,14.75,8.666667,14.5],"rotation":0,"texture":"#0","tintindex":0},"down":{"uv":[9.833333,12.25,9.666667,13.0],"rotation":90,"texture":"#0","tintindex":0}}},{"from":[11.978475,11.864988,7.714286],"to":[13.69276,13.579275,8.285714],"rotation":{"angle":45.0,"axis":"z","origin":[8.004834,7.9619026,8.285714]},"faces":{"east":{"uv":[8.666667,14.75,9.166667,14.5],"rotation":90,"texture":"#0","tintindex":0},"south":{"uv":[9.833333,8.75,9.333333,9.5],"rotation":0,"texture":"#0","tintindex":0},"north":{"uv":[9.333333,8.75,9.833333,9.5],"rotation":0,"texture":"#0","tintindex":0},"west":{"uv":[9.666667,12.25,9.833333,13.0],"rotation":0,"texture":"#0","tintindex":0},"up":{"uv":[9.166667,14.75,8.666667,14.5],"rotation":0,"texture":"#0",