{"textures":{"0":"modelengine:entity/priest"},"elements":[{"from":[7.285714,4.0108743,7.7689543],"to":[9.0,8.010875,9.48324],"rotation":{"angle":0.0,"axis":"y","origin":[9.142858,12.010875,8.197526]},"faces":{"east":{"uv":[0.5,3.5,0.0,1.75],"rotation":0,"texture":"#0","tintindex":0},"south":{"uv":[0.0,1.75,0.5,0.0],"rotation":0,"texture":"#0","tintindex":0},"north":{"uv":[0.5,1.75,0.0,0.0],"rotation":0,"texture":"#0","tintindex":0},"west":{"uv":[1.0,1.75,0.5,0.0],"rotation":0,"texture":"#0","tintindex":0},"up":{"uv":[2.8333333,0.0,3.3333333,0.75],"rotation":0,"texture":"#0","tintindex":0},"down":{"uv":[0.0,4.25,0.5,5.0],"rotation":0,"texture":"#0","tintindex":0}}},{"from":[6.714286,5.4394455,7.1975255],"to":[9.571428,6.0108743,10.054668],"rotation":{"angle":0.0,"axis":"y","origin":[9.142858,12.010875,8.197526]},"faces":{"east":{"uv":[4.5,10.0,3.6666667,10.25],"rotation":0,"texture":"#0","tintindex":0},"south":{"uv":[4.5,10.0,3.6666667,10.25],"rotation":0,"texture":"#0","tintindex":0},"north":{"uv":[4.5,10.0,3.6666667,10.25],"rotation":0,"texture":"#0","tintindex":0},"west":{"uv":[4.5,10.0,3.6666667,10.25],"rotation":0,"texture":"#0","tintindex":0},"up":{"uv":[0.6666667,11.25,1.5,10.0],"rotation":0,"texture":"#0","tintindex":0},"down":{"uv":[0.6666667,11.25,1.5,10.0],"rotation":0,"texture":"#0","tintindex":0}}},{"from":[6.856571,3.4388742,6.6255255],"to":[8.000571,4.5828743,8.912383],"rotation":{"angle":-22.5,"axis":"x","origin":[8.142858,3.7251596,8.054668]},"faces":{"east":{"uv":[3.8333333,9.5,3.5,8.5],"rotation":90,"texture":"#0","tintindex":0},"south":{"uv":[2.6666667,13.5,2.3333333,14.0],"rotation":0,"texture":"#0","tintindex":0},"north":{"uv":[2.6666667,10.75,2.3333333,11.25],"rotation":0,"texture":"#0","tintindex":0},"west":{"uv":[3.5,8.5,3.8333333,9.5],"rotation":90,"texture":"#0","tintindex":0},"up":{"uv":[3.5,9.5,3.8333333,8.5],"rotation":0,"texture":"#0","tintindex":0},"down":{"uv":[3.8333333,8.5,3.5,9.5],"rotation":0,"texture":"#0","tintindex":0}}},{"from":[6.857143,3.7022114,8.518555],"to":[9.428572,4.8450685,9.947125],"rotation":{"angle":0.0,"axis":"y","origin":[7.428571,4.2736397,5.6614113]},"faces":{"east":{"uv":[4.25,9.0,3.8333333,9.5],"rotation":0,"texture":"#0","tintindex":0},"south":{"uv":[2.5833333,13.0,1.8333334,13.5],"rotation":0,"texture":"#0","tintindex":0},"north":{"uv":[1.75,13.0,1.0,13.5],"rotation":0,"texture":"#0","tintindex":0},"west":{"uv":[3.8333333,9.0,4.25,9.5],"rotation":0,"texture":"#0","tintindex":0},"up":{"uv":[3.1666667,12.125,3.9166667,11.5],"rotation":0,"texture":"#0","tintindex":0},"down":{"uv":[3.1666667,12.25,3.9166667,12.875],"rotation":0,"texture":"#0","tintindex":0}}},{"from":[8.285143,3.4388742,6.6255255],"to":[9.429143,4.5828743,8.912383],"rotation":{"angle":-22.5,"axis":"x","origin":[8.142858,3.7251596,8.054668]},"faces":{"east":{"uv":[3.8333333,9.5,3.5,8.5],"rotation":90,"texture":"#0","tintindex":0},"south":{"uv":[2.6666667,13.5,2.3333333,14.0],"rotation":0,"texture":"#0","tintindex":0},"north":{"uv":[2.6666667,10.75,2.3333333,11.25],"rotation":0,"texture":"#0","tintindex":0},"west":{"uv":[3.5,8.5,3.8333333,9.5],"rotation":90,"texture":"#0","tintindex":0},"up":{"uv":[3.5,9.5,3.8333333,8.5],"rotation":0,"texture":"#0","tintindex":0},"down":{"uv":[3.8333333,8.5,3.5,9.5],"rotation":0,"texture":"#0","tintindex":0}}}],"display":{"head":{"translation":[0.0,-6.4,0.0],"scale":[4.0,4.0,4.0]}}}