{"textures":{"0":"modelengine:entity/priest"},"elements":[{"from":[7.964286,7.142857,6.857143],"to":[9.678572,8.857143,9.142858],"rotation":{"angle":0.0,"axis":"y","origin":[4.1642857,8.0,3.5571427]},"faces":{"east":{"uv":[2.5,2.75,1.8333334,3.5],"rotation":0,"texture":"#0","tintindex":0},"south":{"uv":[2.5,3.75,3.0,4.5],"rotation":0,"texture":"#0","tintindex":0},"north":{"uv":[3.0,3.75,2.5,4.5],"rotation":0,"texture":"#0","tintindex":0},"west":{"uv":[2.5,2.0,1.8333334,2.75],"rotation":0,"texture":"#0","tintindex":0},"up":{"uv":[2.8333333,0.0,2.1666667,0.75],"rotation":90,"texture":"#0","tintindex":0},"down":{"uv":[2.5,4.25,1.8333334,3.5],"rotation":270,"texture":"#0","tintindex":0}}},{"from":[7.535714,7.428571,7.0],"to":[7.964286,8.571428,9.0],"rotation":{"angle":0.0,"axis":"y","origin":[4.1642857,8.0,3.5571427]},"faces":{"east":{"uv":[3.5833333,2.75,3.0,3.25],"rotation":0,"texture":"#0","tintindex":0},"south":{"uv":[1.6666666,1.0,1.8333334,1.5],"rotation":0,"texture":"#0","tintindex":0},"north":{"uv":[1.8333334,1.0,1.6666666,1.5],"rotation":0,"texture":"#0","tintindex":0},"west":{"uv":[3.5833333,2.25,3.0,2.75],"rotation":0,"texture":"#0","tintindex":0},"up":{"uv":[3.5833333,3.25,3.0,3.5],"rotation":90,"texture":"#0","tintindex":0},"down":{"uv":[3.5833333,3.75,3.0,3.5],"rotation":270,"texture":"#0","tintindex":0}}}],"display":{"head":{"translation":[0.0,-6.4,0.0],"scale":[4.0,4.0,4.0]}}}