{"textures":{"0":"modelengine:entity/smolderinghshadowanima"},"elements":[{"from":[-0.51441,1.4162488,-2.2508278],"to":[16.6258,15.575552,11.163284],"rotation":{"angle":0.0,"axis":"y","origin":[8.0,32.0,-13.701363]},"faces":{"east":{"uv":[1.71875,9.375,0.875,10.25],"rotation":0,"texture":"#0","tintindex":0},"south":{"uv":[2.4375,8.25,3.5,9.125],"rotation":0,"texture":"#0","tintindex":0},"north":{"uv":[7.96875,4.6875,9.03125,5.5625],"rotation":0,"texture":"#0","tintindex":0},"west":{"uv":[0.875,9.375,1.71875,10.25],"rotation":0,"texture":"#0","tintindex":0},"up":{"uv":[5.90625,9.09375,4.84375,8.25],"rotation":0,"texture":"#0","tintindex":0},"down":{"uv":[2.1875,8.5,1.125,9.34375],"rotation":0,"texture":"#0","tintindex":0}}},{"from":[0.37980556,2.8983932,11.112236],"to":[16.476696,16.31247,20.054918],"rotation":{"angle":0.0,"axis":"y","origin":[8.0,32.0,-13.701363]},"faces":{"east":{"uv":[7.875,10.1875,7.3125,11.03125],"rotation":0,"texture":"#0","tintindex":0},"south":{"uv":[3.53125,9.0,4.53125,9.84375],"rotation":0,"texture":"#0","tintindex":0},"north":{"uv":[8.8125,7.75,9.8125,8.59375],"rotation":0,"texture":"#0","tintindex":0},"west":{"uv":[7.3125,10.1875,7.875,11.03125],"rotation":0,"texture":"#0","tintindex":0},"up":{"uv":[7.65625,6.59375,6.65625,6.03125],"rotation":0,"texture":"#0","tintindex":0},"down":{"uv":[10.375,3.0,9.375,3.5625],"rotation":0,"texture":"#0","tintindex":0}}},{"from":[2.814477,2.5021114,25.292944],"to":[14.340461,12.537651,32.0],"rotation":{"angle":0.0,"axis":"y","origin":[2.8140893,2.8581781,25.877441]},"faces":{"east":{"uv":[11.3125,6.8125,11.71875,7.5],"rotation":0,"texture":"#0","tintindex":0},"south":{"uv":[9.40625,8.625,10.1875,9.3125],"rotation":0,"texture":"#0","tintindex":0},"north":{"uv":[9.375,3.59375,10.15625,4.28125],"rotation":0,"texture":"#0","tintindex":0},"west":{"uv":[11.3125,6.8125,11.71875,7.5],"rotation":0,"texture":"#0","tintindex":0},"up":{"uv":[8.75,6.0,7.96875,5.59375],"rotation":0,"texture":"#0","tintindex":0},"down":{"uv":[11.6875,9.4375,10.90625,9.84375],"rotation":0,"texture":"#0","tintindex":0}}},{"from":[2.399712,12.773489,4.432025],"to":[2.408513,25.711449,30.307943],"rotation":{"angle":0.0,"axis":"y","origin":[8.0,32.0,-13.701363]},"faces":{"east":{"uv":[9.3125,0.84375,7.71875,1.65625],"rotation":0,"texture":"#0","tintindex":0},"south":{"uv":[8.40625,13.90625,8.4375,14.71875],"rotation":0,"texture":"#0","tintindex":0},"north":{"uv":[6.8125,13.90625,6.84375,14.71875],"rotation":0,"texture":"#0","tintindex":0},"west":{"uv":[7.71875,0.84375,9.3125,1.65625],"rotation":0,"texture":"#0","tintindex":0}}},{"from":[14.367764,12.773489,4.432025],"to":[14.3765745,25.711449,30.307943],"rotation":{"angle":0.0,"axis":"y","origin":[8.0,32.0,-13.701363]},"faces":{"east":{"uv":[9.3125,0.84375,7.71875,1.65625],"rotation":0,"texture":"#0","tintindex":0},"south":{"uv":[0.15625,13.90625,0.1875,14.71875],"rotation":0,"texture":"#0","tintindex":0},"north":{"uv":[13.21875,13.875,13.25,14.6875],"rotation":0,"texture":"#0","tintindex":0},"west":{"uv":[7.71875,0.84375,9.3125,1.65625],"rotation":0,"texture":"#0","tintindex":0}}},{"from":[1.4975753,1.8158293,19.868683],"to":[15.80592,14.335638,28.811365],"rotation":{"angle":0.0,"axis":"y","origin":[8.0,32.0,-13.701363]},"faces":{"east":{"uv":[9.0625,10.1875,8.5,10.96875],"rotation":0,"texture":"#0","tintindex":0},"south":{"uv":[9.375,2.1875,10.25,2.96875],"rotation":0,"texture":"#0","tintindex":0},"north":{"uv":[5.6875,7.40625,6.5625,8.1875],"rotation":0,"texture":"#0","tintindex":0},"west":{"uv":[8.5,10.1875,9.0625,10.96875],"rotation":0,"texture":"#0","tintindex":0},"up":{"uv":[10.71875,8.5625,9.84375,8.0],"rotation":0,"texture":"#0","tintindex":0},"down":{"uv":[11.0,4.3125,10.125,4.875],"rotation":0,"texture":"#0","tintindex":0}}}],"display":{"head":{"translation":[0.0,-6.4,20.51973],"scale":[4.0,4.0,4.0]}}}