{"textures":{"0":"modelengine:entity/smolderinghshadowanima"},"elements":[{"from":[-0.7443142,5.25215,1.4307504],"to":[15.253038,18.268597,13.702005],"rotation":{"angle":22.5,"axis":"x","origin":[7.770096,35.8359,-10.019783]},"faces":{"east":{"uv":[1.71875,9.375,0.875,10.25],"rotation":0,"texture":"#0","tintindex":0},"south":{"uv":[2.4375,8.25,3.5,9.125],"rotation":0,"texture":"#0","tintindex":0},"north":{"uv":[7.96875,4.6875,9.03125,5.5625],"rotation":0,"texture":"#0","tintindex":0},"west":{"uv":[0.875,9.375,1.71875,10.25],"rotation":0,"texture":"#0","tintindex":0},"up":{"uv":[5.90625,9.09375,4.84375,8.25],"rotation":0,"texture":"#0","tintindex":0},"down":{"uv":[2.1875,8.5,1.125,9.34375],"rotation":0,"texture":"#0","tintindex":0}}}],"display":{"head":{"translation":[0.0,-6.4,0.0],"scale":[4.0,4.0,4.0]}}}