{"textures":{"0":"modelengine:entity/smolderinghshadowanima"},"elements":[{"from":[14.165268,7.033562,7.708192],"to":[16.400948,8.350191,8.453418],"rotation":{"angle":22.5,"axis":"z","origin":[13.999055,7.4285746,6.857143]},"faces":{"east":{"uv":[2.375,9.09375,2.40625,9.125],"rotation":0,"texture":"#0","tintindex":0},"south":{"uv":[11.15625,11.09375,11.28125,11.125],"rotation":0,"texture":"#0","tintindex":0},"north":{"uv":[6.25,11.0,6.375,11.03125],"rotation":0,"texture":"#0","tintindex":0},"west":{"uv":[4.4375,10.125,4.46875,10.15625],"rotation":0,"texture":"#0","tintindex":0},"up":{"uv":[11.4375,11.125,11.3125,11.09375],"rotation":0,"texture":"#0","tintindex":0},"down":{"uv":[4.9375,11.46875,4.8125,11.5],"rotation":0,"texture":"#0","tintindex":0}}},{"from":[5.5354853,7.0255427,7.536763],"to":[7.771165,8.342197,8.28199],"rotation":{"angle":-22.5,"axis":"z","origin":[8.0,7.428571,6.857143]},"faces":{"east":{"uv":[2.125,7.34375,2.15625,7.375],"rotation":0,"texture":"#0","tintindex":0},"south":{"uv":[9.9375,5.53125,10.0625,5.5625],"rotation":0,"texture":"#0","tintindex":0},"north":{"uv":[2.21875,9.09375,2.34375,9.125],"rotation":0,"texture":"#0","tintindex":0},"west":{"uv":[6.59375,8.15625,6.625,8.1875],"rotation":0,"texture":"#0","tintindex":0},"up":{"uv":[10.71875,7.9375,10.59375,7.90625],"rotation":0,"texture":"#0","tintindex":0},"down":{"uv":[2.9375,10.625,2.8125,10.65625],"rotation":0,"texture":"#0","tintindex":0}}}],"display":{"head":{"translation":[0.0,-6.4,0.0],"scale":[4.0,4.0,4.0]}}}