{"textures":{"0":"modelengine:entity/smolderinghshadowanima"},"elements":[{"from":[4.951687,-3.916668,5.202895],"to":[11.658726,8.752182,11.164699],"rotation":{"angle":0.0,"axis":"y","origin":[16.0,40.57143,-3.4285717]},"faces":{"east":{"uv":[5.8125,11.0,6.21875,11.78125],"rotation":0,"texture":"#0","tintindex":0},"south":{"uv":[6.21875,11.0,5.8125,11.78125],"rotation":0,"texture":"#0","tintindex":0},"north":{"uv":[5.8125,11.0,6.21875,11.78125],"rotation":0,"texture":"#0","tintindex":0},"west":{"uv":[0.40625,11.15625,0.78125,11.9375],"rotation":0,"texture":"#0","tintindex":0},"up":{"uv":[12.84375,10.0625,12.4375,10.4375],"rotation":0,"texture":"#0","tintindex":0},"down":{"uv":[12.84375,10.0625,12.4375,10.4375],"rotation":0,"texture":"#0","tintindex":0}}}],"display":{"head":{"translation":[0.0,-6.4,0.0],"scale":[4.0,4.0,4.0]}}}