{"textures":{"0":"modelengine:entity/smolderinghshadowanima"},"elements":[{"from":[-13.703579,8.463872,-9.96574],"to":[22.918701,8.472673,22.509033],"rotation":{"angle":0.0,"axis":"y","origin":[81.36659,24.926765,-21.85194]},"faces":{"east":{"uv":[13.1875,11.28125,15.375,11.3125],"rotation":0,"texture":"#0","tintindex":0},"south":{"uv":[12.0625,5.28125,14.78125,5.3125],"rotation":0,"texture":"#0","tintindex":0},"north":{"uv":[2.75,2.6875,5.46875,2.71875],"rotation":0,"texture":"#0","tintindex":0},"west":{"uv":[13.34375,12.8125,15.53125,12.84375],"rotation":0,"texture":"#0","tintindex":0},"up":{"uv":[2.75,4.9375,5.46875,2.75],"rotation":0,"texture":"#0","tintindex":0},"down":{"uv":[2.75,2.75,5.46875,4.9375],"rotation":0,"texture":"#0","tintindex":0}}},{"from":[16.96636,7.4288354,-2.9792423],"to":[19.036434,9.498909,19.791569],"rotation":{"angle":-45.0,"axis":"y","origin":[18.88955,7.428571,2.8651943]},"faces":{"east":{"uv":[12.375,4.3125,13.78125,4.1875],"rotation":180,"texture":"#0","tintindex":0},"south":{"uv":[6.15625,14.15625,6.28125,14.28125],"rotation":0,"texture":"#0","tintindex":0},"north":{"uv":[6.15625,14.15625,6.28125,14.28125],"rotation":0,"texture":"#0","tintindex":0},"west":{"uv":[13.78125,4.3125,12.375,4.1875],"rotation":180,"texture":"#0","tintindex":0},"up":{"uv":[13.78125,4.3125,12.375,4.1875],"rotation":90,"texture":"#0","tintindex":0},"down":{"uv":[13.78125,4.3125,12.375,4.1875],"rotation":90,"texture":"#0","tintindex":0}}},{"from":[0.2570305,7.319435,-0.8475599],"to":[26.132948,9.389509,1.2225142],"rotation":{"angle":22.5,"axis":"y","origin":[-4.3336487,7.428571,3.1239548]},"faces":{"east":{"uv":[6.15625,14.15625,6.28125,14.28125],"rotation":0,"texture":"#0","tintindex":0},"south":{"uv":[12.125,8.03125,13.71875,7.90625],"rotation":0,"texture":"#0","tintindex":0},"north":{"uv":[13.71875,8.03125,12.125,7.90625],"rotation":0,"texture":"#0","tintindex":0},"west":{"uv":[6.15625,14.15625,6.28125,14.28125],"rotation":0,"texture":"#0","tintindex":0},"up":{"uv":[13.71875,8.03125,12.125,7.90625],"rotation":0,"texture":"#0","tintindex":0},"down":{"uv":[13.71875,8.03125,12.125,7.90625],"rotation":0,"texture":"#0","tintindex":0}}},{"from":[-16.0,7.4288354,22.773457],"to":[11.717246,9.498909,24.843533],"rotation":{"angle":45.0,"axis":"y","origin":[-25.034386,7.428571,26.67104]},"faces":{"east":{"uv":[6.15625,14.15625,6.28125,14.28125],"rotation":0,"texture":"#0","tintindex":0},"south":{"uv":[11.5,1.21875,13.5,1.09375],"rotation":0,"texture":"#0","tintindex":0},"north":{"uv":[13.5,1.21875,11.5,1.09375],"rotation":0,"texture":"#0","tintindex":0},"west":{"uv":[6.15625,14.15625,6.28125,14.28125],"rotation":0,"texture":"#0","tintindex":0},"up":{"uv":[13.5,1.21875,11.5,1.09375],"rotation":0,"texture":"#0","tintindex":0},"down":{"uv":[13.5,1.21875,11.5,1.09375],"rotation":0,"texture":"#0","tintindex":0}}},{"from":[10.475377,7.319435,17.795424],"to":[12.54545,9.389509,32.0],"rotation":{"angle":-22.5,"axis":"y","origin":[18.88955,7.428571,2.8651943]},"faces":{"east":{"uv":[10.03125,13.59375,9.90625,12.375],"rotation":90,"texture":"#0","tintindex":0},"south":{"uv":[6.15625,14.15625,6.28125,14.28125],"rotation":0,"texture":"#0","tintindex":0},"north":{"uv":[6.15625,14.15625,6.28125,14.28125],"rotation":0,"texture":"#0","tintindex":0},"west":{"uv":[10.03125,13.59375,9.90625,12.375],"rotation":90,"texture":"#0","tintindex":0},"up":{"uv":[10.03125,13.59375,9.90625,12.375],"rotation":0,"texture":"#0","tintindex":0},"down":{"uv":[10.03125,13.59375,9.90625,12.375],"rotation":0,"texture":"#0","tintindex":0}}}],"display":{"head":{"translation":[-59.558197,-6.4,82.25351],"scale":[4.0,4.0,4.0]}}}