{"textures":{"0":"modelengine:entity/smolderinghshadowanima"},"elements":[{"from":[3.591082,5.1021757,-1.2674122],"to":[11.788573,8.828308,9.165758],"rotation":{"angle":0.0,"axis":"y","origin":[15.086503,53.212902,-6.0324535]},"faces":{"east":{"uv":[9.9375,7.0,10.53125,7.21875],"rotation":0,"texture":"#0","tintindex":0},"south":{"uv":[7.59375,13.125,7.1875,13.34375],"rotation":0,"texture":"#0","tintindex":0},"north":{"uv":[11.6875,9.1875,11.28125,9.40625],"rotation":0,"texture":"#0","tintindex":0},"west":{"uv":[9.9375,7.0,10.53125,7.21875],"rotation":0,"texture":"#0","tintindex":0},"up":{"uv":[9.65625,12.34375,10.0625,11.75],"rotation":0,"texture":"#0","tintindex":0},"down":{"uv":[11.875,1.25,12.28125,1.84375],"rotation":0,"texture":"#0","tintindex":0}}},{"from":[13.67653,5.0044813,1.3861814],"to":[16.657436,7.2401605,4.367087],"rotation":{"angle":-22.5,"axis":"y","origin":[13.800523,4.14878,-4.460184]},"faces":{"east":{"uv":[2.84375,14.0,3.03125,14.125],"rotation":0,"texture":"#0","tintindex":0},"south":{"uv":[4.625,14.15625,4.75,14.28125],"rotation":0,"texture":"#0","tintindex":0},"north":{"uv":[3.9375,14.15625,3.8125,14.28125],"rotation":0,"texture":"#0","tintindex":0},"west":{"uv":[3.0625,14.0,3.25,14.125],"rotation":0,"texture":"#0","tintindex":0},"up":{"uv":[3.28125,14.1875,3.40625,14.0],"rotation":0,"texture":"#0","tintindex":0},"down":{"uv":[3.5625,14.0,3.4375,14.1875],"rotation":0,"texture":"#0","tintindex":0}}},{"from":[14.126278,5.2764425,-1.3255005],"to":[16.361958,6.7668953,2.4006224],"rotation":{"angle":-22.5,"axis":"y","origin":[13.800523,4.14878,-4.460184]},"faces":{"east":{"uv":[14.09375,1.5625,14.3125,1.65625],"rotation":0,"texture":"#0","tintindex":0},"south":{"uv":[14.1875,7.875,14.3125,7.96875],"rotation":0,"texture":"#0","tintindex":0},"north":{"uv":[3.40625,14.21875,3.5,14.3125],"rotation":0,"texture":"#0","tintindex":0},"west":{"uv":[14.09375,1.6875,14.3125,1.78125],"rotation":0,"texture":"#0","tintindex":0},"up":{"uv":[9.8125,14.3125,9.90625,14.09375],"rotation":0,"texture":"#0","tintindex":0},"down":{"uv":[14.1875,7.0,14.09375,7.21875],"rotation":0,"texture":"#0","tintindex":0}}},{"from":[2.6845446,5.564246,-3.6437807],"to":[5.66545,7.7999253,-0.6628752],"rotation":{"angle":0.0,"axis":"y","origin":[15.086503,53.212902,-6.0324535]},"faces":{"east":{"uv":[2.84375,14.0,3.03125,14.125],"rotation":0,"texture":"#0","tintindex":0},"south":{"uv":[4.625,14.15625,4.75,14.28125],"rotation":0,"texture":"#0","tintindex":0},"north":{"uv":[3.9375,14.15625,3.8125,14.28125],"rotation":0,"texture":"#0","tintindex":0},"west":{"uv":[3.0625,14.0,3.25,14.125],"rotation":0,"texture":"#0","tintindex":0},"up":{"uv":[3.28125,14.1875,3.40625,14.0],"rotation":0,"texture":"#0","tintindex":0},"down":{"uv":[3.5625,14.0,3.4375,14.1875],"rotation":0,"texture":"#0","tintindex":0}}},{"from":[3.134293,3.4132004,-4.8653975],"to":[5.369972,4.903653,-1.1392651],"rotation":{"angle":-22.5,"axis":"x","origin":[2.808432,2.2857141,-8.0]},"faces":{"east":{"uv":[14.09375,1.5625,14.3125,1.65625],"rotation":0,"texture":"#0","tintindex":0},"south":{"uv":[14.1875,8.125,14.3125,8.21875],"rotation":0,"texture":"#0","tintindex":0},"north":{"uv":[3.5,14.21875,3.40625,14.3125],"rotation":0,"texture":"#0","tintindex":0},"west":{"uv":[14.09375,1.6875,14.3125,1.78125],"rotation":0,"texture":"#0","tintindex":0},"up":{"uv":[9.8125,14.3125,9.90625,14.09375],"rotation":0,"texture":"#0","tintindex":0},"down":{"uv":[14.1875,7.0,14.09375,7.21875],"rotation":0,"texture":"#0","tintindex":0}}},{"from":[6.115304,3.4132004,-5.4242907],"to":[8.350984,4.903653,-1.6981583],"rotation":{"angle":-22.5,"axis":"x","origin":[5.789338,2.2857141,-8.558912]},"faces":{"east":{"uv":[14.09375,1.5625,14.3125,1.65625],"rotation":0,"texture":"#0","tintindex":0},"south":{"uv":[14.1875,8.375,14.3125,8.46875],"rotation":0,"texture":"#0","tintindex":0},"north":{"uv":[3.5,14.21875,3.40625,14.3125],"rotation":0,"texture":"#0","tintindex":0},"west":{"uv":[14.09375,1.6875,14.3125,1.78125],"rotation":0,"texture":"#0","tintindex":0},"up":{"uv":[9.8125,14.3125,9.90625,14.09375],"rotation":0,"texture":"#0","tintindex":0},"down":{"uv":[14.1875,7.0,14.09375,7.21875],"rotation":0,"texture":"#0","tintindex":0}}},{"from":[5.665556,5.564246,-4.2026567],"to":[8.6464615,7.7999253,-1.2217512],"rotation":{"angle":0.0,"axis":"y","origin":[15.086503,53.212902,-6.0324535]},"faces":{"east":{"uv":[2.84375,14.0,3.03125,14.125],"rotation":0,"texture":"#0","tintindex":0},"south":{"uv":[4.625,14.15625,4.75,14.28125],"rotation":0,"texture":"#0","tintindex":0},"north":{"uv":[3.9375,14.15625,3.8125,14.28125],"rotation":0,"texture":"#0","tintindex":0},"west":{"uv":[3.0625,14.0,3.25,14.125],"rotation":0,"texture":"#0","tintindex":0},"up":{"uv":[3.28125,14.1875,3.40625,14.0],"rotation":0,"texture":"#0","tintindex":0},"down":{"uv":[3.5625,14.0,3.4375,14.1875],"rotation":0,"texture":"#0","tintindex":0}}},{"from":[9.018864,5.564246,-3.6437807],"to":[11.99977,7.7999253,-0.6628752],"rotation":{"angle":0.0,"axis":"y","origin":[15.086503,53.212902,-6.0324535]},"faces":{"east":{"uv":[2.84375,14.0,3.03125,14.125],"rotation":0,"texture":"#0","tintindex":0},"south":{"uv":[4.625,14.15625,4.75,14.28125],"rotation":0,"texture":"#0","tintindex":0},"north":{"uv":[3.9375,14.15625,3.8125,14.28125],"rotation":0,"texture":"#0","tintindex":0},"west":{"uv":[3.0625,14.0,3.25,14.125],"rotation":0,"texture":"#0","tintindex":0},"up":{"uv":[3.28125,14.1875,3.40625,14.0],"rotation":0,"texture":"#0","tintindex":0},"down":{"uv":[3.5625,14.0,3.4375,14.1875],"rotation":0,"texture":"#0","tintindex":0}}},{"from":[9.468613,3.4132004,-4.8653975],"to":[11.704291,4.903653,-1.1392651],"rotation":{"angle":-22.5,"axis":"x","origin":[9.142858,2.2857141,-8.0]},"faces":{"east":{"uv":[14.09375,1.5625,14.3125,1.65625],"rotation":0,"texture":"#0","tintindex":0},"south":{"uv":[14.1875,8.625,14.3125,8.71875],"rotation":0,"texture":"#0","tintindex":0},"north":{"uv":[3.40625,14.21875,3.5,14.3125],"rotation":0,"texture":"#0","tintindex":0},"west":{"uv":[14.09375,1.6875,14.3125,1.78125],"rotation":0,"texture":"#0","tintindex":0},"up":{"uv":[9.8125,14.3125,9.90625,14.09375],"rotation":0,"texture":"#0","tintindex":0},"down":{"uv":[14.1875,7.0,14.09375,7.21875],"rotation":0,"texture":"#0","tintindex":0}}}],"display":{"head":{"translation":[0.0,-6.4,0.0],"scale":[4.0,4.0,4.0]}}}