{"textures":{"0":"modelengine:entity/smolderinghshadowanima"},"elements":[{"from":[4.5384755,-0.006877899,4.9429274],"to":[10.500287,9.6810665,10.904775],"rotation":{"angle":0.0,"axis":"y","origin":[15.428572,45.714287,-33.714287]},"faces":{"east":{"uv":[12.375,6.1875,12.0,6.78125],"rotation":0,"texture":"#0","tintindex":0},"south":{"uv":[12.0,6.1875,12.375,6.78125],"rotation":0,"texture":"#0","tintindex":0},"north":{"uv":[12.0,6.1875,12.375,6.78125],"rotation":0,"texture":"#0","tintindex":0},"west":{"uv":[0.78125,11.96875,0.40625,12.5625],"rotation":0,"texture":"#0","tintindex":0},"up":{"uv":[4.03125,12.46875,4.40625,12.875],"rotation":0,"texture":"#0","tintindex":0},"down":{"uv":[4.03125,12.46875,4.40625,12.875],"rotation":0,"texture":"#0","tintindex":0}}}],"display":{"head":{"translation":[0.0,-6.4,0.0],"scale":[4.0,4.0,4.0]}}}