{"textures":{"0":"modelengine:entity/smolderinghshadowanima"},"elements":[{"from":[1.1468105,6.263884,-6.7258663],"to":[30.63786,6.2726855,32.0],"rotation":{"angle":0.0,"axis":"y","origin":[42.59933,22.726778,-17.731934]},"faces":{"east":{"uv":[12.65625,12.59375,15.0625,12.625],"rotation":0,"texture":"#0","tintindex":0},"south":{"uv":[13.0,6.75,15.1875,6.78125],"rotation":0,"texture":"#0","tintindex":0},"north":{"uv":[13.0,6.6875,15.1875,6.71875],"rotation":0,"texture":"#0","tintindex":0},"west":{"uv":[12.8125,5.875,15.21875,5.90625],"rotation":0,"texture":"#0","tintindex":0},"up":{"uv":[0.0,6.84375,2.1875,4.4375],"rotation":0,"texture":"#0","tintindex":0},"down":{"uv":[0.0,4.4375,2.1875,6.84375],"rotation":0,"texture":"#0","tintindex":0}}},{"from":[17.856785,4.1189995,-10.557087],"to":[23.03197,8.259147,11.178684],"rotation":{"angle":-22.5,"axis":"y","origin":[20.268631,8.25875,9.521482]},"faces":{"east":{"uv":[10.65625,10.09375,12.0,10.34375],"rotation":0,"texture":"#0","tintindex":0},"south":{"uv":[6.03125,13.25,6.34375,13.5],"rotation":0,"texture":"#0","tintindex":0},"north":{"uv":[3.15625,13.25,3.46875,13.5],"rotation":0,"texture":"#0","tintindex":0},"west":{"uv":[10.65625,10.09375,12.0,10.34375],"rotation":0,"texture":"#0","tintindex":0},"up":{"uv":[5.03125,11.53125,5.34375,10.1875],"rotation":0,"texture":"#0","tintindex":0},"down":{"uv":[5.34375,11.53125,5.03125,10.1875],"rotation":0,"texture":"#0","tintindex":0}}},{"from":[6.4020233,5.2288475,6.854574],"to":[9.5071335,7.298921,10.99472],"rotation":{"angle":22.5,"axis":"y","origin":[24.313616,22.726778,-22.303362]},"faces":{"east":{"uv":[9.78125,13.90625,9.59375,13.65625],"rotation":90,"texture":"#0","tintindex":0},"south":{"uv":[6.15625,14.15625,6.28125,14.28125],"rotation":0,"texture":"#0","tintindex":0},"north":{"uv":[6.15625,14.15625,6.28125,14.28125],"rotation":0,"texture":"#0","tintindex":0},"west":{"uv":[9.78125,13.90625,9.59375,13.65625],"rotation":90,"texture":"#0","tintindex":0},"up":{"uv":[9.59375,13.90625,9.78125,13.65625],"rotation":0,"texture":"#0","tintindex":0},"down":{"uv":[9.59375,13.90625,9.78125,13.65625],"rotation":0,"texture":"#0","tintindex":0}}},{"from":[22.0273,5.119447,10.694605],"to":[24.097374,7.189521,15.869787],"rotation":{"angle":45.0,"axis":"y","origin":[26.645456,5.2285833,14.014818]},"faces":{"east":{"uv":[9.9375,4.625,10.0625,4.3125],"rotation":90,"texture":"#0","tintindex":0},"south":{"uv":[6.15625,14.15625,6.28125,14.28125],"rotation":0,"texture":"#0","tintindex":0},"north":{"uv":[6.15625,14.15625,6.28125,14.28125],"rotation":0,"texture":"#0","tintindex":0},"west":{"uv":[9.9375,4.625,10.0625,4.3125],"rotation":90,"texture":"#0","tintindex":0},"up":{"uv":[9.9375,4.625,10.0625,4.3125],"rotation":0,"texture":"#0","tintindex":0},"down":{"uv":[9.9375,4.625,10.0625,4.3125],"rotation":0,"texture":"#0","tintindex":0}}},{"from":[3.0863857,3.86024,-7.6755304],"to":[7.226534,8.000387,14.060242],"rotation":{"angle":45.0,"axis":"y","origin":[5.2605896,8.0,-6.2628374]},"faces":{"east":{"uv":[10.625,6.25,11.96875,6.5],"rotation":0,"texture":"#0","tintindex":0},"south":{"uv":[3.75,13.375,4.0,13.625],"rotation":0,"texture":"#0","tintindex":0},"north":{"uv":[3.75,13.375,4.0,13.625],"rotation":0,"texture":"#0","tintindex":0},"west":{"uv":[10.625,6.25,11.96875,6.5],"rotation":0,"texture":"#0","tintindex":0},"up":{"uv":[7.0,11.5625,7.25,10.21875],"rotation":0,"texture":"#0","tintindex":0},"down":{"uv":[7.25,11.5625,7.0,10.21875],"rotation":0,"texture":"#0","tintindex":0}}},{"from":[-3.1918583,5.2288475,-12.093618],"to":[-1.1217842,7.298921,6.5370426],"rotation":{"angle":22.5,"axis":"y","origin":[27.742188,22.726778,-28.589077]},"faces":{"east":{"uv":[11.34375,12.5,11.21875,13.65625],"rotation":90,"texture":"#0","tintindex":0},"south":{"uv":[6.15625,14.15625,6.28125,14.28125],"rotation":0,"texture":"#0","tintindex":0},"north":{"uv":[6.15625,14.15625,6.28125,14.28125],"rotation":0,"texture":"#0","tintindex":0},"west":{"uv":[11.34375,13.65625,11.21875,12.5],"rotation":90,"texture":"#0","tintindex":0},"up":{"uv":[11.34375,13.65625,11.21875,12.5],"rotation":0,"texture":"#0","tintindex":0},"down":{"uv":[11.34375,13.65625,11.21875,12.5],"rotation":0,"texture":"#0","tintindex":0}}},{"from":[22.837055,5.119447,6.2373705],"to":[24.90713,7.189521,19.692848],"rotation":{"angle":45.0,"axis":"y","origin":[28.801817,5.2285833,23.362476]},"faces":{"east":{"uv":[2.8125,12.5625,2.6875,13.65625],"rotation":90,"texture":"#0","tintindex":0},"south":{"uv":[6.15625,14.15625,6.28125,14.28125],"rotation":0,"texture":"#0","tintindex":0},"north":{"uv":[6.15625,14.15625,6.28125,14.28125],"rotation":0,"texture":"#0","tintindex":0},"west":{"uv":[2.8125,13.65625,2.6875,12.5625],"rotation":90,"texture":"#0","tintindex":0},"up":{"uv":[2.8125,13.65625,2.6875,12.5625],"rotation":0,"texture":"#0","tintindex":0},"down":{"uv":[2.8125,13.65625,2.6875,12.5625],"rotation":0,"texture":"#0","tintindex":0}}},{"from":[-16.0,5.2288475,6.254076],"to":[-13.929928,7.298921,23.8497],"rotation":{"angle":22.5,"axis":"y","origin":[26.59933,22.726778,-29.731934]},"faces":{"east":{"uv":[2.8125,12.5625,2.6875,13.65625],"rotation":90,"texture":"#0","tintindex":0},"south":{"uv":[6.15625,14.15625,6.28125,14.28125],"rotation":0,"texture":"#0","tintindex":0},"north":{"uv":[6.15625,14.15625,6.28125,14.28125],"rotation":0,"texture":"#0","tintindex":0},"west":{"uv":[2.8125,13.65625,2.6875,12.5625],"rotation":90,"texture":"#0","tintindex":0},"up":{"uv":[2.8125,13.65625,2.6875,12.5625],"rotation":0,"texture":"#0","tintindex":0},"down":{"uv":[2.8125,13.65625,2.6875,12.5625],"rotation":0,"texture":"#0","tintindex":0}}},{"from":[1.3796196,5.2288475,-6.1449785],"to":[3.4496937,7.298921,19.73094],"rotation":{"angle":0.0,"axis":"y","origin":[5.351759,5.2285833,24.322067]},"faces":{"east":{"uv":[1.4375,12.09375,1.3125,13.6875],"rotation":90,"texture":"#0","tintindex":0},"south":{"uv":[6.15625,14.15625,6.28125,14.28125],"rotation":0,"texture":"#0","tintindex":0},"north":{"uv":[6.15625,14.15625,6.28125,14.28125],"rotation":0,"texture":"#0","tintindex":0},"west":{"uv":[1.4375,13.6875,1.3125,12.09375],"rotation":90,"texture":"#0","tintindex":0},"up":{"uv":[1.4375,13.6875,1.3125,12.09375],"rotation":0,"texture":"#0","tintindex":0},"down":{"uv":[1.4375,13.6875,1.3125,12.09375],"rotation":0,"texture":"#0","tintindex":0}}},{"from":[4.747198,4.970088,-11.035889],"to":[7.231287,7.4541764,-7.3097563],"rotation":{"angle":-45.0,"axis":"y","origin":[5.2605896,8.0,-6.2628374]},"faces":{"east":{"uv":[5.0625,12.15625,5.28125,12.3125],"rotation":0,"texture":"#0","tintindex":0},"south":{"uv":[2.65625,13.9375,2.8125,14.09375],"rotation":0,"texture":"#0","tintindex":0},"north":{"uv":[10.65625,13.46875,10.8125,13.625],"rotation":90,"texture":"#0","tintindex":0},"west":{"uv":[5.0625,12.15625,5.28125,12.3125],"rotation":180,"texture":"#0","tintindex":0},"up":{"uv":[5.0625,12.15625,5.28125,12.3125],"rotation":270,"texture":"#0","tintindex":0},"down":{"uv":[5.0625,12.15625,5.28125,12.3125],"rotation":90,"texture":"#0","tintindex":0}}},{"from":[5.350092,5.279895,-13.638443],"to":[6.9399033,6.869706,-10.905945],"rotation":{"angle":-45.0,"axis":"y","origin":[5.2605896,8.0,-6.2628374]},"faces":{"east":{"uv":[6.46875,9.03125,6.625,9.125],"rotation":0,"texture":"#0","tintindex":0},"south":{"uv":[13.9375,14.21875,14.03125,14.3125],"rotation":0,"texture":"#0","tintindex":0},"north":{"uv":[12.71875,14.21875,12.8125,14.3125],"rotation":0,"texture":"#0","tintindex":0},"west":{"uv":[6.46875,9.03125,6.625,9.125],"rotation":180,"texture":"#0","tintindex":0},"up":{"uv":[6.46875,9.03125,6.625,9.125],"rotation":270,"texture":"#0","tintindex":0},"down":{"uv":[6.625,9.03125,6.46875,9.125],"rotation":270,"texture":"#0","tintindex":0}}},{"from":[12.123596,5.233733,-8.783619],"to":[15.402586,6.3466,-7.670743],"rotation":{"angle":22.5,"axis":"y","origin":[5.2605896,8.0,-6.2628374]},"faces":{"east":{"uv":[10.1875,10.09375,10.25,10.15625],"rotation":0,"texture":"#0","tintindex":0},