{"textures":{"0":"modelengine:entity/smolderinghshadowanima"},"elements":[{"from":[6.448225,-5.11868,8.785495],"to":[14.645716,8.295396,16.982986],"rotation":{"angle":-22.5,"axis":"x","origin":[6.4480667,-4.586587,9.513885]},"faces":{"east":{"uv":[0.0,10.28125,0.5,11.125],"rotation":0,"texture":"#0","tintindex":0},"south":{"uv":[0.53125,10.28125,1.03125,11.125],"rotation":0,"texture":"#0","tintindex":0},"north":{"uv":[10.21875,8.59375,10.71875,9.4375],"rotation":0,"texture":"#0","tintindex":0},"west":{"uv":[1.0625,10.28125,1.5625,11.125],"rotation":0,"texture":"#0","tintindex":0},"up":{"uv":[1.96875,12.28125,1.46875,11.78125],"rotation":0,"texture":"#0","tintindex":0},"down":{"uv":[1.96875,12.28125,1.46875,11.78125],"rotation":0,"texture":"#0","tintindex":0}}}],"display":{"head":{"translation":[0.0,-6.4,0.0],"scale":[4.0,4.0,4.0]}}}