{"textures":{"0":"modelengine:entity/smolderinghshadowanima"},"elements":[{"from":[4.6856265,5.3752394,-0.60243416],"to":[11.392665,9.101372,9.085545],"rotation":{"angle":0.0,"axis":"y","origin":[16.030544,53.78433,-34.152237]},"faces":{"east":{"uv":[9.9375,7.0,10.53125,7.21875],"rotation":0,"texture":"#0","tintindex":0},"south":{"uv":[7.1875,13.125,7.59375,13.34375],"rotation":0,"texture":"#0","tintindex":0},"north":{"uv":[11.6875,9.1875,11.28125,9.40625],"rotation":0,"texture":"#0","tintindex":0},"west":{"uv":[9.9375,7.0,10.53125,7.21875],"rotation":0,"texture":"#0","tintindex":0},"up":{"uv":[9.65625,12.34375,10.0625,11.75],"rotation":0,"texture":"#0","tintindex":0},"down":{"uv":[11.875,1.25,12.28125,1.84375],"rotation":0,"texture":"#0","tintindex":0}}},{"from":[3.8926263,6.1356745,-3.0720882],"to":[6.128306,8.371354,-0.09116459],"rotation":{"angle":0.0,"axis":"y","origin":[16.030544,53.78433,-34.152237]},"faces":{"east":{"uv":[2.84375,14.0,3.03125,14.125],"rotation":0,"texture":"#0","tintindex":0},"south":{"uv":[4.625,14.15625,4.75,14.28125],"rotation":0,"texture":"#0","tintindex":0},"north":{"uv":[3.9375,14.15625,3.8125,14.28125],"rotation":0,"texture":"#0","tintindex":0},"west":{"uv":[3.0625,14.0,3.25,14.125],"rotation":0,"texture":"#0","tintindex":0},"up":{"uv":[3.28125,14.1875,3.40625,14.0],"rotation":0,"texture":"#0","tintindex":0},"down":{"uv":[3.5625,14.0,3.4375,14.1875],"rotation":0,"texture":"#0","tintindex":0}}},{"from":[4.342375,3.9846287,-4.2937136],"to":[5.8328276,5.4750814,-0.5675812],"rotation":{"angle":-22.5,"axis":"x","origin":[4.1250873,2.8571424,-7.4285717]},"faces":{"east":{"uv":[14.09375,1.5625,14.3125,1.65625],"rotation":0,"texture":"#0","tintindex":0},"south":{"uv":[3.28125,14.21875,3.375,14.3125],"rotation":0,"texture":"#0","tintindex":0},"north":{"uv":[3.5,14.21875,3.40625,14.3125],"rotation":0,"texture":"#0","tintindex":0},"west":{"uv":[14.09375,1.6875,14.3125,1.78125],"rotation":0,"texture":"#0","tintindex":0},"up":{"uv":[9.8125,14.3125,9.90625,14.09375],"rotation":0,"texture":"#0","tintindex":0},"down":{"uv":[14.1875,7.0,14.09375,7.21875],"rotation":0,"texture":"#0","tintindex":0}}},{"from":[7.136798,3.9846287,-4.852598],"to":[8.627251,5.4750814,-1.1264658],"rotation":{"angle":-22.5,"axis":"x","origin":[6.9196777,2.8571424,-7.9874573]},"faces":{"east":{"uv":[14.09375,1.5625,14.3125,1.65625],"rotation":0,"texture":"#0","tintindex":0},"south":{"uv":[12.59375,14.21875,12.6875,14.3125],"rotation":0,"texture":"#0","tintindex":0},"north":{"uv":[3.5,14.21875,3.40625,14.3125],"rotation":0,"texture":"#0","tintindex":0},"west":{"uv":[14.09375,1.6875,14.3125,1.78125],"rotation":0,"texture":"#0","tintindex":0},"up":{"uv":[9.8125,14.3125,9.90625,14.09375],"rotation":0,"texture":"#0","tintindex":0},"down":{"uv":[14.1875,7.0,14.09375,7.21875],"rotation":0,"texture":"#0","tintindex":0}}},{"from":[6.68705,6.1356745,-3.6309729],"to":[8.9227295,8.371354,-0.6500492],"rotation":{"angle":0.0,"axis":"y","origin":[16.030544,53.78433,-34.152237]},"faces":{"east":{"uv":[2.84375,14.0,3.03125,14.125],"rotation":0,"texture":"#0","tintindex":0},"south":{"uv":[4.625,14.15625,4.75,14.28125],"rotation":0,"texture":"#0","tintindex":0},"north":{"uv":[3.9375,14.15625,3.8125,14.28125],"rotation":0,"texture":"#0","tintindex":0},"west":{"uv":[3.0625,14.0,3.25,14.125],"rotation":0,"texture":"#0","tintindex":0},"up":{"uv":[3.28125,14.1875,3.40625,14.0],"rotation":0,"texture":"#0","tintindex":0},"down":{"uv":[3.5625,14.0,3.4375,14.1875],"rotation":0,"texture":"#0","tintindex":0}}},{"from":[9.481473,6.1356745,-3.0720882],"to":[11.717153,8.371354,-0.09116459],"rotation":{"angle":0.0,"axis":"y","origin":[16.030544,53.78433,-34.152237]},"faces":{"east":{"uv":[2.84375,14.0,3.03125,14.125],"rotation":0,"texture":"#0","tintindex":0},"south":{"uv":[4.625,14.15625,4.75,14.28125],"rotation":0,"texture":"#0","tintindex":0},"north":{"uv":[3.9375,14.15625,3.8125,14.28125],"rotation":0,"texture":"#0","tintindex":0},"west":{"uv":[3.0625,14.0,3.25,14.125],"rotation":0,"texture":"#0","tintindex":0},"up":{"uv":[3.28125,14.1875,3.40625,14.0],"rotation":0,"texture":"#0","tintindex":0},"down":{"uv":[3.5625,14.0,3.4375,14.1875],"rotation":0,"texture":"#0","tintindex":0}}},{"from":[9.931221,3.9846287,-4.2937136],"to":[11.421674,5.4750814,-0.5675812],"rotation":{"angle":-22.5,"axis":"x","origin":[9.714286,2.8571424,-7.4285717]},"faces":{"east":{"uv":[14.09375,1.5625,14.3125,1.65625],"rotation":0,"texture":"#0","tintindex":0},"south":{"uv":[12.0,14.21875,12.09375,14.3125],"rotation":0,"texture":"#0","tintindex":0},"north":{"uv":[3.5,14.21875,3.40625,14.3125],"rotation":0,"texture":"#0","tintindex":0},"west":{"uv":[14.09375,1.6875,14.3125,1.78125],"rotation":0,"texture":"#0","tintindex":0},"up":{"uv":[9.8125,14.3125,9.90625,14.09375],"rotation":0,"texture":"#0","tintindex":0},"down":{"uv":[14.1875,7.0,14.09375,7.21875],"rotation":0,"texture":"#0","tintindex":0}}}],"display":{"head":{"translation":[0.0,-6.4,0.0],"scale":[4.0,4.0,4.0]}}}