{"textures":{"0":"modelengine:entity/smolderinghshadowanima"},"elements":[{"from":[2.6712155,-1.0135164,-0.58151627],"to":[10.12348,11.6553335,9.851671],"rotation":{"angle":22.5,"axis":"x","origin":[2.671629,-0.3635559,0.40933752]},"faces":{"east":{"uv":[3.0625,9.875,3.71875,10.65625],"rotation":0,"texture":"#0","tintindex":0},"south":{"uv":[3.28125,10.6875,2.8125,11.46875],"rotation":0,"texture":"#0","tintindex":0},"north":{"uv":[11.125,10.65625,10.65625,11.4375],"rotation":0,"texture":"#0","tintindex":0},"west":{"uv":[6.59375,8.21875,5.9375,9.0],"rotation":0,"texture":"#0","tintindex":0},"up":{"uv":[10.125,11.71875,9.65625,11.0625],"rotation":0,"texture":"#0","tintindex":0},"down":{"uv":[9.65625,11.71875,10.125,11.0625],"rotation":0,"texture":"#0","tintindex":0}}},{"from":[3.4166884,-10.561201,-1.0532684],"to":[9.3785,-3.854165,10.125129],"rotation":{"angle":45.0,"axis":"x","origin":[3.4168553,-10.424103,10.097317]},"faces":{"east":{"uv":[11.28125,8.75,11.96875,9.15625],"rotation":0,"texture":"#0","tintindex":0},"south":{"uv":[4.03125,12.46875,4.40625,12.875],"rotation":0,"texture":"#0","tintindex":0},"north":{"uv":[4.03125,12.46875,4.40625,12.875],"rotation":0,"texture":"#0","tintindex":0},"west":{"uv":[11.84375,10.65625,11.15625,11.0625],"rotation":0,"texture":"#0","tintindex":0},"up":{"uv":[11.71875,9.875,12.09375,9.1875],"rotation":0,"texture":"#0","tintindex":0},"down":{"uv":[11.71875,9.875,12.09375,9.1875],"rotation":0,"texture":"#0","tintindex":0}}}],"display":{"head":{"translation":[0.0,-6.4,0.0],"scale":[4.0,4.0,4.0]}}}