{"textures":{"0":"modelengine:entity/smolderinghshadowanima"},"elements":[{"from":[-11.643341,7.0212417,2.3905582],"to":[14.232576,9.091315,4.4606314],"rotation":{"angle":22.5,"axis":"y","origin":[-16.23402,7.073235,6.362072]},"faces":{"east":{"uv":[6.15625,14.15625,6.28125,14.28125],"rotation":0,"texture":"#0","tintindex":0},"south":{"uv":[12.125,9.625,13.71875,9.75],"rotation":0,"texture":"#0","tintindex":0},"north":{"uv":[13.71875,9.75,12.125,9.625],"rotation":0,"texture":"#0","tintindex":0},"west":{"uv":[6.15625,14.15625,6.28125,14.28125],"rotation":0,"texture":"#0","tintindex":0},"up":{"uv":[13.71875,9.75,12.125,9.625],"rotation":0,"texture":"#0","tintindex":0},"down":{"uv":[13.71875,9.75,12.125,9.625],"rotation":0,"texture":"#0","tintindex":0}}},{"from":[-12.883228,7.073499,-8.736095],"to":[12.992691,9.143573,-6.6660223],"rotation":{"angle":0.0,"axis":"y","origin":[45.714287,24.57143,-18.355064]},"faces":{"east":{"uv":[6.15625,14.15625,6.28125,14.28125],"rotation":0,"texture":"#0","tintindex":0},"south":{"uv":[13.71875,8.65625,12.125,8.53125],"rotation":0,"texture":"#0","tintindex":0},"north":{"uv":[13.71875,8.65625,12.125,8.53125],"rotation":0,"texture":"#0","tintindex":0},"west":{"uv":[6.15625,14.15625,6.28125,14.28125],"rotation":0,"texture":"#0","tintindex":0},"up":{"uv":[13.71875,8.65625,12.125,8.53125],"rotation":0,"texture":"#0","tintindex":0},"down":{"uv":[13.71875,8.65625,12.125,8.53125],"rotation":0,"texture":"#0","tintindex":0}}},{"from":[-13.739819,8.144621,-7.605995],"to":[9.005704,8.153422,32.0],"rotation":{"angle":0.0,"axis":"y","origin":[45.14286,24.57143,-18.355064]},"faces":{"east":{"uv":[12.3125,2.8125,14.78125,2.84375],"rotation":0,"texture":"#0","tintindex":0},"south":{"uv":[13.5,11.1875,14.59375,11.21875],"rotation":0,"texture":"#0","tintindex":0},"north":{"uv":[13.375,5.46875,14.46875,5.5],"rotation":0,"texture":"#0","tintindex":0},"west":{"uv":[12.3125,2.875,14.78125,2.90625],"rotation":0,"texture":"#0","tintindex":0},"up":{"uv":[7.75,9.125,6.65625,6.65625],"rotation":0,"texture":"#0","tintindex":0},"down":{"uv":[7.75,6.65625,6.65625,9.125],"rotation":0,"texture":"#0","tintindex":0}}}],"display":{"head":{"translation":[0.0,-6.4,66.56311],"scale":[4.0,4.0,4.0]}}}