{"textures":{"0":"modelengine:entity/smolderinghshadowanima"},"elements":[{"from":[2.9310231,19.385042,5.725231],"to":[12.768009,26.539213,15.562217],"rotation":{"angle":0.0,"axis":"y","origin":[7.8439765,27.503391,5.743714]},"faces":{"east":{"uv":[11.78125,11.625,11.15625,12.0625],"rotation":0,"texture":"#0","tintindex":0},"south":{"uv":[0.8125,11.625,1.4375,12.0625],"rotation":0,"texture":"#0","tintindex":0},"north":{"uv":[11.5,0.625,12.125,1.0625],"rotation":0,"texture":"#0","tintindex":0},"west":{"uv":[11.15625,11.625,11.78125,12.0625],"rotation":0,"texture":"#0","tintindex":0},"up":{"uv":[11.25,2.0,10.625,1.375],"rotation":0,"texture":"#0","tintindex":0},"down":{"uv":[11.25,5.59375,10.625,6.21875],"rotation":0,"texture":"#0","tintindex":0}}},{"from":[2.459321,15.944601,5.2913256],"to":[13.190575,23.098774,16.02258],"rotation":{"angle":22.5,"axis":"x","origin":[2.4592505,23.301899,5.19209]},"faces":{"east":{"uv":[11.8125,3.5625,11.15625,4.0],"rotation":0,"texture":"#0","tintindex":0},"south":{"uv":[11.15625,11.15625,11.8125,11.59375],"rotation":0,"texture":"#0","tintindex":0},"north":{"uv":[4.8125,2.21875,5.46875,2.65625],"rotation":0,"texture":"#0","tintindex":0},"west":{"uv":[11.15625,3.5625,11.8125,4.0],"rotation":0,"texture":"#0","tintindex":0},"up":{"uv":[10.78125,5.5625,10.125,4.90625],"rotation":0,"texture":"#0","tintindex":0},"down":{"uv":[9.75,10.1875,9.09375,10.84375],"rotation":0,"texture":"#0","tintindex":0}}},{"from":[2.0122132,8.5664425,1.7223845],"to":[13.637745,15.720615,13.347916],"rotation":{"angle":0.0,"axis":"y","origin":[7.8439765,27.503391,5.743714]},"faces":{"east":{"uv":[11.75,4.0625,11.03125,4.5],"rotation":0,"texture":"#0","tintindex":0},"south":{"uv":[11.03125,3.09375,11.75,3.53125],"rotation":0,"texture":"#0","tintindex":0},"north":{"uv":[9.09375,7.25,9.8125,7.6875],"rotation":0,"texture":"#0","tintindex":0},"west":{"uv":[11.03125,4.0625,11.75,4.5],"rotation":0,"texture":"#0","tintindex":0},"up":{"uv":[10.15625,10.15625,9.4375,9.4375],"rotation":0,"texture":"#0","tintindex":0},"down":{"uv":[10.5625,7.25,9.84375,7.96875],"rotation":0,"texture":"#0","tintindex":0}}},{"from":[2.4738803,5.137889,-2.8490438],"to":[13.527983,11.720633,8.205058],"rotation":{"angle":-22.5,"axis":"x","origin":[8.415405,24.07482,1.1722851]},"faces":{"east":{"uv":[11.75,4.0625,11.03125,4.5],"rotation":0,"texture":"#0","tintindex":0},"south":{"uv":[11.03125,3.09375,11.75,3.53125],"rotation":0,"texture":"#0","tintindex":0},"north":{"uv":[9.09375,7.25,9.8125,7.6875],"rotation":0,"texture":"#0","tintindex":0},"west":{"uv":[11.03125,4.0625,11.75,4.5],"rotation":0,"texture":"#0","tintindex":0},"up":{"uv":[10.15625,10.15625,9.4375,9.4375],"rotation":0,"texture":"#0","tintindex":0},"down":{"uv":[10.5625,7.25,9.84375,7.96875],"rotation":0,"texture":"#0","tintindex":0}}}],"display":{"head":{"translation":[0.0,-6.4,0.0],"scale":[4.0,4.0,4.0]}}}