{"textures":{"0":"modelengine:entity/smolderinghshadowanima"},"elements":[{"from":[7.728835,11.04182,-3.9890804],"to":[7.7376366,20.098392,21.886839],"rotation":{"angle":22.5,"axis":"x","origin":[7.729108,11.041801,-3.989521]},"faces":{"east":{"uv":[10.40625,5.59375,8.8125,6.15625],"rotation":0,"texture":"#0","tintindex":0},"south":{"uv":[9.09375,14.125,9.125,14.6875],"rotation":0,"texture":"#0","tintindex":0},"north":{"uv":[7.5625,14.125,7.59375,14.6875],"rotation":0,"texture":"#0","tintindex":0},"west":{"uv":[8.8125,5.59375,10.40625,6.15625],"rotation":0,"texture":"#0","tintindex":0}}},{"from":[4.5805984,8.698904,-2.1416807],"to":[10.54241,13.170263,6.801001],"rotation":{"angle":22.5,"axis":"x","origin":[3.7110972,7.0149894,-8.893536]},"faces":{"east":{"uv":[12.40625,6.5,12.96875,6.78125],"rotation":0,"texture":"#0","tintindex":0},"south":{"uv":[12.96875,10.625,13.34375,10.90625],"rotation":0,"texture":"#0","tintindex":0},"north":{"uv":[12.96875,6.15625,13.34375,6.4375],"rotation":0,"texture":"#0","tintindex":0},"west":{"uv":[12.40625,6.5,12.96875,6.78125],"rotation":0,"texture":"#0","tintindex":0},"up":{"uv":[7.15625,12.65625,6.78125,12.09375],"rotation":0,"texture":"#0","tintindex":0},"down":{"uv":[11.03125,12.09375,10.65625,12.65625],"rotation":0,"texture":"#0","tintindex":0}}},{"from":[-0.43704128,4.430258,4.0214562],"to":[4.810595,5.982813,5.5740113],"rotation":{"angle":-22.5,"axis":"z","origin":[6.5445104,6.0808773,21.908318]},"faces":{"east":{"uv":[1.9375,14.25,2.03125,14.34375],"rotation":0,"texture":"#0","tintindex":0},"south":{"uv":[12.125,13.9375,12.4375,13.84375],"rotation":0,"texture":"#0","tintindex":0},"north":{"uv":[12.4375,13.9375,12.125,13.84375],"rotation":0,"texture":"#0","tintindex":0},"west":{"uv":[14.21875,0.59375,14.3125,0.6875],"rotation":0,"texture":"#0","tintindex":0},"up":{"uv":[12.125,13.9375,12.4375,13.84375],"rotation":0,"texture":"#0","tintindex":0},"down":{"uv":[12.125,13.9375,12.4375,13.84375],"rotation":0,"texture":"#0","tintindex":0}}},{"from":[-6.3777275,2.26689,4.183401],"to":[0.58419514,3.2605257,5.1770716],"rotation":{"angle":-45.0,"axis":"z","origin":[6.5445104,6.0808773,21.908318]},"faces":{"east":{"uv":[1.71875,13.5,1.78125,13.5625],"rotation":0,"texture":"#0","tintindex":0},"south":{"uv":[6.15625,11.875,5.84375,11.8125],"rotation":0,"texture":"#0","tintindex":0},"north":{"uv":[6.15625,11.875,5.84375,11.8125],"rotation":0,"texture":"#0","tintindex":0},"west":{"uv":[6.125,12.875,6.1875,12.9375],"rotation":0,"texture":"#0","tintindex":0},"up":{"uv":[6.15625,11.875,5.84375,11.8125],"rotation":0,"texture":"#0","tintindex":0},"down":{"uv":[6.15625,11.875,5.84375,11.8125],"rotation":0,"texture":"#0","tintindex":0}}},{"from":[14.507613,10.515499,4.183401],"to":[20.898115,11.509135,5.1770716],"rotation":{"angle":45.0,"axis":"z","origin":[18.835571,10.285714,11.428571]},"faces":{"east":{"uv":[6.125,12.875,6.1875,12.9375],"rotation":0,"texture":"#0","tintindex":0},"south":{"uv":[6.15625,11.875,5.84375,11.8125],"rotation":0,"texture":"#0","tintindex":0},"north":{"uv":[6.15625,11.875,5.84375,11.8125],"rotation":0,"texture":"#0","tintindex":0},"west":{"uv":[6.9375,13.25,7.0,13.3125],"rotation":0,"texture":"#0","tintindex":0},"up":{"uv":[6.15625,11.875,5.84375,11.8125],"rotation":0,"texture":"#0","tintindex":0},"down":{"uv":[6.15625,11.875,5.84375,11.8125],"rotation":0,"texture":"#0","tintindex":0}}},{"from":[9.266419,8.634655,4.0214562],"to":[14.514065,10.18721,5.5740113],"rotation":{"angle":22.5,"axis":"z","origin":[18.835571,10.285714,11.428571]},"faces":{"east":{"uv":[14.21875,0.59375,14.3125,0.6875],"rotation":0,"texture":"#0","tintindex":0},"south":{"uv":[12.4375,13.9375,12.125,13.84375],"rotation":0,"texture":"#0","tintindex":0},"north":{"uv":[12.125,13.9375,12.4375,13.84375],"rotation":0,"texture":"#0","tintindex":0},"west":{"uv":[14.21875,0.71875,14.3125,0.8125],"rotation":0,"texture":"#0","tintindex":0},"up":{"uv":[12.4375,13.9375,12.125,13.84375],"rotation":0,"texture":"#0","tintindex":0},"down":{"uv":[12.4375,13.9375,12.125,13.84375],"rotation":0,"texture":"#0","tintindex":0}}},{"from":[5.294387,2.9208298,6.4290566],"to":[9.765745,5.9017353,15.371739],"rotation":{"angle":0.0,"axis":"y","origin":[6.8601437,46.76379,-64.49472]},"faces":{"east":{"uv":[13.0,6.46875,13.5625,6.65625],"rotation":0,"texture":"#0","tintindex":0},"south":{"uv":[0.21875,13.5625,0.5,13.75],"rotation":0,"texture":"#0","tintindex":0},"north":{"uv":[10.3125,10.09375,10.59375,10.28125],"rotation":0,"texture":"#0","tintindex":0},"west":{"uv":[13.0,6.46875,13.5625,6.65625],"rotation":0,"texture":"#0","tintindex":0},"up":{"uv":[9.875,12.9375,9.59375,12.375],"rotation":0,"texture":"#0","tintindex":0},"down":{"uv":[3.15625,12.4375,2.875,13.0],"rotation":0,"texture":"#0","tintindex":0}}},{"from":[2.0440621,2.489564,12.226281],"to":[6.3178935,4.042119,13.778836],"rotation":{"angle":-22.5,"axis":"z","origin":[8.485205,6.0808773,22.479746]},"faces":{"east":{"uv":[14.21875,9.84375,14.3125,9.9375],"rotation":0,"texture":"#0","tintindex":0},"south":{"uv":[12.125,13.9375,12.4375,13.84375],"rotation":0,"texture":"#0","tintindex":0},"north":{"uv":[12.4375,13.9375,12.125,13.84375],"rotation":0,"texture":"#0","tintindex":0},"west":{"uv":[14.21875,0.59375,14.3125,0.6875],"rotation":0,"texture":"#0","tintindex":0},"up":{"uv":[12.125,13.9375,12.4375,13.84375],"rotation":0,"texture":"#0","tintindex":0},"down":{"uv":[12.125,13.9375,12.4375,13.84375],"rotation":0,"texture":"#0","tintindex":0}}},{"from":[-1.9752846,-1.5005245,12.3882265],"to":[4.0128326,-0.50688934,13.381896],"rotation":{"angle":-45.0,"axis":"z","origin":[10.770919,4.93802,22.479746]},"faces":{"east":{"uv":[12.625,13.40625,12.6875,13.46875],"rotation":0,"texture":"#0","tintindex":0},"south":{"uv":[6.15625,11.875,5.84375,11.8125],"rotation":0,"texture":"#0","tintindex":0},"north":{"uv":[6.15625,11.875,5.84375,11.8125],"rotation":0,"texture":"#0","tintindex":0},"west":{"uv":[6.125,12.875,6.1875,12.9375],"rotation":0,"texture":"#0","tintindex":0},"up":{"uv":[6.15625,11.875,5.84375,11.8125],"rotation":0,"texture":"#0","tintindex":0},"down":{"uv":[6.15625,11.875,5.84375,11.8125],"rotation":0,"texture":"#0","tintindex":0}}},{"from":[7.844133,6.6939607,12.226281],"to":[12.689392,8.246516,13.778836],"rotation":{"angle":22.5,"axis":"z","origin":[16.57143,10.285714,11.999999]},"faces":{"east":{"uv":[14.21875,0.59375,14.3125,0.6875],"rotation":0,"texture":"#0","tintindex":0},"south":{"uv":[12.4375,13.9375,12.125,13.84375],"rotation":0,"texture":"#0","tintindex":0},"north":{"uv":[12.125,13.9375,12.4375,13.84375],"rotation":0,"texture":"#0","tintindex":0},"west":{"uv":[14.21875,7.125,14.3125,7.21875],"rotation":0,"texture":"#0","tintindex":0},"up":{"uv":[12.4375,13.9375,12.125,13.84375],"rotation":0,"texture":"#0","tintindex":0},"down":{"uv":[12.4375,13.9375,12.125,13.84375],"rotation":0,"texture":"#0","tintindex":0}}},{"from":[11.147487,7.3318353,12.3882265],"to":[17.135605,8.325471,13.381896],"rotation":{"angle":45.0,"axis":"z","origin":[14.857143,9.714286,11.999999]},"faces":{"east":{"uv":[6.125,12.875,6.1875,12.9375],"rotation":0,"texture":"#0","tintindex":0},"south":{"uv":[6.15625,11.875,5.84375,11.8125],"rotation":0,"texture":"#0","tintindex":0},"north":{"uv":[6.15625,11.875,5.84375,11.8125],"rotation":0,"texture":"#0","tintindex":0},"west":{"uv":[7.96875,13.40625,8.03125,13.46875],"rotation":0,"texture":"#0","tintindex":0},"up":{"uv":[6.15625,11.875,5.84375,11.8125],"rotation":0,"texture":"#0","tintindex":0},"down":{"uv":[6.15625,11.875,5.84375,11.8125],"rotation":0,"texture":"#0","tintindex":0}}},{"from":[6.0090547,3.0414076,15.097489],"to":[8.989961,5.277087,24.04017],"rotation":{"angle":0.0,"axis":"y","origin":[6.8601437,46.76379,-64.49472]},"faces":{"east":{"uv":[13.34375,13.1875,13.90625,13.3125],"rotation":0,"texture":"#0","tintindex":0},"south":{"uv":[14.03125,10.6875,14.21875,10.8125],"rotation":0,"texture":"#0","tintindex":0},"north":{"uv":[14.03125,10.53125,14.21875,10.65625],"rotation":0,