{"textures":{"0":"modelengine:entity/smolderinghshadowanima"},"elements":[{"from":[4.8332806,9.151873,-1.2840824],"to":[11.61484,11.387552,-1.275281],"rotation":{"angle":0.0,"axis":"y","origin":[8.0,7.428571,9.142858]},"faces":{"south":{"uv":[7.71875,9.15625,7.3125,9.28125],"rotation":0,"texture":"#0","tintindex":0},"north":{"uv":[7.3125,9.15625,7.71875,9.28125],"rotation":0,"texture":"#0","tintindex":0}}},{"from":[5.0427523,9.151873,-1.0966139],"to":[5.0515532,11.387552,7.846104],"rotation":{"angle":0.0,"axis":"y","origin":[8.0,7.428571,9.142858]},"faces":{"east":{"uv":[13.90625,13.34375,13.34375,13.46875],"rotation":0,"texture":"#0","tintindex":0},"west":{"uv":[13.34375,13.34375,13.90625,13.46875],"rotation":0,"texture":"#0","tintindex":0}}},{"from":[11.427239,8.965284,-1.0966139],"to":[11.436041,11.200964,7.846104],"rotation":{"angle":0.0,"axis":"y","origin":[8.0,7.428571,9.142858]},"faces":{"east":{"uv":[13.90625,13.34375,13.34375,13.46875],"rotation":0,"texture":"#0","tintindex":0},"west":{"uv":[13.34375,13.34375,13.90625,13.46875],"rotation":0,"texture":"#0","tintindex":0}}},{"from":[4.349207,7.660927,-1.4689093],"to":[12.099564,9.15138,8.219034],"rotation":{"angle":0.0,"axis":"y","origin":[8.0,7.428571,9.142858]},"faces":{"east":{"uv":[14.0,12.28125,13.40625,12.375],"rotation":0,"texture":"#0","tintindex":0},"south":{"uv":[13.6875,3.5625,14.15625,3.65625],"rotation":0,"texture":"#0","tintindex":0},"north":{"uv":[13.4375,11.65625,13.90625,11.75],"rotation":0,"texture":"#0","tintindex":0},"west":{"uv":[13.40625,12.28125,14.0,12.375],"rotation":0,"texture":"#0","tintindex":0},"up":{"uv":[11.125,12.0625,10.65625,11.46875],"rotation":0,"texture":"#0","tintindex":0},"down":{"uv":[11.96875,0.0,11.5,0.59375],"rotation":0,"texture":"#0","tintindex":0}}}],"display":{"head":{"translation":[0.0,-6.4,0.0],"scale":[4.0,4.0,4.0]}}}