{"textures":{"0":"modelengine:entity/smolderinghshadowanima"},"elements":[{"from":[-11.436174,8.000006,14.219473],"to":[3.7033901,9.449058,15.668525],"rotation":{"angle":-45.0,"axis":"y","origin":[-8.14513,8.0,14.32236]},"faces":{"east":{"uv":[6.15625,14.15625,6.28125,14.28125],"rotation":0,"texture":"#0","tintindex":0},"south":{"uv":[13.78125,4.3125,12.375,4.1875],"rotation":0,"texture":"#0","tintindex":0},"north":{"uv":[13.78125,4.3125,12.375,4.1875],"rotation":0,"texture":"#0","tintindex":0},"west":{"uv":[6.15625,14.15625,6.28125,14.28125],"rotation":0,"texture":"#0","tintindex":0},"up":{"uv":[13.78125,4.3125,12.375,4.1875],"rotation":0,"texture":"#0","tintindex":0},"down":{"uv":[13.78125,4.3125,12.375,4.1875],"rotation":0,"texture":"#0","tintindex":0}}},{"from":[-5.3408585,8.000006,22.056795],"to":[-3.8918076,9.449058,32.0],"rotation":{"angle":22.5,"axis":"y","origin":[0.5491781,8.0,11.605389]},"faces":{"east":{"uv":[10.03125,13.59375,9.90625,12.375],"rotation":90,"texture":"#0","tintindex":0},"south":{"uv":[6.15625,14.15625,6.28125,14.28125],"rotation":0,"texture":"#0","tintindex":0},"north":{"uv":[6.15625,14.15625,6.28125,14.28125],"rotation":0,"texture":"#0","tintindex":0},"west":{"uv":[10.03125,13.59375,9.90625,12.375],"rotation":90,"texture":"#0","tintindex":0},"up":{"uv":[10.03125,13.59375,9.90625,12.375],"rotation":0,"texture":"#0","tintindex":0},"down":{"uv":[10.03125,13.59375,9.90625,12.375],"rotation":0,"texture":"#0","tintindex":0}}},{"from":[-10.720131,8.724528,6.119694],"to":[15.295542,8.730689,29.61659],"rotation":{"angle":0.0,"axis":"y","origin":[-53.401062,20.235619,-2.1747704]},"faces":{"south":{"uv":[12.28125,7.28125,15.0,7.3125],"rotation":0,"texture":"#0","tintindex":0},"north":{"uv":[12.0625,5.34375,14.78125,5.375],"rotation":0,"texture":"#0","tintindex":0},"up":{"uv":[5.46875,4.9375,2.75,2.75],"rotation":0,"texture":"#0","tintindex":0},"down":{"uv":[5.46875,2.75,2.75,4.9375],"rotation":0,"texture":"#0","tintindex":0}}},{"from":[-10.70056,7.870488,5.6268196],"to":[6.612583,9.319539,7.0758715],"rotation":{"angle":-22.5,"axis":"y","origin":[-7.7828684,8.0,5.6280518]},"faces":{"east":{"uv":[6.15625,14.15625,6.28125,14.28125],"rotation":0,"texture":"#0","tintindex":0},"south":{"uv":[13.71875,8.03125,12.125,7.90625],"rotation":0,"texture":"#0","tintindex":0},"north":{"uv":[13.71875,8.03125,12.125,7.90625],"rotation":0,"texture":"#0","tintindex":0},"west":{"uv":[6.15625,14.15625,6.28125,14.28125],"rotation":0,"texture":"#0","tintindex":0},"up":{"uv":[13.71875,8.03125,12.125,7.90625],"rotation":0,"texture":"#0","tintindex":0},"down":{"uv":[13.71875,8.03125,12.125,7.90625],"rotation":0,"texture":"#0","tintindex":0}}},{"from":[12.597929,8.000006,3.2166624],"to":[32.0,9.449058,4.6657143],"rotation":{"angle":-45.0,"axis":"y","origin":[-0.35647964,8.0,-2.1605997]},"faces":{"east":{"uv":[6.15625,14.15625,6.28125,14.28125],"rotation":0,"texture":"#0","tintindex":0},"south":{"uv":[13.5,1.21875,11.5,1.09375],"rotation":0,"texture":"#0","tintindex":0},"north":{"uv":[13.5,1.21875,11.5,1.09375],"rotation":0,"texture":"#0","tintindex":0},"west":{"uv":[6.15625,14.15625,6.28125,14.28125],"rotation":0,"texture":"#0","tintindex":0},"up":{"uv":[13.5,1.21875,11.5,1.09375],"rotation":0,"texture":"#0","tintindex":0},"down":{"uv":[13.5,1.21875,11.5,1.09375],"rotation":0,"texture":"#0","tintindex":0}}}],"display":{"head":{"translation":[73.42592,-6.4,13.442398],"scale":[4.0,4.0,4.0]}}}