{"textures":{"0":"modelengine:entity/smolderinghshadowanima"},"elements":[{"from":[4.8845916,5.3752394,1.29844],"to":[11.59163,9.101372,10.98642],"rotation":{"angle":0.0,"axis":"y","origin":[-0.16561317,53.78433,-32.43795]},"faces":{"east":{"uv":[9.9375,7.0,10.53125,7.21875],"rotation":0,"texture":"#0","tintindex":0},"south":{"uv":[7.1875,13.125,7.59375,13.34375],"rotation":0,"texture":"#0","tintindex":0},"north":{"uv":[11.28125,9.1875,11.6875,9.40625],"rotation":0,"texture":"#0","tintindex":0},"west":{"uv":[10.53125,7.0,9.9375,7.21875],"rotation":0,"texture":"#0","tintindex":0},"up":{"uv":[10.0625,12.34375,9.65625,11.75],"rotation":0,"texture":"#0","tintindex":0},"down":{"uv":[12.28125,1.25,11.875,1.84375],"rotation":0,"texture":"#0","tintindex":0}}},{"from":[4.649596,6.1356745,-1.730979],"to":[6.8852754,8.371354,1.2499447],"rotation":{"angle":0.0,"axis":"y","origin":[-0.16561317,53.78433,-32.43795]},"faces":{"east":{"uv":[2.84375,14.0,3.03125,14.125],"rotation":0,"texture":"#0","tintindex":0},"south":{"uv":[4.625,14.15625,4.75,14.28125],"rotation":0,"texture":"#0","tintindex":0},"north":{"uv":[3.8125,14.15625,3.9375,14.28125],"rotation":0,"texture":"#0","tintindex":0},"west":{"uv":[3.0625,14.0,3.25,14.125],"rotation":0,"texture":"#0","tintindex":0},"up":{"uv":[3.40625,14.1875,3.28125,14.0],"rotation":0,"texture":"#0","tintindex":0},"down":{"uv":[3.5625,14.0,3.4375,14.1875],"rotation":0,"texture":"#0","tintindex":0}}},{"from":[5.1002245,3.9846287,-2.951724],"to":[6.5906773,5.4750814,0.77440834],"rotation":{"angle":-22.5,"axis":"x","origin":[4.882831,2.8571424,-6.0868473]},"faces":{"east":{"uv":[14.09375,1.5625,14.3125,1.65625],"rotation":0,"texture":"#0","tintindex":0},"south":{"uv":[14.1875,13.8125,14.28125,13.90625],"rotation":0,"texture":"#0","tintindex":0},"north":{"uv":[3.40625,14.21875,3.5,14.3125],"rotation":0,"texture":"#0","tintindex":0},"west":{"uv":[14.09375,1.6875,14.3125,1.78125],"rotation":0,"texture":"#0","tintindex":0},"up":{"uv":[9.90625,14.3125,9.8125,14.09375],"rotation":0,"texture":"#0","tintindex":0},"down":{"uv":[14.1875,7.0,14.09375,7.21875],"rotation":0,"texture":"#0","tintindex":0}}},{"from":[7.7080593,3.9846287,-3.1383123],"to":[9.198512,5.4750814,0.58782005],"rotation":{"angle":-22.5,"axis":"x","origin":[7.491115,2.8571424,-6.2731714]},"faces":{"east":{"uv":[14.09375,1.5625,14.3125,1.65625],"rotation":0,"texture":"#0","tintindex":0},"south":{"uv":[1.59375,14.21875,1.6875,14.3125],"rotation":0,"texture":"#0","tintindex":0},"north":{"uv":[3.40625,14.21875,3.5,14.3125],"rotation":0,"texture":"#0","tintindex":0},"west":{"uv":[14.09375,1.6875,14.3125,1.78125],"rotation":0,"texture":"#0","tintindex":0},"up":{"uv":[9.90625,14.3125,9.8125,14.09375],"rotation":0,"texture":"#0","tintindex":0},"down":{"uv":[14.1875,7.0,14.09375,7.21875],"rotation":0,"texture":"#0","tintindex":0}}},{"from":[7.2583113,6.1356745,-1.916687],"to":[9.49399,8.371354,1.0642366],"rotation":{"angle":0.0,"axis":"y","origin":[-0.16561317,53.78433,-32.43795]},"faces":{"east":{"uv":[2.84375,14.0,3.03125,14.125],"rotation":0,"texture":"#0","tintindex":0},"south":{"uv":[4.625,14.15625,4.75,14.28125],"rotation":0,"texture":"#0","tintindex":0},"north":{"uv":[3.8125,14.15625,3.9375,14.28125],"rotation":0,"texture":"#0","tintindex":0},"west":{"uv":[3.0625,14.0,3.25,14.125],"rotation":0,"texture":"#0","tintindex":0},"up":{"uv":[3.40625,14.1875,3.28125,14.0],"rotation":0,"texture":"#0","tintindex":0},"down":{"uv":[3.5625,14.0,3.4375,14.1875],"rotation":0,"texture":"#0","tintindex":0}}},{"from":[10.052726,6.1356745,-1.3578024],"to":[12.288404,8.371354,1.6231213],"rotation":{"angle":0.0,"axis":"y","origin":[-0.16561317,53.78433,-32.43795]},"faces":{"east":{"uv":[2.84375,14.0,3.03125,14.125],"rotation":0,"texture":"#0","tintindex":0},"south":{"uv":[4.625,14.15625,4.75,14.28125],"rotation":0,"texture":"#0","tintindex":0},"north":{"uv":[3.8125,14.15625,3.9375,14.28125],"rotation":0,"texture":"#0","tintindex":0},"west":{"uv":[3.0625,14.0,3.25,14.125],"rotation":0,"texture":"#0","tintindex":0},"up":{"uv":[3.40625,14.1875,3.28125,14.0],"rotation":0,"texture":"#0","tintindex":0},"down":{"uv":[3.5625,14.0,3.4375,14.1875],"rotation":0,"texture":"#0","tintindex":0}}},{"from":[10.503363,3.9846287,-2.5794277],"to":[11.993815,5.4750814,1.1467047],"rotation":{"angle":-22.5,"axis":"x","origin":[10.285714,2.8571424,-5.714287]},"faces":{"east":{"uv":[14.09375,1.5625,14.3125,1.65625],"rotation":0,"texture":"#0","tintindex":0},"south":{"uv":[9.5625,14.21875,9.65625,14.3125],"rotation":0,"texture":"#0","tintindex":0},"north":{"uv":[3.40625,14.21875,3.5,14.3125],"rotation":0,"texture":"#0","tintindex":0},"west":{"uv":[14.09375,1.6875,14.3125,1.78125],"rotation":0,"texture":"#0","tintindex":0},"up":{"uv":[9.90625,14.3125,9.8125,14.09375],"rotation":0,"texture":"#0","tintindex":0},"down":{"uv":[14.1875,7.0,14.09375,7.21875],"rotation":0,"texture":"#0","tintindex":0}}}],"display":{"head":{"translation":[0.0,-6.4,0.0],"scale":[4.0,4.0,4.0]}}}