{"textures":{"0":"modelengine:entity/smolderinghshadowanima"},"elements":[{"from":[30.55095,5.930503,13.388553],"to":[32.0,7.3795543,25.705488],"rotation":{"angle":-22.5,"axis":"y","origin":[0.7696161,18.295635,-13.894524]},"faces":{"east":{"uv":[2.8125,13.65625,2.6875,12.5625],"rotation":90,"texture":"#0","tintindex":0},"south":{"uv":[6.15625,14.15625,6.28125,14.28125],"rotation":0,"texture":"#0","tintindex":0},"north":{"uv":[6.15625,14.15625,6.28125,14.28125],"rotation":0,"texture":"#0","tintindex":0},"west":{"uv":[2.8125,13.65625,2.6875,12.5625],"rotation":90,"texture":"#0","tintindex":0},"up":{"uv":[2.8125,13.65625,2.6875,12.5625],"rotation":0,"texture":"#0","tintindex":0},"down":{"uv":[2.8125,13.65625,2.6875,12.5625],"rotation":0,"texture":"#0","tintindex":0}}},{"from":[18.05314,6.060021,5.1173844],"to":[19.502192,7.5090723,23.230528],"rotation":{"angle":0.0,"axis":"y","origin":[20.833138,6.0600147,26.444069]},"faces":{"east":{"uv":[1.4375,13.6875,1.3125,12.09375],"rotation":90,"texture":"#0","tintindex":0},"south":{"uv":[6.15625,14.15625,6.28125,14.28125],"rotation":0,"texture":"#0","tintindex":0},"north":{"uv":[6.15625,14.15625,6.28125,14.28125],"rotation":0,"texture":"#0","tintindex":0},"west":{"uv":[1.4375,13.6875,1.3125,12.09375],"rotation":90,"texture":"#0","tintindex":0},"up":{"uv":[1.4375,13.6875,1.3125,12.09375],"rotation":0,"texture":"#0","tintindex":0},"down":{"uv":[1.4375,13.6875,1.3125,12.09375],"rotation":0,"texture":"#0","tintindex":0}}},{"from":[-1.7528543,6.7845464,4.8918943],"to":[19.290878,6.7894754,32.0],"rotation":{"angle":0.0,"axis":"y","origin":[-11.230385,18.295635,-3.0945225]},"faces":{"south":{"uv":[13.0,0.53125,15.1875,0.5625],"rotation":0,"texture":"#0","tintindex":0},"north":{"uv":[12.8125,5.9375,15.0,5.96875],"rotation":0,"texture":"#0","tintindex":0},"up":{"uv":[2.1875,6.84375,0.0,4.4375],"rotation":0,"texture":"#0","tintindex":0},"down":{"uv":[2.1875,4.4375,0.0,6.84375],"rotation":0,"texture":"#0","tintindex":0}}},{"from":[0.8162265,5.930503,19.083132],"to":[2.2652779,7.3795543,28.501966],"rotation":{"angle":-45.0,"axis":"y","origin":[4.9916754,6.0600147,31.07046]},"faces":{"east":{"uv":[1.9375,13.59375,1.8125,12.75],"rotation":90,"texture":"#0","tintindex":0},"south":{"uv":[6.15625,14.15625,6.28125,14.28125],"rotation":0,"texture":"#0","tintindex":0},"north":{"uv":[6.15625,14.15625,6.28125,14.28125],"rotation":0,"texture":"#0","tintindex":0},"west":{"uv":[1.9375,13.59375,1.8125,12.75],"rotation":90,"texture":"#0","tintindex":0},"up":{"uv":[1.9375,13.59375,1.8125,12.75],"rotation":0,"texture":"#0","tintindex":0},"down":{"uv":[1.9375,13.59375,1.8125,12.75],"rotation":0,"texture":"#0","tintindex":0}}},{"from":[21.253174,6.060021,0.9149833],"to":[22.702227,7.5090723,13.956447],"rotation":{"angle":-22.5,"axis":"y","origin":[-0.030384064,18.295635,-11.094524]},"faces":{"east":{"uv":[11.34375,13.65625,11.21875,12.5],"rotation":90,"texture":"#0","tintindex":0},"south":{"uv":[6.15625,14.15625,6.28125,14.28125],"rotation":0,"texture":"#0","tintindex":0},"north":{"uv":[6.15625,14.15625,6.28125,14.28125],"rotation":0,"texture":"#0","tintindex":0},"west":{"uv":[11.34375,13.65625,11.21875,12.5],"rotation":90,"texture":"#0","tintindex":0},"up":{"uv":[11.34375,13.65625,11.21875,12.5],"rotation":0,"texture":"#0","tintindex":0},"down":{"uv":[11.34375,13.65625,11.21875,12.5],"rotation":0,"texture":"#0","tintindex":0}}},{"from":[1.3437686,5.970503,21.154142],"to":[2.7928262,7.419554,24.776772],"rotation":{"angle":-45.0,"axis":"y","origin":[4.576601,6.0600147,23.478048]},"faces":{"east":{"uv":[10.0625,4.625,9.9375,4.3125],"rotation":90,"texture":"#0","tintindex":0},"south":{"uv":[6.15625,14.15625,6.28125,14.28125],"rotation":0,"texture":"#0","tintindex":0},"north":{"uv":[6.15625,14.15625,6.28125,14.28125],"rotation":0,"texture":"#0","tintindex":0},"west":{"uv":[10.0625,4.625,9.9375,4.3125],"rotation":270,"texture":"#0","tintindex":0},"up":{"uv":[10.0625,4.625,9.9375,4.3125],"rotation":0,"texture":"#0","tintindex":0},"down":{"uv":[10.0625,4.625,9.9375,4.3125],"rotation":0,"texture":"#0","tintindex":0}}},{"from":[13.055132,6.060021,13.854808],"to":[15.22871,7.5090723,16.75291],"rotation":{"angle":-22.5,"axis":"y","origin":[0.7696161,18.295635,-6.2945232]},"faces":{"east":{"uv":[9.78125,13.90625,9.59375,13.65625],"rotation":90,"texture":"#0","tintindex":0},"south":{"uv":[6.15625,14.15625,6.28125,14.28125],"rotation":0,"texture":"#0","tintindex":0},"north":{"uv":[6.15625,14.15625,6.28125,14.28125],"rotation":0,"texture":"#0","tintindex":0},"west":{"uv":[9.78125,13.90625,9.59375,13.65625],"rotation":90,"texture":"#0","tintindex":0},"up":{"uv":[9.78125,13.90625,9.59375,13.65625],"rotation":0,"texture":"#0","tintindex":0},"down":{"uv":[9.78125,13.90625,9.59375,13.65625],"rotation":0,"texture":"#0","tintindex":0}}},{"from":[15.492368,5.335495,4.081732],"to":[18.390472,8.233598,19.296772],"rotation":{"angle":-45.0,"axis":"y","origin":[17.014305,8.233585,5.0705614]},"faces":{"east":{"uv":[10.59375,7.625,11.9375,7.875],"rotation":0,"texture":"#0","tintindex":0},"south":{"uv":[7.1875,13.375,7.4375,13.625],"rotation":0,"texture":"#0","tintindex":0},"north":{"uv":[3.75,13.375,4.0,13.625],"rotation":0,"texture":"#0","tintindex":0},"west":{"uv":[10.625,6.25,11.96875,6.5],"rotation":0,"texture":"#0","tintindex":0},"up":{"uv":[7.25,11.5625,7.0,10.21875],"rotation":0,"texture":"#0","tintindex":0},"down":{"uv":[11.0,2.03125,10.75,3.375],"rotation":0,"texture":"#0","tintindex":0}}},{"from":[3.8734589,5.283127,2.209424],"to":[7.496094,8.18123,17.424465],"rotation":{"angle":22.5,"axis":"y","origin":[5.561869,8.181131,16.264791]},"faces":{"east":{"uv":[10.625,6.53125,11.96875,6.78125],"rotation":0,"texture":"#0","tintindex":0},"south":{"uv":[6.03125,13.25,6.34375,13.5],"rotation":0,"texture":"#0","tintindex":0},"north":{"uv":[3.15625,13.25,3.46875,13.5],"rotation":0,"texture":"#0","tintindex":0},"west":{"uv":[10.65625,10.09375,12.0,10.34375],"rotation":0,"texture":"#0","tintindex":0},"up":{"uv":[5.34375,11.53125,5.03125,10.1875],"rotation":0,"texture":"#0","tintindex":0},"down":{"uv":[10.625,10.3125,10.3125,11.65625],"rotation":0,"texture":"#0","tintindex":0}}},{"from":[15.52687,5.878889,1.6931381],"to":[17.265732,7.617751,4.301424],"rotation":{"angle":45.0,"axis":"y","origin":[15.886361,8.0,5.0346246]},"faces":{"east":{"uv":[5.0625,12.15625,5.28125,12.3125],"rotation":0,"texture":"#0","tintindex":0},"south":{"uv":[13.90625,7.0,14.0625,7.15625],"rotation":0,"texture":"#0","tintindex":0},"north":{"uv":[10.65625,13.46875,10.8125,13.625],"rotation":0,"texture":"#0","tintindex":0},"west":{"uv":[5.28125,12.15625,5.0625,12.3125],"rotation":0,"texture":"#0","tintindex":0},"up":{"uv":[5.0625,12.15625,5.28125,12.3125],"rotation":270,"texture":"#0","tintindex":0},"down":{"uv":[5.0625,12.15625,5.28125,12.3125],"rotation":90,"texture":"#0","tintindex":0}}},{"from":[15.9488945,6.09637,-0.12803459],"to":[17.061745,7.209238,1.7847137],"rotation":{"angle":45.0,"axis":"y","origin":[15.886361,8.0,5.0346246]},"faces":{"east":{"uv":[6.46875,9.03125,6.625,9.125],"rotation":0,"texture":"#0","tintindex":0},"south":{"uv":[13.4375,14.21875,13.53125,14.3125],"rotation":0,"texture":"#0","tintindex":0},"north":{"uv":[12.71875,14.21875,12.8125,14.3125],"rotation":0,"texture":"#0","tintindex":0},"west":{"uv":[6.625,9.03125,6.46875,9.125],"rotation":0,"texture":"#0","tintindex":0},"up":{"uv":[6.46875,9.03125,6.625,9.125],"rotation":270,"texture":"#0","tintindex":0},"down":{"uv":[6.46875,9.03125,6.625,9.125],"rotation":90,"texture":"#0","tintindex":0}}},{"from":[10.779256,6.010503,2.578464],"to":[13.074573,6.78951,3.3574767],"rotation":{"angle":-22.5,"axis":"y","origin":[17.878807,8.0,1.5931273]},"faces":{"east":{"uv":[6.375,9.03125,6.4375,9.09375],"rotation":0,"texture":"#0","tintindex":0},"south":{"uv":[0.625,13.0,0.84375,13.0625],"rotation":0,"texture":"#0","tintindex":0},"north":{"uv":[0.625,13.0,0.84375,13.0625],"rotation":0,"texture":"#0","tintindex":0},