{"textures":{"0":"modelengine:entity/smolderinghshadowanima"},"elements":[{"from":[0.32460403,-5.6749516,8.414468],"to":[8.522096,7.7391253,16.61196],"rotation":{"angle":-22.5,"axis":"x","origin":[-18.857143,-5.1428576,9.142858]},"faces":{"east":{"uv":[1.5625,10.28125,1.0625,11.125],"rotation":0,"texture":"#0","tintindex":0},"south":{"uv":[10.21875,8.59375,10.71875,9.4375],"rotation":0,"texture":"#0","tintindex":0},"north":{"uv":[10.71875,8.59375,10.21875,9.4375],"rotation":0,"texture":"#0","tintindex":0},"west":{"uv":[10.21875,8.59375,10.71875,9.4375],"rotation":0,"texture":"#0","tintindex":0},"up":{"uv":[1.46875,12.28125,1.96875,11.78125],"rotation":0,"texture":"#0","tintindex":0},"down":{"uv":[1.46875,12.28125,1.96875,11.78125],"rotation":0,"texture":"#0","tintindex":0}}}],"display":{"head":{"translation":[0.0,-6.4,0.0],"scale":[4.0,4.0,4.0]}}}