{"textures":{"0":"modelengine:entity/smolderinghshadowanima"},"elements":[{"from":[7.4328165,6.421534,-7.605996],"to":[30.749767,6.4303355,32.0],"rotation":{"angle":0.0,"axis":"y","origin":[-30.285717,22.857143,-18.355064]},"faces":{"south":{"uv":[13.59375,13.5,14.6875,13.53125],"rotation":0,"texture":"#0","tintindex":0},"north":{"uv":[13.59375,0.46875,14.6875,0.5],"rotation":0,"texture":"#0","tintindex":0},"up":{"uv":[6.65625,9.125,7.75,6.65625],"rotation":0,"texture":"#0","tintindex":0},"down":{"uv":[6.65625,6.65625,7.75,9.125],"rotation":0,"texture":"#0","tintindex":0}}},{"from":[4.933698,5.3183846,2.7153263],"to":[31.381046,7.3884583,4.7854004],"rotation":{"angle":-22.5,"axis":"y","origin":[35.400658,5.3776875,0.8133583]},"faces":{"east":{"uv":[6.15625,14.15625,6.28125,14.28125],"rotation":0,"texture":"#0","tintindex":0},"south":{"uv":[13.71875,9.75,12.125,9.625],"rotation":0,"texture":"#0","tintindex":0},"north":{"uv":[13.71875,9.75,12.125,9.625],"rotation":0,"texture":"#0","tintindex":0},"west":{"uv":[6.15625,14.15625,6.28125,14.28125],"rotation":0,"texture":"#0","tintindex":0},"up":{"uv":[13.71875,9.75,12.125,9.625],"rotation":0,"texture":"#0","tintindex":0},"down":{"uv":[13.71875,9.75,12.125,9.625],"rotation":0,"texture":"#0","tintindex":0}}},{"from":[4.41618,5.377696,-8.928837],"to":[30.86353,7.4477696,-6.8587627],"rotation":{"angle":0.0,"axis":"y","origin":[-30.285717,22.857143,-18.355064]},"faces":{"east":{"uv":[6.15625,14.15625,6.28125,14.28125],"rotation":0,"texture":"#0","tintindex":0},"south":{"uv":[13.71875,8.65625,12.125,8.53125],"rotation":0,"texture":"#0","tintindex":0},"north":{"uv":[13.71875,8.65625,12.125,8.53125],"rotation":0,"texture":"#0","tintindex":0},"west":{"uv":[6.15625,14.15625,6.28125,14.28125],"rotation":0,"texture":"#0","tintindex":0},"up":{"uv":[13.71875,8.65625,12.125,8.53125],"rotation":0,"texture":"#0","tintindex":0},"down":{"uv":[13.71875,8.65625,12.125,8.53125],"rotation":0,"texture":"#0","tintindex":0}}}],"display":{"head":{"translation":[0.0,-6.4,61.991684],"scale":[4.0,4.0,4.0]}}}