{"textures":{"0":"modelengine:entity/smolderinghshadowanima"},"elements":[{"from":[3.7155786,4.344159,-0.6831579],"to":[11.91307,8.0702915,9.750004],"rotation":{"angle":0.0,"axis":"y","origin":[-0.1781311,52.64147,-5.075903]},"faces":{"east":{"uv":[9.9375,7.0,10.53125,7.21875],"rotation":0,"texture":"#0","tintindex":0},"south":{"uv":[7.1875,13.125,7.59375,13.34375],"rotation":0,"texture":"#0","tintindex":0},"north":{"uv":[11.28125,9.1875,11.6875,9.40625],"rotation":0,"texture":"#0","tintindex":0},"west":{"uv":[9.9375,7.0,10.53125,7.21875],"rotation":0,"texture":"#0","tintindex":0},"up":{"uv":[10.0625,12.34375,9.65625,11.75],"rotation":0,"texture":"#0","tintindex":0},"down":{"uv":[12.28125,1.25,11.875,1.84375],"rotation":0,"texture":"#0","tintindex":0}}},{"from":[-0.84263134,4.4330525,3.461381],"to":[2.1382742,6.6687317,6.442287],"rotation":{"angle":22.5,"axis":"y","origin":[-0.7188854,3.5773516,-2.385785]},"faces":{"east":{"uv":[2.84375,14.0,3.03125,14.125],"rotation":0,"texture":"#0","tintindex":0},"south":{"uv":[4.625,14.15625,4.75,14.28125],"rotation":0,"texture":"#0","tintindex":0},"north":{"uv":[3.8125,14.15625,3.9375,14.28125],"rotation":0,"texture":"#0","tintindex":0},"west":{"uv":[3.0625,14.0,3.25,14.125],"rotation":0,"texture":"#0","tintindex":0},"up":{"uv":[3.40625,14.1875,3.28125,14.0],"rotation":0,"texture":"#0","tintindex":0},"down":{"uv":[3.5625,14.0,3.4375,14.1875],"rotation":0,"texture":"#0","tintindex":0}}},{"from":[-0.3928833,4.7050138,0.7488098],"to":[1.8427958,6.1954665,4.474942],"rotation":{"angle":22.5,"axis":"y","origin":[-0.7188854,3.5773516,-2.385785]},"faces":{"east":{"uv":[14.09375,1.5625,14.3125,1.65625],"rotation":0,"texture":"#0","tintindex":0},"south":{"uv":[14.1875,7.46875,14.3125,7.5625],"rotation":0,"texture":"#0","tintindex":0},"north":{"uv":[3.5,14.21875,3.40625,14.3125],"rotation":0,"texture":"#0","tintindex":0},"west":{"uv":[14.09375,1.6875,14.3125,1.78125],"rotation":0,"texture":"#0","tintindex":0},"up":{"uv":[9.90625,14.3125,9.8125,14.09375],"rotation":0,"texture":"#0","tintindex":0},"down":{"uv":[14.1875,7.0,14.09375,7.21875],"rotation":0,"texture":"#0","tintindex":0}}},{"from":[3.4418573,4.9928174,-2.5006332],"to":[6.4227633,7.2284966,0.48027277],"rotation":{"angle":0.0,"axis":"y","origin":[-0.1781311,52.64147,-5.075903]},"faces":{"east":{"uv":[2.84375,14.0,3.03125,14.125],"rotation":0,"texture":"#0","tintindex":0},"south":{"uv":[4.625,14.15625,4.75,14.28125],"rotation":0,"texture":"#0","tintindex":0},"north":{"uv":[3.8125,14.15625,3.9375,14.28125],"rotation":0,"texture":"#0","tintindex":0},"west":{"uv":[3.0625,14.0,3.25,14.125],"rotation":0,"texture":"#0","tintindex":0},"up":{"uv":[3.40625,14.1875,3.28125,14.0],"rotation":0,"texture":"#0","tintindex":0},"down":{"uv":[3.5625,14.0,3.4375,14.1875],"rotation":0,"texture":"#0","tintindex":0}}},{"from":[3.8924856,2.8417716,-3.7222576],"to":[6.1281652,4.3322244,0.003874302],"rotation":{"angle":-22.5,"axis":"x","origin":[3.5661674,1.7142854,-6.8571434]},"faces":{"east":{"uv":[14.09375,1.5625,14.3125,1.65625],"rotation":0,"texture":"#0","tintindex":0},"south":{"uv":[14.1875,9.71875,14.3125,9.8125],"rotation":0,"texture":"#0","tintindex":0},"north":{"uv":[3.5,14.21875,3.40625,14.3125],"rotation":0,"texture":"#0","tintindex":0},"west":{"uv":[14.09375,1.6875,14.3125,1.78125],"rotation":0,"texture":"#0","tintindex":0},"up":{"uv":[9.90625,14.3125,9.8125,14.09375],"rotation":0,"texture":"#0","tintindex":0},"down":{"uv":[14.1875,7.0,14.09375,7.21875],"rotation":0,"texture":"#0","tintindex":0}}},{"from":[6.873497,2.8417716,-4.46774],"to":[9.109177,4.3322244,-0.74160767],"rotation":{"angle":-22.5,"axis":"x","origin":[6.5470734,1.7142854,-7.6023607]},"faces":{"east":{"uv":[14.09375,1.5625,14.3125,1.65625],"rotation":0,"texture":"#0","tintindex":0},"south":{"uv":[14.1875,6.5625,14.3125,6.65625],"rotation":0,"texture":"#0","tintindex":0},"north":{"uv":[3.5,14.21875,3.40625,14.3125],"rotation":0,"texture":"#0","tintindex":0},"west":{"uv":[14.09375,1.6875,14.3125,1.78125],"rotation":0,"texture":"#0","tintindex":0},"up":{"uv":[9.90625,14.3125,9.8125,14.09375],"rotation":0,"texture":"#0","tintindex":0},"down":{"uv":[14.1875,7.0,14.09375,7.21875],"rotation":0,"texture":"#0","tintindex":0}}},{"from":[6.4228687,4.9928174,-3.2461061],"to":[9.403774,7.2284966,-0.26520061],"rotation":{"angle":0.0,"axis":"y","origin":[-0.1781311,52.64147,-5.075903]},"faces":{"east":{"uv":[2.84375,14.0,3.03125,14.125],"rotation":0,"texture":"#0","tintindex":0},"south":{"uv":[4.625,14.15625,4.75,14.28125],"rotation":0,"texture":"#0","tintindex":0},"north":{"uv":[3.8125,14.15625,3.9375,14.28125],"rotation":0,"texture":"#0","tintindex":0},"west":{"uv":[3.0625,14.0,3.25,14.125],"rotation":0,"texture":"#0","tintindex":0},"up":{"uv":[3.40625,14.1875,3.28125,14.0],"rotation":0,"texture":"#0","tintindex":0},"down":{"uv":[3.5625,14.0,3.4375,14.1875],"rotation":0,"texture":"#0","tintindex":0}}},{"from":[9.590468,4.9928174,-2.5006332],"to":[12.571365,7.2284966,0.48027277],"rotation":{"angle":0.0,"axis":"y","origin":[-0.1781311,52.64147,-5.075903]},"faces":{"east":{"uv":[2.84375,14.0,3.03125,14.125],"rotation":0,"texture":"#0","tintindex":0},"south":{"uv":[4.625,14.15625,4.75,14.28125],"rotation":0,"texture":"#0","tintindex":0},"north":{"uv":[3.8125,14.15625,3.9375,14.28125],"rotation":0,"texture":"#0","tintindex":0},"west":{"uv":[3.0625,14.0,3.25,14.125],"rotation":0,"texture":"#0","tintindex":0},"up":{"uv":[3.40625,14.1875,3.28125,14.0],"rotation":0,"texture":"#0","tintindex":0},"down":{"uv":[3.5625,14.0,3.4375,14.1875],"rotation":0,"texture":"#0","tintindex":0}}},{"from":[10.040208,2.8417716,-3.7222576],"to":[12.2758875,4.3322244,0.003874302],"rotation":{"angle":-22.5,"axis":"x","origin":[9.714286,1.7142854,-6.8571434]},"faces":{"east":{"uv":[14.09375,1.5625,14.3125,1.65625],"rotation":0,"texture":"#0","tintindex":0},"south":{"uv":[14.1875,6.15625,14.3125,6.25],"rotation":0,"texture":"#0","tintindex":0},"north":{"uv":[3.5,14.21875,3.40625,14.3125],"rotation":0,"texture":"#0","tintindex":0},"west":{"uv":[14.09375,1.6875,14.3125,1.78125],"rotation":0,"texture":"#0","tintindex":0},"up":{"uv":[9.90625,14.3125,9.8125,14.09375],"rotation":0,"texture":"#0","tintindex":0},"down":{"uv":[14.1875,7.0,14.09375,7.21875],"rotation":0,"texture":"#0","tintindex":0}}}],"display":{"head":{"translation":[0.0,-6.4,0.0],"scale":[4.0,4.0,4.0]}}}