{"textures":{"0":"modelengine:entity/smolderinghshadowanima"},"elements":[{"from":[4.912237,-4.2764215,5.4020185],"to":[11.619275,8.392429,11.363831],"rotation":{"angle":0.0,"axis":"y","origin":[0.5714283,41.14286,-2.8571434]},"faces":{"east":{"uv":[0.78125,11.15625,0.40625,11.9375],"rotation":0,"texture":"#0","tintindex":0},"south":{"uv":[5.8125,11.0,6.21875,11.78125],"rotation":0,"texture":"#0","tintindex":0},"north":{"uv":[6.21875,11.0,5.8125,11.78125],"rotation":0,"texture":"#0","tintindex":0},"west":{"uv":[5.8125,11.0,6.21875,11.78125],"rotation":0,"texture":"#0","tintindex":0},"up":{"uv":[12.4375,10.0625,12.84375,10.4375],"rotation":0,"texture":"#0","tintindex":0},"down":{"uv":[12.4375,10.0625,12.84375,10.4375],"rotation":0,"texture":"#0","tintindex":0}}}],"display":{"head":{"translation":[0.0,-6.4,0.0],"scale":[4.0,4.0,4.0]}}}