{"textures":{"0":"modelengine:entity/smolderinghshadowanima"},"elements":[{"from":[4.915618,-1.1387587,4.5580873],"to":[10.87743,8.549186,10.519934],"rotation":{"angle":0.0,"axis":"y","origin":[-0.57142925,44.57143,-34.285717]},"faces":{"east":{"uv":[0.40625,11.96875,0.78125,12.5625],"rotation":0,"texture":"#0","tintindex":0},"south":{"uv":[12.375,0.0,12.0,0.59375],"rotation":0,"texture":"#0","tintindex":0},"north":{"uv":[0.0,11.96875,0.375,12.5625],"rotation":0,"texture":"#0","tintindex":0},"west":{"uv":[12.0,6.1875,12.375,6.78125],"rotation":0,"texture":"#0","tintindex":0},"up":{"uv":[4.03125,12.46875,4.40625,12.875],"rotation":0,"texture":"#0","tintindex":0},"down":{"uv":[4.03125,12.46875,4.40625,12.875],"rotation":0,"texture":"#0","tintindex":0}}}],"display":{"head":{"translation":[0.0,-6.4,0.0],"scale":[4.0,4.0,4.0]}}}