{"textures":{"0":"modelengine:entity/smolderinghshadowanima"},"elements":[{"from":[4.584466,-1.5849447,-0.96635723],"to":[12.036722,11.083905,9.466831],"rotation":{"angle":22.5,"axis":"x","origin":[4.5847387,-0.9349842,0.024232864]},"faces":{"east":{"uv":[5.9375,8.21875,6.59375,9.0],"rotation":0,"texture":"#0","tintindex":0},"south":{"uv":[2.8125,10.6875,3.28125,11.46875],"rotation":0,"texture":"#0","tintindex":0},"north":{"uv":[10.65625,10.65625,11.125,11.4375],"rotation":0,"texture":"#0","tintindex":0},"west":{"uv":[3.0625,9.875,3.71875,10.65625],"rotation":0,"texture":"#0","tintindex":0},"up":{"uv":[9.65625,11.71875,10.125,11.0625],"rotation":0,"texture":"#0","tintindex":0},"down":{"uv":[10.125,11.71875,9.65625,11.0625],"rotation":0,"texture":"#0","tintindex":0}}},{"from":[5.329939,-11.132629,-1.4381084],"to":[11.291751,-4.4255934,9.740289],"rotation":{"angle":45.0,"axis":"x","origin":[5.3299656,-10.995533,9.712213]},"faces":{"east":{"uv":[11.15625,10.65625,11.84375,11.0625],"rotation":0,"texture":"#0","tintindex":0},"south":{"uv":[4.03125,12.46875,4.40625,12.875],"rotation":0,"texture":"#0","tintindex":0},"north":{"uv":[4.03125,12.46875,4.40625,12.875],"rotation":0,"texture":"#0","tintindex":0},"west":{"uv":[11.28125,8.75,11.96875,9.15625],"rotation":0,"texture":"#0","tintindex":0},"up":{"uv":[12.09375,9.875,11.71875,9.1875],"rotation":0,"texture":"#0","tintindex":0},"down":{"uv":[4.3125,11.75,3.9375,12.4375],"rotation":0,"texture":"#0","tintindex":0}}}],"display":{"head":{"translation":[0.0,-6.4,0.0],"scale":[4.0,4.0,4.0]}}}