{"textures":{"0":"modelengine:entity/smolderinghshadowanima"},"elements":[{"from":[0.47328758,1.9002986,-7.9900723],"to":[16.570187,9.054471,7.212549],"rotation":{"angle":-45.0,"axis":"x","origin":[0.4730587,9.0488825,-7.931059]},"faces":{"east":{"uv":[11.125,3.59375,10.1875,4.03125],"rotation":0,"texture":"#0","tintindex":0},"south":{"uv":[3.78125,2.21875,4.78125,2.65625],"rotation":0,"texture":"#0","tintindex":0},"north":{"uv":[2.75,2.21875,3.75,2.65625],"rotation":0,"texture":"#0","tintindex":0},"west":{"uv":[10.1875,3.59375,11.125,4.03125],"rotation":0,"texture":"#0","tintindex":0},"up":{"uv":[8.78125,8.71875,7.78125,7.78125],"rotation":0,"texture":"#0","tintindex":0},"down":{"uv":[8.78125,6.03125,7.78125,6.96875],"rotation":0,"texture":"#0","tintindex":0}}},{"from":[-1.5386963,1.6917071,-3.462675],"to":[19.029552,18.682873,8.162855],"rotation":{"angle":22.5,"axis":"x","origin":[-1.5390491,2.5654154,-2.3418522]},"faces":{"east":{"uv":[9.34375,1.09375,10.0625,2.15625],"rotation":0,"texture":"#0","tintindex":0},"south":{"uv":[1.125,7.40625,2.40625,8.46875],"rotation":0,"texture":"#0","tintindex":0},"north":{"uv":[6.65625,4.9375,7.9375,6.0],"rotation":0,"texture":"#0","tintindex":0},"west":{"uv":[9.34375,1.09375,10.0625,2.15625],"rotation":0,"texture":"#0","tintindex":0},"up":{"uv":[9.0625,7.71875,7.78125,7.0],"rotation":0,"texture":"#0","tintindex":0},"down":{"uv":[4.8125,8.25,3.53125,8.96875],"rotation":0,"texture":"#0","tintindex":0}}},{"from":[4.0105433,3.752099,-0.57142925],"to":[4.019345,20.571445,12.366539],"rotation":{"angle":-45.0,"axis":"x","origin":[4.0108166,20.57143,-0.57142925]},"faces":{"east":{"uv":[7.28125,9.15625,6.46875,10.1875],"rotation":0,"texture":"#0","tintindex":0},"south":{"uv":[12.53125,13.71875,12.5625,14.75],"rotation":0,"texture":"#0","tintindex":0},"north":{"uv":[12.46875,13.71875,12.5,14.75],"rotation":0,"texture":"#0","tintindex":0},"west":{"uv":[6.46875,9.15625,7.28125,10.1875],"rotation":0,"texture":"#0","tintindex":0},"up":{"uv":[8.5,14.71875,8.46875,13.90625],"rotation":0,"texture":"#0","tintindex":0},"down":{"uv":[10.21875,13.90625,10.1875,14.71875],"rotation":0,"texture":"#0","tintindex":0}}},{"from":[13.714013,3.752099,-0.57142925],"to":[13.722823,20.571445,12.366539],"rotation":{"angle":-45.0,"axis":"x","origin":[13.714286,20.57143,-0.57142925]},"faces":{"east":{"uv":[7.28125,9.15625,6.46875,10.1875],"rotation":0,"texture":"#0","tintindex":0},"south":{"uv":[9.4375,13.6875,9.46875,14.71875],"rotation":0,"texture":"#0","tintindex":0},"north":{"uv":[0.875,13.5625,0.90625,14.59375],"rotation":0,"texture":"#0","tintindex":0},"west":{"uv":[6.46875,9.15625,7.28125,10.1875],"rotation":0,"texture":"#0","tintindex":0}}}],"display":{"head":{"translation":[0.0,-6.4,0.0],"scale":[4.0,4.0,4.0]}}}