{"textures":{"0":"modelengine:entity/smolderinghshadowanima"},"elements":[{"from":[3.7665205,5.081088,1.9468627],"to":[12.709238,12.235261,10.889581],"rotation":{"angle":-22.5,"axis":"x","origin":[3.7668018,12.351676,1.6662412]},"faces":{"east":{"uv":[12.40625,11.09375,11.84375,11.53125],"rotation":0,"texture":"#0","tintindex":0},"south":{"uv":[11.84375,3.5625,12.40625,4.0],"rotation":0,"texture":"#0","tintindex":0},"north":{"uv":[11.78125,4.03125,12.34375,4.46875],"rotation":0,"texture":"#0","tintindex":0},"west":{"uv":[11.84375,11.09375,12.40625,11.53125],"rotation":0,"texture":"#0","tintindex":0},"up":{"uv":[8.90625,11.5625,8.34375,11.0],"rotation":0,"texture":"#0","tintindex":0},"down":{"uv":[11.59375,2.03125,11.03125,2.59375],"rotation":0,"texture":"#0","tintindex":0}}},{"from":[5.2072983,17.142435,8.325276],"to":[5.2160997,30.080395,19.10506],"rotation":{"angle":45.0,"axis":"x","origin":[5.2075715,17.142857,2.2857141]},"faces":{"east":{"uv":[9.40625,9.34375,8.375,10.15625],"rotation":0,"texture":"#0","tintindex":0},"south":{"uv":[10.3125,13.90625,10.34375,14.71875],"rotation":0,"texture":"#0","tintindex":0},"north":{"uv":[10.25,13.90625,10.28125,14.71875],"rotation":0,"texture":"#0","tintindex":0},"west":{"uv":[8.375,9.34375,9.40625,10.15625],"rotation":0,"texture":"#0","tintindex":0},"up":{"uv":[11.125,14.78125,11.09375,13.75],"rotation":0,"texture":"#0","tintindex":0},"down":{"uv":[11.1875,13.75,11.15625,14.78125],"rotation":0,"texture":"#0","tintindex":0}}},{"from":[12.000168,17.142435,8.325276],"to":[12.008968,30.080395,19.10506],"rotation":{"angle":45.0,"axis":"x","origin":[12.0,17.142857,2.2857141]},"faces":{"east":{"uv":[9.40625,9.34375,8.375,10.15625],"rotation":0,"texture":"#0","tintindex":0},"south":{"uv":[9.28125,13.875,9.3125,14.6875],"rotation":0,"texture":"#0","tintindex":0},"north":{"uv":[5.46875,13.875,5.5,14.6875],"rotation":0,"texture":"#0","tintindex":0},"west":{"uv":[8.375,9.34375,9.40625,10.15625],"rotation":0,"texture":"#0","tintindex":0},"up":{"uv":[9.53125,14.71875,9.5,13.6875],"rotation":0,"texture":"#0","tintindex":0},"down":{"uv":[11.46875,13.6875,11.4375,14.71875],"rotation":0,"texture":"#0","tintindex":0}}}],"display":{"head":{"translation":[0.0,-6.4,0.0],"scale":[4.0,4.0,4.0]}}}