{"textures":{"0":"modelengine:entity/glavenus"},"elements":[{"from":[1.1428566,5.1428556,-3.4285717],"to":[14.857143,10.285713,30.857145],"rotation":{"angle":0.0,"axis":"y","origin":[8.0,5.1428556,14.285715]},"faces":{"east":{"uv":[4.96875,2.6875,6.84375,2.96875],"rotation":0,"texture":"#0","tintindex":0},"south":{"uv":[8.53125,0.28125,9.3125,0.5625],"rotation":0,"texture":"#0","tintindex":0},"north":{"uv":[8.53125,0.0,9.3125,0.28125],"rotation":0,"texture":"#0","tintindex":0},"west":{"uv":[5.21875,3.5,7.09375,3.78125],"rotation":0,"texture":"#0","tintindex":0},"up":{"uv":[0.78125,3.71875,0.0,1.84375],"rotation":0,"texture":"#0","tintindex":0},"down":{"uv":[1.5625,1.84375,0.78125,3.71875],"rotation":0,"texture":"#0","tintindex":0}}},{"from":[6.857143,15.42857,12.000001],"to":[8.571428,19.42857,18.857143],"rotation":{"angle":22.5,"axis":"x","origin":[7.428571,4.571427,32.57143]},"faces":{"east":{"uv":[10.90625,5.03125,11.28125,5.25],"rotation":0,"texture":"#0","tintindex":0},"south":{"uv":[5.15625,12.15625,5.25,12.375],"rotation":0,"texture":"#0","tintindex":0},"north":{"uv":[4.9375,12.15625,5.03125,12.375],"rotation":0,"texture":"#0","tintindex":0},"west":{"uv":[5.1875,10.90625,5.5625,11.125],"rotation":0,"texture":"#0","tintindex":0},"up":{"uv":[8.46875,12.125,8.375,11.75],"rotation":0,"texture":"#0","tintindex":0},"down":{"uv":[0.09375,11.78125,0.0,12.15625],"rotation":0,"texture":"#0","tintindex":0}}},{"from":[6.857143,8.571427,4.5714293],"to":[8.571428,10.8571415,9.714287],"rotation":{"angle":45.0,"axis":"x","origin":[7.428571,4.571427,32.57143]},"faces":{"east":{"uv":[11.78125,0.5,12.0625,0.625],"rotation":0,"texture":"#0","tintindex":0},"south":{"uv":[12.25,6.28125,12.34375,6.40625],"rotation":0,"texture":"#0","tintindex":0},"north":{"uv":[6.1875,12.25,6.28125,12.375],"rotation":0,"texture":"#0","tintindex":0},"west":{"uv":[11.78125,1.125,12.0625,1.25],"rotation":0,"texture":"#0","tintindex":0},"up":{"uv":[3.3125,11.34375,3.21875,11.0625],"rotation":0,"texture":"#0","tintindex":0},"down":{"uv":[5.5,12.0,5.40625,12.28125],"rotation":0,"texture":"#0","tintindex":0}}},{"from":[6.285714,4.571427,10.857143],"to":[9.142858,10.8571415,18.285715],"rotation":{"angle":45.0,"axis":"x","origin":[7.428571,4.571427,32.57143]},"faces":{"east":{"uv":[9.78125,7.9375,10.1875,8.28125],"rotation":0,"texture":"#0","tintindex":0},"south":{"uv":[5.21875,9.15625,5.375,9.5],"rotation":0,"texture":"#0","tintindex":0},"north":{"uv":[6.46875,8.96875,6.625,9.3125],"rotation":0,"texture":"#0","tintindex":0},"west":{"uv":[1.71875,9.8125,2.125,10.15625],"rotation":0,"texture":"#0","tintindex":0},"up":{"uv":[5.34375,11.53125,5.1875,11.125],"rotation":0,"texture":"#0","tintindex":0},"down":{"uv":[5.5,11.125,5.34375,11.53125],"rotation":0,"texture":"#0","tintindex":0}}},{"from":[5.714286,14.285713,18.857143],"to":[9.714286,18.857141,26.857143],"rotation":{"angle":0.0,"axis":"y","origin":[7.428571,4.571427,32.57143]},"faces":{"east":{"uv":[10.34375,8.78125,10.78125,9.03125],"rotation":0,"texture":"#0","tintindex":0},"south":{"uv":[6.65625,11.3125,6.875,11.5625],"rotation":0,"texture":"#0","tintindex":0},"north":{"uv":[2.0625,11.3125,2.28125,11.5625],"rotation":0,"texture":"#0","tintindex":0},"west":{"uv":[10.34375,9.03125,10.78125,9.28125],"rotation":0,"texture":"#0","tintindex":0},"up":{"uv":[6.28125,10.9375,6.0625,10.5],"rotation":0,"texture":"#0","tintindex":0},"down":{"uv":[2.65625,10.53125,2.4375,10.96875],"rotation":0,"texture":"#0","tintindex":0}}},{"from":[4.0,10.285713,-3.4285717],"to":[12.0,16.571426,29.714287],"rotation":{"angle":0.0,"axis":"y","origin":[8.0,5.1428556,14.285715]},"faces":{"east":{"uv":[4.25,3.15625,6.0625,3.5],"rotation":0,"texture":"#0","tintindex":0},"south":{"uv":[9.46875,2.21875,9.9375,2.5625],"rotation":0,"texture":"#0","tintindex":0},"north":{"uv":[2.125,9.46875,2.59375,9.8125],"rotation":0,"texture":"#0","tintindex":0},"west":{"uv":[3.875,4.625,5.6875,4.96875],"rotation":0,"texture":"#0","tintindex":0},"up":{"uv":[4.25,1.8125,3.78125,0.0],"rotation":0,"texture":"#0","tintindex":0},"down":{"uv":[4.25,1.8125,3.78125,3.625],"rotation":0,"texture":"#0","tintindex":0}}},{"from":[-2.8571434,8.571427,18.285715],"to":[4.5714283,20.0,29.714287],"rotation":{"angle":-22.5,"axis":"x","origin":[6.857143,5.1428556,22.285715]},"faces":{"east":{"uv":[6.25,0.0,6.875,0.625],"rotation":0,"texture":"#0","tintindex":0},"south":{"uv":[1.78125,7.9375,2.1875,8.5625],"rotation":0,"texture":"#0","tintindex":0},"north":{"uv":[0.0,7.9375,0.40625,8.5625],"rotation":0,"texture":"#0","tintindex":0},"west":{"uv":[6.40625,5.875,7.03125,6.5],"rotation":0,"texture":"#0","tintindex":0},"up":{"uv":[8.28125,8.59375,7.875,7.96875],"rotation":0,"texture":"#0","tintindex":0},"down":{"uv":[8.40625,1.6875,8.0,2.3125],"rotation":0,"texture":"#0","tintindex":0}}},{"from":[24.57143,5.714284,-16.0],"to":[26.857143,7.9999986,-12.0],"rotation":{"angle":45.0,"axis":"x","origin":[9.142858,5.1428556,22.285715]},"faces":{"east":{"uv":[6.9375,8.6875,7.15625,8.8125],"rotation":0,"texture":"#0","tintindex":0},"south":{"uv":[12.21875,10.71875,12.34375,10.84375],"rotation":0,"texture":"#0","tintindex":0},"north":{"uv":[12.21875,10.59375,12.34375,10.71875],"rotation":0,"texture":"#0","tintindex":0},"west":{"uv":[9.78125,4.28125,10.0,4.40625],"rotation":0,"texture":"#0","tintindex":0},"up":{"uv":[12.15625,2.125,12.03125,1.90625],"rotation":0,"texture":"#0","tintindex":0},"down":{"uv":[2.34375,12.03125,2.21875,12.25],"rotation":0,"texture":"#0","tintindex":0}}},{"from":[24.0,17.714285,-9.714287],"to":[26.285715,20.571426,-3.4285717],"rotation":{"angle":22.5,"axis":"x","origin":[9.142858,5.1428556,22.285715]},"faces":{"east":{"uv":[11.34375,7.8125,11.6875,7.96875],"rotation":0,"texture":"#0","tintindex":0},"south":{"uv":[12.1875,1.53125,12.3125,1.6875],"rotation":0,"texture":"#0","tintindex":0},"north":{"uv":[4.0625,9.25,4.1875,9.40625],"rotation":0,"texture":"#0","tintindex":0},"west":{"uv":[11.34375,10.96875,11.6875,11.125],"rotation":0,"texture":"#0","tintindex":0},"up":{"uv":[4.03125,11.9375,3.90625,11.59375],"rotation":0,"texture":"#0","tintindex":0},"down":{"uv":[4.15625,11.59375,4.03125,11.9375],"rotation":0,"texture":"#0","tintindex":0}}},{"from":[21.714287,26.285713,1.1428576],"to":[25.714287,29.714285,9.142858],"rotation":{"angle":0.0,"axis":"y","origin":[9.142858,5.1428556,22.285715]},"faces":{"east":{"uv":[10.9375,0.0,11.375,0.1875],"rotation":0,"texture":"#0","tintindex":0},"south":{"uv":[3.34375,11.6875,3.5625,11.875],"rotation":0,"texture":"#0","tintindex":0},"north":{"uv":[1.0625,9.28125,1.28125,9.46875],"rotation":0,"texture":"#0","tintindex":0},"west":{"uv":[10.9375,0.1875,11.375,0.375],"rotation":0,"texture":"#0","tintindex":0},"up":{"uv":[1.84375,11.0,1.625,10.5625],"rotation":0,"texture":"#0","tintindex":0},"down":{"uv":[10.8125,9.28125,10.59375,9.71875],"rotation":0,"texture":"#0","tintindex":0}}},{"from":[18.285715,22.285713,24.0],"to":[24.0,32.0,30.285715],"rotation":{"angle":-45.0,"axis":"x","origin":[9.142858,5.1428556,22.285715]},"faces":{"east":{"uv":[2.5,8.875,2.84375,9.40625],"rotation":0,"texture":"#0","tintindex":0},"south":{"uv":[3.75,9.25,4.0625,9.78125],"rotation":0,"texture":"#0","tintindex":0},"north":{"uv":[5.0625,7.5,5.375,8.03125],"rotation":0,"texture":"#0","tintindex":0},"west":{"uv":[4.5,8.875,4.84375,9.40625],"rotation":0,"texture":"#0","tintindex":0},"up":{"uv":[8.8125,10.6875,8.5,10.34375],"rotation":0,"texture":"#0","tintindex":0},"down":{"uv":[10.09375,10.34375,9.78125,10.6875],"rotation":0,"texture":"#0","tintindex":0}}},{"from":[15.428572,15.42857,14.857143],"to":[21.142857,26.857141,25.714287],"rotation":{"angle":-22.5,"axis":"x","origin":[9.142858,5.1428556,22.285715]},"faces":{"east":{"uv":[6.875,0.0,7.46875,0.625],"rotation":0,"texture":"#0","tintindex":0},"south":{"uv":[3.125,8.6875,3.4375,9.3125],"rotation":0,"texture":"#0","tintindex":0},"north":{"uv":[0.8125,7.53125,1.125,8.15625],"rotation":0,"texture":"#0","tintindex":0},