{"textures":{"0":"modelengine:entity/glavenus"},"elements":[{"from":[4.0,2.8571424,-6.285715],"to":[10.857143,4.5714283,11.428572],"rotation":{"angle":0.0,"axis":"y","origin":[8.0,4.0,10.857143]},"faces":{"east":{"uv":[10.34375,3.375,11.3125,3.46875],"rotation":0,"texture":"#0","tintindex":0},"south":{"uv":[8.4375,5.25,8.8125,5.34375],"rotation":0,"texture":"#0","tintindex":0},"north":{"uv":[1.1875,4.90625,1.5625,5.0],"rotation":0,"texture":"#0","tintindex":0},"west":{"uv":[10.59375,4.8125,11.5625,4.90625],"rotation":0,"texture":"#0","tintindex":0},"up":{"uv":[3.5,8.03125,3.125,7.0625],"rotation":0,"texture":"#0","tintindex":0},"down":{"uv":[5.75,7.0625,5.375,8.03125],"rotation":0,"texture":"#0","tintindex":0}}},{"from":[9.142858,3.4285712,-7.4285717],"to":[10.285714,5.714286,-6.285715],"rotation":{"angle":0.0,"axis":"y","origin":[8.0,4.0,10.857143]},"faces":{"east":{"uv":[9.09375,9.4375,9.15625,9.5625],"rotation":0,"texture":"#0","tintindex":0},"south":{"uv":[10.09375,10.34375,10.15625,10.46875],"rotation":0,"texture":"#0","tintindex":0},"north":{"uv":[7.625,9.4375,7.6875,9.5625],"rotation":0,"texture":"#0","tintindex":0},"west":{"uv":[10.5625,8.09375,10.625,8.21875],"rotation":0,"texture":"#0","tintindex":0},"up":{"uv":[3.0625,3.625,3.0,3.5625],"rotation":0,"texture":"#0","tintindex":0},"down":{"uv":[7.9375,4.0,7.875,4.0625],"rotation":0,"texture":"#0","tintindex":0}}},{"from":[4.5714283,3.4285712,-7.4285717],"to":[5.714286,5.714286,-6.285715],"rotation":{"angle":0.0,"axis":"y","origin":[6.857143,4.0,10.857143]},"faces":{"east":{"uv":[0.75,10.96875,0.8125,11.09375],"rotation":0,"texture":"#0","tintindex":0},"south":{"uv":[5.5,11.28125,5.5625,11.40625],"rotation":0,"texture":"#0","tintindex":0},"north":{"uv":[9.71875,10.9375,9.78125,11.0625],"rotation":0,"texture":"#0","tintindex":0},"west":{"uv":[9.53125,11.375,9.59375,11.5],"rotation":0,"texture":"#0","tintindex":0},"up":{"uv":[5.46875,8.9375,5.40625,8.875],"rotation":0,"texture":"#0","tintindex":0},"down":{"uv":[2.1875,9.40625,2.125,9.46875],"rotation":0,"texture":"#0","tintindex":0}}},{"from":[3.4285712,4.0,-6.8571434],"to":[4.5714283,5.142857,11.428572],"rotation":{"angle":0.0,"axis":"y","origin":[8.0,4.0,10.857143]},"faces":{"east":{"uv":[7.59375,2.46875,8.59375,2.53125],"rotation":0,"texture":"#0","tintindex":0},"south":{"uv":[10.03125,5.8125,10.09375,5.875],"rotation":0,"texture":"#0","tintindex":0},"north":{"uv":[4.40625,9.8125,4.46875,9.875],"rotation":0,"texture":"#0","tintindex":0},"west":{"uv":[11.15625,3.9375,12.15625,4.0],"rotation":0,"texture":"#0","tintindex":0},"up":{"uv":[3.78125,2.875,3.71875,1.875],"rotation":0,"texture":"#0","tintindex":0},"down":{"uv":[4.5,10.90625,4.4375,11.90625],"rotation":0,"texture":"#0","tintindex":0}}},{"from":[10.285714,4.0,-6.8571434],"to":[11.428572,5.142857,11.428572],"rotation":{"angle":0.0,"axis":"y","origin":[8.0,4.0,10.857143]},"faces":{"east":{"uv":[11.15625,6.03125,12.15625,6.09375],"rotation":0,"texture":"#0","tintindex":0},"south":{"uv":[1.15625,10.3125,1.21875,10.375],"rotation":0,"texture":"#0","tintindex":0},"north":{"uv":[3.375,10.09375,3.4375,10.15625],"rotation":0,"texture":"#0","tintindex":0},"west":{"uv":[11.1875,2.28125,12.1875,2.34375],"rotation":0,"texture":"#0","tintindex":0},"up":{"uv":[7.625,11.90625,7.5625,10.90625],"rotation":0,"texture":"#0","tintindex":0},"down":{"uv":[6.65625,10.9375,6.59375,11.9375],"rotation":0,"texture":"#0","tintindex":0}}},{"from":[4.0,1.1428566,-1.1428576],"to":[10.857143,2.8571424,11.428572],"rotation":{"angle":0.0,"axis":"y","origin":[8.0,4.0,10.857143]},"faces":{"east":{"uv":[11.03125,2.78125,11.71875,2.875],"rotation":0,"texture":"#0","tintindex":0},"south":{"uv":[11.65625,8.84375,12.03125,8.9375],"rotation":0,"texture":"#0","tintindex":0},"north":{"uv":[11.65625,7.03125,12.03125,7.125],"rotation":0,"texture":"#0","tintindex":0},"west":{"uv":[11.09375,4.90625,11.78125,5.0],"rotation":0,"texture":"#0","tintindex":0},"up":{"uv":[6.125,8.53125,5.75,7.84375],"rotation":0,"texture":"#0","tintindex":0},"down":{"uv":[8.25,6.75,7.875,7.4375],"rotation":0,"texture":"#0","tintindex":0}}},{"from":[4.0,2.2857141,-8.0],"to":[10.857143,4.0,-3.4285717],"rotation":{"angle":0.0,"axis":"y","origin":[8.0,4.0,10.857143]},"faces":{"east":{"uv":[10.0,3.625,10.25,3.71875],"rotation":0,"texture":"#0","tintindex":0},"south":{"uv":[11.75,10.25,12.125,10.34375],"rotation":0,"texture":"#0","tintindex":0},"north":{"uv":[11.71875,1.5,12.09375,1.59375],"rotation":0,"texture":"#0","tintindex":0},"west":{"uv":[12.0625,7.625,12.3125,7.71875],"rotation":0,"texture":"#0","tintindex":0},"up":{"uv":[11.0625,1.6875,10.6875,1.4375],"rotation":0,"texture":"#0","tintindex":0},"down":{"uv":[6.65625,10.6875,6.28125,10.9375],"rotation":0,"texture":"#0","tintindex":0}}},{"from":[5.142857,0.5714283,-3.4285717],"to":[9.714286,3.4285712,2.2857141],"rotation":{"angle":0.0,"axis":"y","origin":[8.0,4.0,10.857143]},"faces":{"east":{"uv":[5.21875,4.0625,5.53125,4.21875],"rotation":0,"texture":"#0","tintindex":0},"south":{"uv":[11.6875,7.46875,11.9375,7.625],"rotation":0,"texture":"#0","tintindex":0},"north":{"uv":[3.5,7.0625,3.75,7.21875],"rotation":0,"texture":"#0","tintindex":0},"west":{"uv":[11.375,4.59375,11.6875,4.75],"rotation":0,"texture":"#0","tintindex":0},"up":{"uv":[2.125,5.53125,1.875,5.21875],"rotation":0,"texture":"#0","tintindex":0},"down":{"uv":[4.4375,10.9375,4.1875,11.25],"rotation":0,"texture":"#0","tintindex":0}}},{"from":[5.714286,-1.7142859,-2.285715],"to":[9.142858,1.1428566,1.7142854],"rotation":{"angle":0.0,"axis":"y","origin":[8.0,4.0,10.857143]},"faces":{"east":{"uv":[11.84375,10.625,12.0625,10.78125],"rotation":0,"texture":"#0","tintindex":0},"south":{"uv":[11.9375,4.96875,12.125,5.125],"rotation":0,"texture":"#0","tintindex":0},"north":{"uv":[11.9375,3.78125,12.125,3.9375],"rotation":0,"texture":"#0","tintindex":0},"west":{"uv":[10.78125,11.84375,11.0,12.0],"rotation":0,"texture":"#0","tintindex":0},"up":{"uv":[2.59375,11.875,2.40625,11.65625],"rotation":0,"texture":"#0","tintindex":0},"down":{"uv":[11.84375,2.5,11.65625,2.71875],"rotation":0,"texture":"#0","tintindex":0}}},{"from":[6.285714,-2.285715,-1.1428576],"to":[8.571428,-0.57142925,3.4285712],"rotation":{"angle":0.0,"axis":"y","origin":[8.0,4.0,10.857143]},"faces":{"east":{"uv":[12.0625,8.3125,12.3125,8.40625],"rotation":0,"texture":"#0","tintindex":0},"south":{"uv":[12.25,4.125,12.375,4.21875],"rotation":0,"texture":"#0","tintindex":0},"north":{"uv":[4.03125,12.25,4.15625,12.34375],"rotation":0,"texture":"#0","tintindex":0},"west":{"uv":[12.0625,10.15625,12.3125,10.25],"rotation":0,"texture":"#0","tintindex":0},"up":{"uv":[2.84375,12.15625,2.71875,11.90625],"rotation":0,"texture":"#0","tintindex":0},"down":{"uv":[2.96875,11.90625,2.84375,12.15625],"rotation":0,"texture":"#0","tintindex":0}}},{"from":[6.285714,-0.57142925,4.0],"to":[8.571428,1.1428566,8.571428],"rotation":{"angle":0.0,"axis":"y","origin":[8.0,4.0,10.857143]},"faces":{"east":{"uv":[12.09375,7.25,12.34375,7.34375],"rotation":0,"texture":"#0","tintindex":0},"south":{"uv":[12.25,4.21875,12.375,4.3125],"rotation":0,"texture":"#0","tintindex":0},"north":{"uv":[4.15625,12.25,4.28125,12.34375],"rotation":0,"texture":"#0","tintindex":0},"west":{"uv":[12.09375,8.1875,12.34375,8.28125],"rotation":0,"texture":"#0","tintindex":0},"up":{"uv":[3.09375,12.15625,2.96875,11.90625],"rotation":0,"texture":"#0","tintindex":0},"down":{"uv":[3.21875,11.90625,3.09375,12.15625],"rotation":0,"texture":"#0","tintindex":0}}},{"from":[6.857143,-1.1428576,6.857143],"to":[8.0,0.0,9.714286],"rotation":{"angle":0.0,"axis":"y","origin":[8.0,4.0,10.857143]},"faces":{"east":{"uv":[9.21875,1.0625,9.375,1.125],"rotation":0,"texture":"#0","tintindex":0},"south":{"uv":[11.0,8.03125,11.0625,8.09375],"rotation":0,"texture":"#0","tintindex":0},"north":{"uv":[8.8125,10.65625,8.875,10.71875],"rotation":0,"texture":"#0","tintindex":0},"west":{"uv":[10.90625,1.6875,11.0625,1.75],"rotation":0,"texture":"#0","tintindex":0},