{"textures":{"0":"modelengine:entity/glavenus"},"elements":[{"from":[6.857143,3.4285712,8.0],"to":[9.714286,5.714286,18.285715],"rotation":{"angle":45.0,"axis":"x","origin":[8.0,3.4285712,8.571428]},"faces":{"east":{"uv":[11.0625,1.625,11.625,1.75],"rotation":0,"texture":"#0","tintindex":0},"south":{"uv":[12.15625,4.53125,12.3125,4.65625],"rotation":0,"texture":"#0","tintindex":0},"north":{"uv":[12.15625,2.71875,12.3125,2.84375],"rotation":0,"texture":"#0","tintindex":0},"west":{"uv":[11.0625,5.46875,11.625,5.59375],"rotation":0,"texture":"#0","tintindex":0},"up":{"uv":[2.4375,11.3125,2.28125,10.75],"rotation":0,"texture":"#0","tintindex":0},"down":{"uv":[5.1875,10.75,5.03125,11.3125],"rotation":0,"texture":"#0","tintindex":0}}},{"from":[7.428571,2.8571424,6.857143],"to":[10.857143,6.857143,14.857143],"rotation":{"angle":45.0,"axis":"x","origin":[8.0,3.4285712,8.571428]},"faces":{"east":{"uv":[10.59375,4.59375,11.03125,4.8125],"rotation":0,"texture":"#0","tintindex":0},"south":{"uv":[2.78125,11.6875,2.96875,11.90625],"rotation":0,"texture":"#0","tintindex":0},"north":{"uv":[11.59375,11.65625,11.78125,11.875],"rotation":0,"texture":"#0","tintindex":0},"west":{"uv":[10.59375,5.28125,11.03125,5.5],"rotation":0,"texture":"#0","tintindex":0},"up":{"uv":[7.8125,11.28125,7.625,10.84375],"rotation":0,"texture":"#0","tintindex":0},"down":{"uv":[2.96875,10.90625,2.78125,11.34375],"rotation":0,"texture":"#0","tintindex":0}}},{"from":[9.142858,4.5714283,2.8571424],"to":[12.571428,9.142858,10.285714],"rotation":{"angle":45.0,"axis":"x","origin":[8.0,3.4285712,8.571428]},"faces":{"east":{"uv":[7.125,10.46875,7.53125,10.71875],"rotation":0,"texture":"#0","tintindex":0},"south":{"uv":[0.0,11.53125,0.1875,11.78125],"rotation":0,"texture":"#0","tintindex":0},"north":{"uv":[7.28125,11.5,7.46875,11.75],"rotation":0,"texture":"#0","tintindex":0},"west":{"uv":[9.0625,10.46875,9.46875,10.71875],"rotation":0,"texture":"#0","tintindex":0},"up":{"uv":[11.15625,6.125,10.96875,5.71875],"rotation":0,"texture":"#0","tintindex":0},"down":{"uv":[11.15625,9.84375,10.96875,10.25],"rotation":0,"texture":"#0","tintindex":0}}},{"from":[9.142858,9.142858,3.4285712],"to":[13.714286,14.285715,6.857143],"rotation":{"angle":45.0,"axis":"x","origin":[8.0,3.4285712,8.571428]},"faces":{"east":{"uv":[2.40625,11.375,2.59375,11.65625],"rotation":0,"texture":"#0","tintindex":0},"south":{"uv":[9.71875,11.0625,9.96875,11.34375],"rotation":0,"texture":"#0","tintindex":0},"north":{"uv":[11.0625,8.03125,11.3125,8.3125],"rotation":0,"texture":"#0","tintindex":0},"west":{"uv":[11.375,4.0,11.5625,4.28125],"rotation":0,"texture":"#0","tintindex":0},"up":{"uv":[11.75,7.8125,11.5,7.625],"rotation":0,"texture":"#0","tintindex":0},"down":{"uv":[11.78125,0.46875,11.53125,0.65625],"rotation":0,"texture":"#0","tintindex":0}}},{"from":[6.857143,-6.285715,16.0],"to":[9.142858,4.0,17.714287],"rotation":{"angle":45.0,"axis":"x","origin":[8.0,3.4285712,8.571428]},"faces":{"east":{"uv":[4.9375,11.34375,5.03125,11.90625],"rotation":0,"texture":"#0","tintindex":0},"south":{"uv":[10.71875,11.0625,10.84375,11.625],"rotation":0,"texture":"#0","tintindex":0},"north":{"uv":[8.625,11.0625,8.75,11.625],"rotation":0,"texture":"#0","tintindex":0},"west":{"uv":[8.09375,11.34375,8.1875,11.90625],"rotation":0,"texture":"#0","tintindex":0},"up":{"uv":[12.375,6.1875,12.25,6.09375],"rotation":0,"texture":"#0","tintindex":0},"down":{"uv":[12.375,6.1875,12.25,6.28125],"rotation":0,"texture":"#0","tintindex":0}}},{"from":[6.857143,-5.1428576,17.714287],"to":[9.142858,4.0,18.285715],"rotation":{"angle":45.0,"axis":"x","origin":[8.0,3.4285712,8.571428]},"faces":{"east":{"uv":[2.96875,10.3125,3.0,10.8125],"rotation":0,"texture":"#0","tintindex":0},"south":{"uv":[4.3125,11.25,4.4375,11.75],"rotation":0,"texture":"#0","tintindex":0},"north":{"uv":[4.1875,11.25,4.3125,11.75],"rotation":0,"texture":"#0","tintindex":0},"west":{"uv":[3.0,10.3125,3.03125,10.8125],"rotation":0,"texture":"#0","tintindex":0},"up":{"uv":[6.1875,3.5,6.0625,3.46875],"rotation":0,"texture":"#0","tintindex":0},"down":{"uv":[6.28125,2.65625,6.15625,2.6875],"rotation":0,"texture":"#0","tintindex":0}}},{"from":[6.857143,1.7142854,18.285715],"to":[9.142858,4.0,19.428572],"rotation":{"angle":45.0,"axis":"x","origin":[8.0,3.4285712,8.571428]},"faces":{"east":{"uv":[1.03125,12.125,1.09375,12.25],"rotation":0,"texture":"#0","tintindex":0},"south":{"uv":[12.21875,10.0,12.34375,10.125],"rotation":0,"texture":"#0","tintindex":0},"north":{"uv":[12.21875,9.875,12.34375,10.0],"rotation":0,"texture":"#0","tintindex":0},"west":{"uv":[4.6875,12.125,4.75,12.25],"rotation":0,"texture":"#0","tintindex":0},"up":{"uv":[12.4375,1.6875,12.3125,1.625],"rotation":0,"texture":"#0","tintindex":0},"down":{"uv":[12.4375,4.59375,12.3125,4.65625],"rotation":0,"texture":"#0","tintindex":0}}},{"from":[7.428571,-1.1428576,18.857143],"to":[8.571428,1.1428566,19.428572],"rotation":{"angle":45.0,"axis":"x","origin":[8.0,3.4285712,8.571428]},"faces":{"east":{"uv":[4.90625,11.59375,4.9375,11.71875],"rotation":0,"texture":"#0","tintindex":0},"south":{"uv":[5.34375,12.15625,5.40625,12.28125],"rotation":0,"texture":"#0","tintindex":0},"north":{"uv":[6.375,12.125,6.4375,12.25],"rotation":0,"texture":"#0","tintindex":0},"west":{"uv":[4.90625,11.71875,4.9375,11.84375],"rotation":0,"texture":"#0","tintindex":0},"up":{"uv":[6.75,3.5,6.6875,3.46875],"rotation":0,"texture":"#0","tintindex":0},"down":{"uv":[6.78125,2.65625,6.71875,2.6875],"rotation":0,"texture":"#0","tintindex":0}}},{"from":[6.857143,-2.285715,18.285715],"to":[9.142858,0.0,18.857143],"rotation":{"angle":45.0,"axis":"x","origin":[8.0,3.4285712,8.571428]},"faces":{"east":{"uv":[5.375,11.71875,5.40625,11.84375],"rotation":0,"texture":"#0","tintindex":0},"south":{"uv":[10.3125,12.21875,10.4375,12.34375],"rotation":0,"texture":"#0","tintindex":0},"north":{"uv":[10.1875,12.21875,10.3125,12.34375],"rotation":0,"texture":"#0","tintindex":0},"west":{"uv":[8.84375,11.71875,8.875,11.84375],"rotation":0,"texture":"#0","tintindex":0},"up":{"uv":[6.3125,3.5,6.1875,3.46875],"rotation":0,"texture":"#0","tintindex":0},"down":{"uv":[6.40625,2.65625,6.28125,2.6875],"rotation":0,"texture":"#0","tintindex":0}}},{"from":[7.428571,-4.5714293,18.857143],"to":[8.571428,-2.285715,19.428572],"rotation":{"angle":45.0,"axis":"x","origin":[8.0,3.4285712,8.571428]},"faces":{"east":{"uv":[10.625,11.71875,10.65625,11.84375],"rotation":0,"texture":"#0","tintindex":0},"south":{"uv":[7.6875,12.21875,7.75,12.34375],"rotation":0,"texture":"#0","tintindex":0},"north":{"uv":[0.59375,12.21875,0.65625,12.34375],"rotation":0,"texture":"#0","tintindex":0},"west":{"uv":[5.9375,11.75,5.96875,11.875],"rotation":0,"texture":"#0","tintindex":0},"up":{"uv":[6.8125,3.5,6.75,3.46875],"rotation":0,"texture":"#0","tintindex":0},"down":{"uv":[6.84375,2.65625,6.78125,2.6875],"rotation":0,"texture":"#0","tintindex":0}}},{"from":[7.428571,-4.5714293,18.285715],"to":[8.571428,-3.4285717,18.857143],"rotation":{"angle":45.0,"axis":"x","origin":[8.0,3.4285712,8.571428]},"faces":{"east":{"uv":[4.5,8.8125,4.53125,8.875],"rotation":0,"texture":"#0","tintindex":0},"south":{"uv":[12.0,7.875,12.0625,7.9375],"rotation":0,"texture":"#0","tintindex":0},"north":{"uv":[0.65625,12.0,0.71875,12.0625],"rotation":0,"texture":"#0","tintindex":0},"west":{"uv":[8.875,7.375,8.90625,7.4375],"rotation":0,"texture":"#0","tintindex":0},"up":{"uv":[6.875,3.5,6.8125,3.46875],"rotation":0,"texture":"#0","tintindex":0},"down":{"uv":[6.96875,4.40625,6.90625,4.4375],"rotation":0,"texture":"#0","tintindex":0}}},{"from":[7.428571,2.8571424,19.428572],"to":[8.571428,6.285714,20.0],"rotation":{"angle":45.0,"axis":"x","origin":[8.0,3.4285712,8.571428]},"faces":{"east":{"uv":[8.875,9.8125,8.90625,10.0],"rotation":0,"texture":"#0","tintindex":0},"south":{"uv":[3.375,9.71875,3.4375,9.90625],"rotation":0,"texture":"#0","tintindex":0},"north":{"uv":[5.15625,9.625,5.21875,9.8125],"rotation":0,"texture":"#0","tintindex":0},