{"textures":{"0":"modelengine:entity/glavenus"},"elements":[{"from":[3.4285712,-10.8571415,1.1428566],"to":[10.857143,1.1428585,4.5714283],"rotation":{"angle":-45.0,"axis":"x","origin":[8.0,8.000002,-2.285715]},"faces":{"east":{"uv":[3.21875,10.15625,3.40625,10.8125],"rotation":0,"texture":"#0","tintindex":0},"south":{"uv":[7.625,4.6875,8.03125,5.34375],"rotation":0,"texture":"#0","tintindex":0},"north":{"uv":[2.1875,7.625,2.59375,8.28125],"rotation":0,"texture":"#0","tintindex":0},"west":{"uv":[3.40625,10.15625,3.59375,10.8125],"rotation":0,"texture":"#0","tintindex":0},"up":{"uv":[11.375,6.71875,10.96875,6.53125],"rotation":0,"texture":"#0","tintindex":0},"down":{"uv":[11.34375,10.96875,10.9375,11.15625],"rotation":0,"texture":"#0","tintindex":0}}},{"from":[4.0,-7.999998,0.5714283],"to":[10.285714,1.9073486E-6,8.571428],"rotation":{"angle":-45.0,"axis":"x","origin":[8.0,8.000002,-2.285715]},"faces":{"east":{"uv":[1.4375,8.8125,1.875,9.25],"rotation":0,"texture":"#0","tintindex":0},"south":{"uv":[9.71875,6.6875,10.0625,7.125],"rotation":0,"texture":"#0","tintindex":0},"north":{"uv":[6.40625,9.71875,6.75,10.15625],"rotation":0,"texture":"#0","tintindex":0},"west":{"uv":[3.75,8.8125,4.1875,9.25],"rotation":0,"texture":"#0","tintindex":0},"up":{"uv":[10.125,1.1875,9.78125,0.75],"rotation":0,"texture":"#0","tintindex":0},"down":{"uv":[4.0625,9.78125,3.71875,10.21875],"rotation":0,"texture":"#0","tintindex":0}}},{"from":[4.5714283,-16.0,0.5714283],"to":[10.285714,-7.999998,6.285714],"rotation":{"angle":-45.0,"axis":"x","origin":[8.0,8.000002,-2.285715]},"faces":{"east":{"uv":[0.84375,9.9375,1.15625,10.375],"rotation":0,"texture":"#0","tintindex":0},"south":{"uv":[9.96875,2.0,10.28125,2.4375],"rotation":0,"texture":"#0","tintindex":0},"north":{"uv":[0.0,9.9375,0.3125,10.375],"rotation":0,"texture":"#0","tintindex":0},"west":{"uv":[5.15625,9.96875,5.46875,10.40625],"rotation":0,"texture":"#0","tintindex":0},"up":{"uv":[9.78125,10.78125,9.46875,10.46875],"rotation":0,"texture":"#0","tintindex":0},"down":{"uv":[8.21875,10.5,7.90625,10.8125],"rotation":0,"texture":"#0","tintindex":0}}},{"from":[5.142857,-0.57142735,2.2857141],"to":[9.142858,2.8571444,6.857143],"rotation":{"angle":-45.0,"axis":"x","origin":[8.0,8.000002,-2.285715]},"faces":{"east":{"uv":[11.53125,7.125,11.78125,7.3125],"rotation":0,"texture":"#0","tintindex":0},"south":{"uv":[11.71875,0.21875,11.9375,0.40625],"rotation":0,"texture":"#0","tintindex":0},"north":{"uv":[0.1875,11.71875,0.40625,11.90625],"rotation":0,"texture":"#0","tintindex":0},"west":{"uv":[11.53125,7.96875,11.78125,8.15625],"rotation":0,"texture":"#0","tintindex":0},"up":{"uv":[11.53125,9.90625,11.3125,9.65625],"rotation":0,"texture":"#0","tintindex":0},"down":{"uv":[11.53125,9.90625,11.3125,10.15625],"rotation":0,"texture":"#0","tintindex":0}}}],"display":{"head":{"translation":[0.0,-6.4000077,0.0],"scale":[4.0,4.0,4.0]}}}