{"textures":{"0":"modelengine:entity/glavenus"},"elements":[{"from":[6.285714,6.857143,6.857143],"to":[9.714286,10.285714,10.857143],"rotation":{"angle":22.5,"axis":"x","origin":[8.0,6.285714,7.428571]},"faces":{"east":{"uv":[11.71875,1.3125,11.9375,1.5],"rotation":0,"texture":"#0","tintindex":0},"south":{"uv":[11.78125,11.65625,11.96875,11.84375],"rotation":0,"texture":"#0","tintindex":0},"north":{"uv":[9.96875,9.28125,10.15625,9.46875],"rotation":0,"texture":"#0","tintindex":0},"west":{"uv":[11.71875,1.71875,11.9375,1.90625],"rotation":0,"texture":"#0","tintindex":0},"up":{"uv":[2.03125,11.9375,1.84375,11.71875],"rotation":0,"texture":"#0","tintindex":0},"down":{"uv":[11.90625,4.0,11.71875,4.21875],"rotation":0,"texture":"#0","tintindex":0}}},{"from":[5.714286,-1.1428576,6.285714],"to":[10.285714,8.571428,9.142858],"rotation":{"angle":22.5,"axis":"x","origin":[8.0,6.285714,7.428571]},"faces":{"east":{"uv":[7.90625,10.8125,8.0625,11.34375],"rotation":0,"texture":"#0","tintindex":0},"south":{"uv":[6.0625,9.96875,6.3125,10.5],"rotation":0,"texture":"#0","tintindex":0},"north":{"uv":[8.625,9.8125,8.875,10.34375],"rotation":0,"texture":"#0","tintindex":0},"west":{"uv":[8.0625,10.8125,8.21875,11.34375],"rotation":0,"texture":"#0","tintindex":0},"up":{"uv":[11.96875,11.25,11.71875,11.09375],"rotation":0,"texture":"#0","tintindex":0},"down":{"uv":[12.0,0.65625,11.75,0.8125],"rotation":0,"texture":"#0","tintindex":0}}},{"from":[6.285714,-2.285715,4.5714283],"to":[9.714286,8.571428,7.428571],"rotation":{"angle":22.5,"axis":"x","origin":[8.0,6.285714,7.428571]},"faces":{"east":{"uv":[6.8125,10.71875,6.96875,11.3125],"rotation":0,"texture":"#0","tintindex":0},"south":{"uv":[4.34375,10.3125,4.53125,10.90625],"rotation":0,"texture":"#0","tintindex":0},"north":{"uv":[2.78125,10.3125,2.96875,10.90625],"rotation":0,"texture":"#0","tintindex":0},"west":{"uv":[6.96875,10.71875,7.125,11.3125],"rotation":0,"texture":"#0","tintindex":0},"up":{"uv":[8.875,12.125,8.6875,11.96875],"rotation":0,"texture":"#0","tintindex":0},"down":{"uv":[10.09375,11.96875,9.90625,12.125],"rotation":0,"texture":"#0","tintindex":0}}}],"display":{"head":{"translation":[0.0,-6.4,0.0],"scale":[4.0,4.0,4.0]}}}