{"textures":{"0":"modelengine:entity/glavenus"},"elements":[{"from":[5.714286,2.8571424,-7.4285717],"to":[12.571428,11.428572,14.285715],"rotation":{"angle":-45.0,"axis":"x","origin":[12.571428,9.142858,8.571428]},"faces":{"east":{"uv":[4.84375,1.75,6.03125,2.21875],"rotation":0,"texture":"#0","tintindex":0},"south":{"uv":[4.84375,9.15625,5.21875,9.625],"rotation":0,"texture":"#0","tintindex":0},"north":{"uv":[9.09375,5.40625,9.46875,5.875],"rotation":0,"texture":"#0","tintindex":0},"west":{"uv":[4.96875,2.21875,6.15625,2.6875],"rotation":0,"texture":"#0","tintindex":0},"up":{"uv":[1.8125,7.09375,1.4375,5.90625],"rotation":0,"texture":"#0","tintindex":0},"down":{"uv":[2.1875,5.90625,1.8125,7.09375],"rotation":0,"texture":"#0","tintindex":0}}},{"from":[9.142858,5.142857,0.5714283],"to":[16.0,10.857143,13.714286],"rotation":{"angle":-45.0,"axis":"x","origin":[12.571428,9.142858,8.571428]},"faces":{"east":{"uv":[8.28125,7.96875,9.0,8.28125],"rotation":0,"texture":"#0","tintindex":0},"south":{"uv":[2.0,10.21875,2.375,10.53125],"rotation":0,"texture":"#0","tintindex":0},"north":{"uv":[10.1875,7.90625,10.5625,8.21875],"rotation":0,"texture":"#0","tintindex":0},"west":{"uv":[8.28125,8.28125,9.0,8.59375],"rotation":0,"texture":"#0","tintindex":0},"up":{"uv":[7.875,7.46875,7.5,6.75],"rotation":0,"texture":"#0","tintindex":0},"down":{"uv":[7.875,7.46875,7.5,8.1875],"rotation":0,"texture":"#0","tintindex":0}}},{"from":[4.5714283,9.714286,-2.285715],"to":[12.0,14.857143,17.142857],"rotation":{"angle":-45.0,"axis":"x","origin":[12.571428,9.142858,8.571428]},"faces":{"east":{"uv":[7.46875,0.0,8.53125,0.28125],"rotation":0,"texture":"#0","tintindex":0},"south":{"uv":[10.3125,1.15625,10.71875,1.4375],"rotation":0,"texture":"#0","tintindex":0},"north":{"uv":[10.28125,2.0,10.6875,2.28125],"rotation":0,"texture":"#0","tintindex":0},"west":{"uv":[7.46875,0.28125,8.53125,0.5625],"rotation":0,"texture":"#0","tintindex":0},"up":{"uv":[4.15625,7.21875,3.75,6.15625],"rotation":0,"texture":"#0","tintindex":0},"down":{"uv":[4.5625,6.15625,4.15625,7.21875],"rotation":0,"texture":"#0","tintindex":0}}},{"from":[4.5714283,1.1428566,-2.8571434],"to":[12.0,5.714286,12.571428],"rotation":{"angle":-45.0,"axis":"x","origin":[12.571428,9.142858,8.571428]},"faces":{"east":{"uv":[7.84375,8.59375,8.6875,8.84375],"rotation":0,"texture":"#0","tintindex":0},"south":{"uv":[5.65625,10.5,6.0625,10.75],"rotation":0,"texture":"#0","tintindex":0},"north":{"uv":[10.5,5.03125,10.90625,5.28125],"rotation":0,"texture":"#0","tintindex":0},"west":{"uv":[2.28125,8.625,3.125,8.875],"rotation":0,"texture":"#0","tintindex":0},"up":{"uv":[3.90625,8.0625,3.5,7.21875],"rotation":0,"texture":"#0","tintindex":0},"down":{"uv":[4.3125,7.21875,3.90625,8.0625],"rotation":0,"texture":"#0","tintindex":0}}},{"from":[4.0,13.714286,-4.000001],"to":[6.857143,16.57143,9.142858],"rotation":{"angle":-45.0,"axis":"x","origin":[12.571428,9.142858,8.571428]},"faces":{"east":{"uv":[6.75,10.3125,7.46875,10.46875],"rotation":0,"texture":"#0","tintindex":0},"south":{"uv":[12.0625,12.0,12.21875,12.15625],"rotation":0,"texture":"#0","tintindex":0},"north":{"uv":[11.71875,12.0625,11.875,12.21875],"rotation":0,"texture":"#0","tintindex":0},"west":{"uv":[9.0625,10.3125,9.78125,10.46875],"rotation":0,"texture":"#0","tintindex":0},"up":{"uv":[0.65625,10.96875,0.5,10.25],"rotation":0,"texture":"#0","tintindex":0},"down":{"uv":[0.8125,10.25,0.65625,10.96875],"rotation":0,"texture":"#0","tintindex":0}}},{"from":[5.142857,9.142858,-9.1428585],"to":[10.285714,12.571428,1.7142854],"rotation":{"angle":-45.0,"axis":"x","origin":[12.571428,9.142858,8.571428]},"faces":{"east":{"uv":[10.34375,4.0,10.9375,4.1875],"rotation":0,"texture":"#0","tintindex":0},"south":{"uv":[11.375,3.0625,11.65625,3.25],"rotation":0,"texture":"#0","tintindex":0},"north":{"uv":[11.375,2.5625,11.65625,2.75],"rotation":0,"texture":"#0","tintindex":0},"west":{"uv":[10.34375,4.1875,10.9375,4.375],"rotation":0,"texture":"#0","tintindex":0},"up":{"uv":[0.875,9.84375,0.59375,9.25],"rotation":0,"texture":"#0","tintindex":0},"down":{"uv":[1.71875,9.25,1.4375,9.84375],"rotation":0,"texture":"#0","tintindex":0}}},{"from":[6.857143,9.142858,-13.1428585],"to":[9.142858,11.428572,-9.1428585],"rotation":{"angle":-45.0,"axis":"x","origin":[12.571428,9.142858,8.571428]},"faces":{"east":{"uv":[12.03125,2.125,12.25,2.25],"rotation":0,"texture":"#0","tintindex":0},"south":{"uv":[0.1875,12.25,0.3125,12.375],"rotation":0,"texture":"#0","tintindex":0},"north":{"uv":[12.25,0.09375,12.375,0.21875],"rotation":0,"texture":"#0","tintindex":0},"west":{"uv":[12.03125,4.40625,12.25,4.53125],"rotation":0,"texture":"#0","tintindex":0},"up":{"uv":[6.5625,12.25,6.4375,12.03125],"rotation":0,"texture":"#0","tintindex":0},"down":{"uv":[6.78125,12.03125,6.65625,12.25],"rotation":0,"texture":"#0","tintindex":0}}},{"from":[4.5714283,-6.285715,-2.285715],"to":[6.857143,-1.7142859,-0.57142925],"rotation":{"angle":0.0,"axis":"y","origin":[12.571428,9.142858,8.571428]},"faces":{"east":{"uv":[12.125,2.96875,12.21875,3.21875],"rotation":0,"texture":"#0","tintindex":0},"south":{"uv":[5.28125,11.90625,5.40625,12.15625],"rotation":0,"texture":"#0","tintindex":0},"north":{"uv":[5.15625,11.90625,5.28125,12.15625],"rotation":0,"texture":"#0","tintindex":0},"west":{"uv":[3.5625,12.125,3.65625,12.375],"rotation":0,"texture":"#0","tintindex":0},"up":{"uv":[6.625,12.34375,6.5,12.25],"rotation":0,"texture":"#0","tintindex":0},"down":{"uv":[6.75,12.25,6.625,12.34375],"rotation":0,"texture":"#0","tintindex":0}}},{"from":[4.0,-4.000001,-2.8571434],"to":[6.857143,0.5714283,0.0],"rotation":{"angle":0.0,"axis":"y","origin":[12.571428,9.142858,8.571428]},"faces":{"east":{"uv":[10.0625,11.71875,10.21875,11.96875],"rotation":0,"texture":"#0","tintindex":0},"south":{"uv":[10.46875,11.71875,10.625,11.96875],"rotation":0,"texture":"#0","tintindex":0},"north":{"uv":[9.90625,11.71875,10.0625,11.96875],"rotation":0,"texture":"#0","tintindex":0},"west":{"uv":[0.40625,11.75,0.5625,12.0],"rotation":0,"texture":"#0","tintindex":0},"up":{"uv":[12.25,0.28125,12.09375,0.125],"rotation":0,"texture":"#0","tintindex":0},"down":{"uv":[12.25,0.9375,12.09375,1.09375],"rotation":0,"texture":"#0","tintindex":0}}},{"from":[4.0,2.2857141,6.285714],"to":[6.857143,5.142857,15.428572],"rotation":{"angle":-45.0,"axis":"x","origin":[12.571428,9.142858,8.571428]},"faces":{"east":{"uv":[10.9375,10.65625,11.4375,10.8125],"rotation":0,"texture":"#0","tintindex":0},"south":{"uv":[12.09375,1.375,12.25,1.53125],"rotation":0,"texture":"#0","tintindex":0},"north":{"uv":[12.09375,1.21875,12.25,1.375],"rotation":0,"texture":"#0","tintindex":0},"west":{"uv":[10.9375,10.8125,11.4375,10.96875],"rotation":0,"texture":"#0","tintindex":0},"up":{"uv":[8.5,11.4375,8.34375,10.9375],"rotation":0,"texture":"#0","tintindex":0},"down":{"uv":[8.90625,10.9375,8.75,11.4375],"rotation":0,"texture":"#0","tintindex":0}}},{"from":[4.0,4.5714283,-4.5714293],"to":[6.857143,7.428571,2.8571424],"rotation":{"angle":-45.0,"axis":"x","origin":[12.571428,9.142858,8.571428]},"faces":{"east":{"uv":[10.84375,11.15625,11.25,11.3125],"rotation":0,"texture":"#0","tintindex":0},"south":{"uv":[2.34375,12.09375,2.5,12.25],"rotation":0,"texture":"#0","tintindex":0},"north":{"uv":[12.09375,1.71875,12.25,1.875],"rotation":0,"texture":"#0","tintindex":0},"west":{"uv":[11.1875,3.625,11.59375,3.78125],"rotation":0,"texture":"#0","tintindex":0},"up":{"uv":[0.59375,11.625,0.4375,11.21875],"rotation":0,"texture":"#0","tintindex":0},"down":{"uv":[0.75,11.21875,0.59375,11.625],"rotation":0,"texture":"#0","tintindex":0}}},{"from":[3.4285712,15.428572,-5.714287],"to":[5.142857,17.142857,2.8571424],"rotation":{"angle":-45.0,"axis":"x","origin":[12.571428,9.142858,8.571428]},"faces":{"east":{"uv":[11.53125,6.59375,12.0,6.6875],"rotation":0,"texture":"#0","tintindex":0},"south":{"uv":[12.3125,10.125,12.40625,10.21875],"rotation":0,"texture":"#0","tintindex":0},"north":{"uv":[12.3125,9.34375,12.40625,9.4375],"rotation":0,