{"textures":{"0":"modelengine:entity/glavenus"},"elements":[{"from":[6.285714,7.428571,1.1428566],"to":[8.571428,10.857143,9.142858],"rotation":{"angle":0.0,"axis":"y","origin":[6.285714,8.0,5.142857]},"faces":{"east":{"uv":[10.9375,7.25,11.375,7.4375],"rotation":0,"texture":"#0","tintindex":0},"south":{"uv":[3.90625,12.125,4.03125,12.3125],"rotation":0,"texture":"#0","tintindex":0},"north":{"uv":[12.125,3.71875,12.25,3.90625],"rotation":0,"texture":"#0","tintindex":0},"west":{"uv":[10.9375,7.4375,11.375,7.625],"rotation":0,"texture":"#0","tintindex":0},"up":{"uv":[10.96875,11.75,10.84375,11.3125],"rotation":0,"texture":"#0","tintindex":0},"down":{"uv":[11.09375,11.3125,10.96875,11.75],"rotation":0,"texture":"#0","tintindex":0}}},{"from":[6.857143,8.571428,2.8571424],"to":[9.142858,11.428572,10.857143],"rotation":{"angle":-22.5,"axis":"x","origin":[6.285714,8.0,5.142857]},"faces":{"east":{"uv":[7.125,11.125,7.5625,11.28125],"rotation":0,"texture":"#0","tintindex":0},"south":{"uv":[12.21875,5.40625,12.34375,5.5625],"rotation":0,"texture":"#0","tintindex":0},"north":{"uv":[12.21875,5.25,12.34375,5.40625],"rotation":0,"texture":"#0","tintindex":0},"west":{"uv":[9.96875,11.125,10.40625,11.28125],"rotation":0,"texture":"#0","tintindex":0},"up":{"uv":[11.21875,11.75,11.09375,11.3125],"rotation":0,"texture":"#0","tintindex":0},"down":{"uv":[1.75,11.34375,1.625,11.78125],"rotation":0,"texture":"#0","tintindex":0}}},{"from":[11.428572,13.714286,-1.7142859],"to":[12.571428,14.857143,0.5714283],"rotation":{"angle":-45.0,"axis":"x","origin":[10.285714,8.0,5.142857]},"faces":{"east":{"uv":[12.3125,9.4375,12.4375,9.5],"rotation":0,"texture":"#0","tintindex":0},"south":{"uv":[12.34375,6.5625,12.40625,6.625],"rotation":0,"texture":"#0","tintindex":0},"north":{"uv":[6.5625,12.34375,6.625,12.40625],"rotation":0,"texture":"#0","tintindex":0},"west":{"uv":[12.34375,2.9375,12.46875,3.0],"rotation":0,"texture":"#0","tintindex":0},"up":{"uv":[12.40625,3.125,12.34375,3.0],"rotation":0,"texture":"#0","tintindex":0},"down":{"uv":[12.40625,3.125,12.34375,3.25],"rotation":0,"texture":"#0","tintindex":0}}},{"from":[10.857143,5.142857,-2.8571434],"to":[12.0,6.857143,0.0],"rotation":{"angle":22.5,"axis":"x","origin":[10.285714,8.0,5.142857]},"faces":{"east":{"uv":[12.25,2.09375,12.40625,2.1875],"rotation":0,"texture":"#0","tintindex":0},"south":{"uv":[4.84375,12.0625,4.90625,12.15625],"rotation":0,"texture":"#0","tintindex":0},"north":{"uv":[11.15625,12.0,11.21875,12.09375],"rotation":0,"texture":"#0","tintindex":0},"west":{"uv":[2.21875,12.25,2.375,12.34375],"rotation":0,"texture":"#0","tintindex":0},"up":{"uv":[5.03125,11.09375,4.96875,10.9375],"rotation":0,"texture":"#0","tintindex":0},"down":{"uv":[9.15625,10.9375,9.09375,11.09375],"rotation":0,"texture":"#0","tintindex":0}}},{"from":[10.285714,8.0,-1.7142859],"to":[12.571428,10.285714,3.4285712],"rotation":{"angle":0.0,"axis":"y","origin":[10.285714,8.0,5.142857]},"faces":{"east":{"uv":[11.8125,7.25,12.09375,7.375],"rotation":0,"texture":"#0","tintindex":0},"south":{"uv":[12.25,0.34375,12.375,0.46875],"rotation":0,"texture":"#0","tintindex":0},"north":{"uv":[12.25,0.21875,12.375,0.34375],"rotation":0,"texture":"#0","tintindex":0},"west":{"uv":[11.8125,8.0625,12.09375,8.1875],"rotation":0,"texture":"#0","tintindex":0},"up":{"uv":[9.21875,12.09375,9.09375,11.8125],"rotation":0,"texture":"#0","tintindex":0},"down":{"uv":[9.65625,11.8125,9.53125,12.09375],"rotation":0,"texture":"#0","tintindex":0}}},{"from":[9.142858,7.428571,1.1428566],"to":[11.428572,9.714286,9.142858],"rotation":{"angle":-22.5,"axis":"y","origin":[10.285714,8.0,5.142857]},"faces":{"east":{"uv":[2.78125,11.34375,3.21875,11.46875],"rotation":0,"texture":"#0","tintindex":0},"south":{"uv":[12.25,0.84375,12.375,0.96875],"rotation":0,"texture":"#0","tintindex":0},"north":{"uv":[0.84375,12.25,0.96875,12.375],"rotation":0,"texture":"#0","tintindex":0},"west":{"uv":[3.21875,11.34375,3.65625,11.46875],"rotation":0,"texture":"#0","tintindex":0},"up":{"uv":[3.78125,11.78125,3.65625,11.34375],"rotation":0,"texture":"#0","tintindex":0},"down":{"uv":[3.90625,11.34375,3.78125,11.78125],"rotation":0,"texture":"#0","tintindex":0}}},{"from":[1.7142854,12.571428,0.0],"to":[2.8571424,13.714286,2.2857141],"rotation":{"angle":-45.0,"axis":"x","origin":[2.8571424,8.0,5.142857]},"faces":{"east":{"uv":[12.34375,3.25,12.46875,3.3125],"rotation":0,"texture":"#0","tintindex":0},"south":{"uv":[12.34375,6.625,12.40625,6.6875],"rotation":0,"texture":"#0","tintindex":0},"north":{"uv":[6.625,12.34375,6.6875,12.40625],"rotation":0,"texture":"#0","tintindex":0},"west":{"uv":[3.3125,12.34375,3.4375,12.40625],"rotation":0,"texture":"#0","tintindex":0},"up":{"uv":[3.71875,12.46875,3.65625,12.34375],"rotation":0,"texture":"#0","tintindex":0},"down":{"uv":[12.40625,4.0,12.34375,4.125],"rotation":0,"texture":"#0","tintindex":0}}},{"from":[1.7142854,6.285714,-1.7142859],"to":[2.8571424,8.0,1.1428566],"rotation":{"angle":22.5,"axis":"x","origin":[2.8571424,8.0,5.142857]},"faces":{"east":{"uv":[2.375,12.25,2.53125,12.34375],"rotation":0,"texture":"#0","tintindex":0},"south":{"uv":[12.15625,5.8125,12.21875,5.90625],"rotation":0,"texture":"#0","tintindex":0},"north":{"uv":[7.5625,12.125,7.625,12.21875],"rotation":0,"texture":"#0","tintindex":0},"west":{"uv":[12.25,2.84375,12.40625,2.9375],"rotation":0,"texture":"#0","tintindex":0},"up":{"uv":[5.5625,11.28125,5.5,11.125],"rotation":0,"texture":"#0","tintindex":0},"down":{"uv":[6.4375,11.125,6.375,11.28125],"rotation":0,"texture":"#0","tintindex":0}}},{"from":[3.4285712,8.0,0.0],"to":[5.714286,10.285714,5.142857],"rotation":{"angle":22.5,"axis":"y","origin":[2.8571424,8.0,5.142857]},"faces":{"east":{"uv":[11.8125,8.1875,12.09375,8.3125],"rotation":0,"texture":"#0","tintindex":0},"south":{"uv":[12.25,0.96875,12.375,1.09375],"rotation":0,"texture":"#0","tintindex":0},"north":{"uv":[0.96875,12.25,1.09375,12.375],"rotation":0,"texture":"#0","tintindex":0},"west":{"uv":[11.84375,2.5,12.125,2.625],"rotation":0,"texture":"#0","tintindex":0},"up":{"uv":[0.96875,12.125,0.84375,11.84375],"rotation":0,"texture":"#0","tintindex":0},"down":{"uv":[1.09375,11.84375,0.96875,12.125],"rotation":0,"texture":"#0","tintindex":0}}},{"from":[2.8571424,7.428571,4.5714283],"to":[5.142857,9.714286,9.142858],"rotation":{"angle":22.5,"axis":"y","origin":[2.8571424,8.0,5.142857]},"faces":{"east":{"uv":[11.90625,4.0,12.15625,4.125],"rotation":0,"texture":"#0","tintindex":0},"south":{"uv":[12.25,1.34375,12.375,1.46875],"rotation":0,"texture":"#0","tintindex":0},"north":{"uv":[12.25,1.21875,12.375,1.34375],"rotation":0,"texture":"#0","tintindex":0},"west":{"uv":[11.90625,4.53125,12.15625,4.65625],"rotation":0,"texture":"#0","tintindex":0},"up":{"uv":[5.625,12.15625,5.5,11.90625],"rotation":0,"texture":"#0","tintindex":0},"down":{"uv":[12.03125,5.65625,11.90625,5.90625],"rotation":0,"texture":"#0","tintindex":0}}},{"from":[6.857143,7.428571,10.285714],"to":[10.285714,9.714286,12.571428],"rotation":{"angle":22.5,"axis":"y","origin":[2.8571424,8.0,5.142857]},"faces":{"east":{"uv":[1.4375,12.25,1.5625,12.375],"rotation":0,"texture":"#0","tintindex":0},"south":{"uv":[12.125,4.96875,12.3125,5.09375],"rotation":0,"texture":"#0","tintindex":0},"north":{"uv":[12.125,2.5,12.3125,2.625],"rotation":0,"texture":"#0","tintindex":0},"west":{"uv":[12.25,1.6875,12.375,1.8125],"rotation":0,"texture":"#0","tintindex":0},"up":{"uv":[6.28125,12.25,6.09375,12.125],"rotation":0,"texture":"#0","tintindex":0},"down":{"uv":[12.3125,6.78125,12.125,6.90625],"rotation":0,"texture":"#0","tintindex":0}}},{"from":[10.285714,8.0,10.857143],"to":[12.0,9.142858,12.0],"rotation":{"angle":22.5,"axis":"y","origin":[2.8571424,8.0,5.142857]},"faces":{"east":{"uv":[6.6875,12.34375,6.75,12.40625],"rotation":0,"texture":"#0","tintindex":0},"south":{"uv":[10.90625,7.8125,11.0,7.875],"rotation":0,"texture":"#0","tintindex":0},"north":{"uv":[9.375,10.71875,9.46875,10.78125],"rotation":0,"texture":"#0","tintindex":0},