{"textures":{"0":"modelengine:entity/glavenus"},"elements":[{"from":[4.5714283,3.4285712,-11.428572],"to":[11.428572,10.857143,12.0],"rotation":{"angle":0.0,"axis":"y","origin":[8.0,5.714286,13.142858]},"faces":{"east":{"uv":[3.875,5.46875,5.15625,5.875],"rotation":0,"texture":"#0","tintindex":0},"south":{"uv":[10.0625,6.6875,10.375,7.09375],"rotation":0,"texture":"#0","tintindex":0},"north":{"uv":[4.71875,10.0625,5.03125,10.46875],"rotation":0,"texture":"#0","tintindex":0},"west":{"uv":[5.15625,5.46875,6.4375,5.875],"rotation":0,"texture":"#0","tintindex":0},"up":{"uv":[0.84375,7.53125,0.53125,6.25],"rotation":0,"texture":"#0","tintindex":0},"down":{"uv":[1.15625,6.25,0.84375,7.53125],"rotation":0,"texture":"#0","tintindex":0}}},{"from":[5.142857,0.0,-4.5714293],"to":[10.857143,5.142857,12.0],"rotation":{"angle":0.0,"axis":"y","origin":[8.0,5.714286,13.142858]},"faces":{"east":{"uv":[2.15625,3.28125,3.0625,3.5625],"rotation":0,"texture":"#0","tintindex":0},"south":{"uv":[11.0625,1.34375,11.3125,1.625],"rotation":0,"texture":"#0","tintindex":0},"north":{"uv":[11.03125,10.25,11.28125,10.53125],"rotation":0,"texture":"#0","tintindex":0},"west":{"uv":[7.875,7.6875,8.78125,7.96875],"rotation":0,"texture":"#0","tintindex":0},"up":{"uv":[5.625,7.0625,5.375,6.15625],"rotation":0,"texture":"#0","tintindex":0},"down":{"uv":[5.71875,8.03125,5.46875,8.9375],"rotation":0,"texture":"#0","tintindex":0}}},{"from":[5.714286,1.1428566,-10.857143],"to":[10.285714,5.142857,5.714286],"rotation":{"angle":0.0,"axis":"y","origin":[8.0,5.714286,13.142858]},"faces":{"east":{"uv":[8.6875,0.84375,9.59375,1.0625],"rotation":0,"texture":"#0","tintindex":0},"south":{"uv":[11.65625,3.0,11.84375,3.21875],"rotation":0,"texture":"#0","tintindex":0},"north":{"uv":[2.59375,11.65625,2.78125,11.875],"rotation":0,"texture":"#0","tintindex":0},"west":{"uv":[8.6875,8.59375,9.59375,8.8125],"rotation":0,"texture":"#0","tintindex":0},"up":{"uv":[1.0625,9.46875,0.875,8.5625],"rotation":0,"texture":"#0","tintindex":0},"down":{"uv":[3.03125,8.875,2.84375,9.78125],"rotation":0,"texture":"#0","tintindex":0}}},{"from":[2.2857141,5.142857,-8.0],"to":[13.714286,10.285714,12.571428],"rotation":{"angle":0.0,"axis":"y","origin":[8.0,5.714286,13.142858]},"faces":{"east":{"uv":[7.40625,1.125,8.53125,1.40625],"rotation":0,"texture":"#0","tintindex":0},"south":{"uv":[9.21875,4.96875,9.8125,5.25],"rotation":0,"texture":"#0","tintindex":0},"north":{"uv":[9.21875,4.6875,9.8125,4.96875],"rotation":0,"texture":"#0","tintindex":0},"west":{"uv":[7.40625,1.40625,8.53125,1.6875],"rotation":0,"texture":"#0","tintindex":0},"up":{"uv":[4.84375,1.125,4.25,0.0],"rotation":0,"texture":"#0","tintindex":0},"down":{"uv":[4.84375,1.125,4.25,2.25],"rotation":0,"texture":"#0","tintindex":0}}},{"from":[4.0,10.285714,-8.57143],"to":[12.0,13.714286,11.428572],"rotation":{"angle":0.0,"axis":"y","origin":[8.0,5.714286,13.142858]},"faces":{"east":{"uv":[4.96875,2.96875,6.0625,3.15625],"rotation":0,"texture":"#0","tintindex":0},"south":{"uv":[10.96875,3.09375,11.375,3.28125],"rotation":0,"texture":"#0","tintindex":0},"north":{"uv":[10.96875,0.96875,11.375,1.15625],"rotation":0,"texture":"#0","tintindex":0},"west":{"uv":[8.625,2.96875,9.71875,3.15625],"rotation":0,"texture":"#0","tintindex":0},"up":{"uv":[2.59375,7.0,2.1875,5.90625],"rotation":0,"texture":"#0","tintindex":0},"down":{"uv":[3.0,5.90625,2.59375,7.0],"rotation":0,"texture":"#0","tintindex":0}}},{"from":[5.714286,13.714286,-8.57143],"to":[10.285714,15.428572,11.428572],"rotation":{"angle":0.0,"axis":"y","origin":[8.0,5.714286,13.142858]},"faces":{"east":{"uv":[10.15625,0.65625,11.25,0.75],"rotation":0,"texture":"#0","tintindex":0},"south":{"uv":[12.125,10.25,12.34375,10.34375],"rotation":0,"texture":"#0","tintindex":0},"north":{"uv":[9.625,9.46875,9.84375,9.5625],"rotation":0,"texture":"#0","tintindex":0},"west":{"uv":[10.28125,1.75,11.375,1.84375],"rotation":0,"texture":"#0","tintindex":0},"up":{"uv":[7.46875,8.8125,7.25,7.71875],"rotation":0,"texture":"#0","tintindex":0},"down":{"uv":[6.34375,7.84375,6.125,8.9375],"rotation":0,"texture":"#0","tintindex":0}}},{"from":[5.714286,15.428572,-7.4285717],"to":[10.285714,18.285715,-0.57142925],"rotation":{"angle":0.0,"axis":"y","origin":[8.0,5.714286,13.142858]},"faces":{"east":{"uv":[11.25,9.0,11.625,9.15625],"rotation":0,"texture":"#0","tintindex":0},"south":{"uv":[11.84375,11.25,12.0625,11.40625],"rotation":0,"texture":"#0","tintindex":0},"north":{"uv":[11.0,11.84375,11.21875,12.0],"rotation":0,"texture":"#0","tintindex":0},"west":{"uv":[5.9375,11.28125,6.3125,11.4375],"rotation":0,"texture":"#0","tintindex":0},"up":{"uv":[11.03125,9.59375,10.8125,9.21875],"rotation":0,"texture":"#0","tintindex":0},"down":{"uv":[11.0625,8.09375,10.84375,8.46875],"rotation":0,"texture":"#0","tintindex":0}}},{"from":[6.857143,17.714287,1.7142854],"to":[9.142858,18.857143,4.5714283],"rotation":{"angle":0.0,"axis":"y","origin":[8.0,5.714286,13.142858]},"faces":{"east":{"uv":[11.46875,8.9375,11.625,9.0],"rotation":0,"texture":"#0","tintindex":0},"south":{"uv":[7.15625,8.75,7.25,8.8125],"rotation":0,"texture":"#0","tintindex":0},"north":{"uv":[8.53125,6.4375,8.625,6.5],"rotation":0,"texture":"#0","tintindex":0},"west":{"uv":[11.53125,4.53125,11.6875,4.59375],"rotation":0,"texture":"#0","tintindex":0},"up":{"uv":[9.46875,1.625,9.375,1.46875],"rotation":0,"texture":"#0","tintindex":0},"down":{"uv":[5.75,10.34375,5.65625,10.5],"rotation":0,"texture":"#0","tintindex":0}}},{"from":[6.285714,16.57143,2.8571424],"to":[9.714286,18.285715,8.0],"rotation":{"angle":0.0,"axis":"y","origin":[8.0,5.714286,13.142858]},"faces":{"east":{"uv":[11.96875,0.84375,12.25,0.9375],"rotation":0,"texture":"#0","tintindex":0},"south":{"uv":[12.1875,2.25,12.34375,2.34375],"rotation":0,"texture":"#0","tintindex":0},"north":{"uv":[11.375,1.75,11.53125,1.84375],"rotation":0,"texture":"#0","tintindex":0},"west":{"uv":[12.03125,4.75,12.3125,4.84375],"rotation":0,"texture":"#0","tintindex":0},"up":{"uv":[11.6875,10.125,11.53125,9.84375],"rotation":0,"texture":"#0","tintindex":0},"down":{"uv":[1.09375,11.5625,0.9375,11.84375],"rotation":0,"texture":"#0","tintindex":0}}},{"from":[5.714286,15.428572,4.5714283],"to":[10.285714,17.142857,10.285714],"rotation":{"angle":0.0,"axis":"y","origin":[8.0,5.714286,13.142858]},"faces":{"east":{"uv":[5.40625,8.9375,5.71875,9.03125],"rotation":0,"texture":"#0","tintindex":0},"south":{"uv":[12.125,11.78125,12.34375,11.875],"rotation":0,"texture":"#0","tintindex":0},"north":{"uv":[12.125,11.03125,12.34375,11.125],"rotation":0,"texture":"#0","tintindex":0},"west":{"uv":[11.90625,4.65625,12.21875,4.75],"rotation":0,"texture":"#0","tintindex":0},"up":{"uv":[5.9375,11.40625,5.71875,11.09375],"rotation":0,"texture":"#0","tintindex":0},"down":{"uv":[10.6875,11.09375,10.46875,11.40625],"rotation":0,"texture":"#0","tintindex":0}}},{"from":[6.285714,17.142857,-9.1428585],"to":[9.714286,20.0,-4.000001],"rotation":{"angle":0.0,"axis":"y","origin":[8.0,5.714286,13.142858]},"faces":{"east":{"uv":[10.40625,1.84375,10.6875,2.0],"rotation":0,"texture":"#0","tintindex":0},"south":{"uv":[8.90625,12.0625,9.0625,12.21875],"rotation":0,"texture":"#0","tintindex":0},"north":{"uv":[8.5,12.0625,8.65625,12.21875],"rotation":0,"texture":"#0","tintindex":0},"west":{"uv":[11.53125,7.3125,11.8125,7.46875],"rotation":0,"texture":"#0","tintindex":0},"up":{"uv":[11.71875,1.59375,11.5625,1.3125],"rotation":0,"texture":"#0","tintindex":0},"down":{"uv":[11.71875,1.75,11.5625,2.03125],"rotation":0,"texture":"#0","tintindex":0}}},{"from":[6.857143,20.0,-12.0],"to":[9.142858,21.142857,-6.285715],"rotation":{"angle":0.0,"axis":"y","origin":[8.0,5.714286,13.142858]},"faces":{"east":{"uv":[2.28125,8.5625,2.59375,8.625],"rotation":0,"texture":"#0","tintindex":0},"south":{"uv":[9.34375,7.625,9.4375,7.6875],"rotation":0,"texture":"#0","tintindex":0},"north":{"uv":[2.1875,8.8125,2.28125,8.875],"rotation":0,"texture":"#0","tintindex":0},"west":{"uv":[8.6875,1.0625,9.0,1.125],"rotation":0,