{"textures":{"0":"modelengine:entity/glavenus"},"elements":[{"from":[5.142857,-10.8571415,1.1428566],"to":[12.571428,1.1428585,4.5714283],"rotation":{"angle":-45.0,"axis":"x","origin":[8.0,8.000002,-2.285715]},"faces":{"east":{"uv":[8.875,10.0625,9.0625,10.71875],"rotation":0,"texture":"#0","tintindex":0},"south":{"uv":[7.59375,1.6875,8.0,2.34375],"rotation":0,"texture":"#0","tintindex":0},"north":{"uv":[0.40625,7.53125,0.8125,8.1875],"rotation":0,"texture":"#0","tintindex":0},"west":{"uv":[3.03125,10.15625,3.21875,10.8125],"rotation":0,"texture":"#0","tintindex":0},"up":{"uv":[11.375,4.5625,10.96875,4.375],"rotation":0,"texture":"#0","tintindex":0},"down":{"uv":[11.375,6.34375,10.96875,6.53125],"rotation":0,"texture":"#0","tintindex":0}}},{"from":[5.714286,-7.999998,0.5714283],"to":[12.0,1.9073486E-6,8.571428],"rotation":{"angle":-45.0,"axis":"x","origin":[8.0,8.000002,-2.285715]},"faces":{"east":{"uv":[0.0,8.8125,0.4375,9.25],"rotation":0,"texture":"#0","tintindex":0},"south":{"uv":[9.625,8.59375,9.96875,9.03125],"rotation":0,"texture":"#0","tintindex":0},"north":{"uv":[4.8125,9.625,5.15625,10.0625],"rotation":0,"texture":"#0","tintindex":0},"west":{"uv":[0.4375,8.8125,0.875,9.25],"rotation":0,"texture":"#0","tintindex":0},"up":{"uv":[9.96875,9.46875,9.625,9.03125],"rotation":0,"texture":"#0","tintindex":0},"down":{"uv":[3.375,9.71875,3.03125,10.15625],"rotation":0,"texture":"#0","tintindex":0}}},{"from":[5.714286,-16.0,0.5714283],"to":[11.428572,-7.999998,6.285714],"rotation":{"angle":-45.0,"axis":"x","origin":[8.0,8.000002,-2.285715]},"faces":{"east":{"uv":[9.84375,9.46875,10.15625,9.90625],"rotation":0,"texture":"#0","tintindex":0},"south":{"uv":[4.40625,9.875,4.71875,10.3125],"rotation":0,"texture":"#0","tintindex":0},"north":{"uv":[9.84375,7.125,10.15625,7.5625],"rotation":0,"texture":"#0","tintindex":0},"west":{"uv":[9.84375,9.90625,10.15625,10.34375],"rotation":0,"texture":"#0","tintindex":0},"up":{"uv":[1.75,8.5625,1.4375,8.25],"rotation":0,"texture":"#0","tintindex":0},"down":{"uv":[5.03125,10.46875,4.71875,10.78125],"rotation":0,"texture":"#0","tintindex":0}}},{"from":[6.857143,-0.57142735,2.2857141],"to":[10.857143,2.8571444,6.857143],"rotation":{"angle":-45.0,"axis":"x","origin":[8.0,8.000002,-2.285715]},"faces":{"east":{"uv":[11.53125,1.125,11.78125,1.3125],"rotation":0,"texture":"#0","tintindex":0},"south":{"uv":[11.6875,9.53125,11.90625,9.71875],"rotation":0,"texture":"#0","tintindex":0},"north":{"uv":[11.6875,9.125,11.90625,9.3125],"rotation":0,"texture":"#0","tintindex":0},"west":{"uv":[5.15625,11.53125,5.40625,11.71875],"rotation":0,"texture":"#0","tintindex":0},"up":{"uv":[7.09375,11.5625,6.875,11.3125],"rotation":0,"texture":"#0","tintindex":0},"down":{"uv":[11.53125,8.03125,11.3125,8.28125],"rotation":0,"texture":"#0","tintindex":0}}}],"display":{"head":{"translation":[0.0,-6.4000077,0.0],"scale":[4.0,4.0,4.0]}}}