{"textures":{"0":"modelengine:entity/glavenus"},"elements":[{"from":[3.4285712,2.8571424,-7.4285717],"to":[10.285714,11.428572,14.285715],"rotation":{"angle":-45.0,"axis":"x","origin":[3.4285712,9.142858,8.571428]},"faces":{"east":{"uv":[4.84375,0.8125,6.03125,1.28125],"rotation":0,"texture":"#0","tintindex":0},"south":{"uv":[5.40625,9.03125,5.78125,9.5],"rotation":0,"texture":"#0","tintindex":0},"north":{"uv":[9.0,7.96875,9.375,8.4375],"rotation":0,"texture":"#0","tintindex":0},"west":{"uv":[4.84375,1.28125,6.03125,1.75],"rotation":0,"texture":"#0","tintindex":0},"up":{"uv":[1.5625,4.90625,1.1875,3.71875],"rotation":0,"texture":"#0","tintindex":0},"down":{"uv":[6.0,5.875,5.625,7.0625],"rotation":0,"texture":"#0","tintindex":0}}},{"from":[0.0,5.142857,0.5714283],"to":[6.857143,10.857143,13.714286],"rotation":{"angle":-45.0,"axis":"x","origin":[3.4285712,9.142858,8.571428]},"faces":{"east":{"uv":[8.25,6.75,8.96875,7.0625],"rotation":0,"texture":"#0","tintindex":0},"south":{"uv":[10.15625,10.15625,10.53125,10.46875],"rotation":0,"texture":"#0","tintindex":0},"north":{"uv":[10.15625,9.84375,10.53125,10.15625],"rotation":0,"texture":"#0","tintindex":0},"west":{"uv":[8.25,7.0625,8.96875,7.375],"rotation":0,"texture":"#0","tintindex":0},"up":{"uv":[4.6875,8.21875,4.3125,7.5],"rotation":0,"texture":"#0","tintindex":0},"down":{"uv":[5.0625,7.5,4.6875,8.21875],"rotation":0,"texture":"#0","tintindex":0}}},{"from":[4.0,9.714286,-2.285715],"to":[11.428572,14.857143,17.142857],"rotation":{"angle":-45.0,"axis":"x","origin":[3.4285712,9.142858,8.571428]},"faces":{"east":{"uv":[4.3125,7.21875,5.375,7.5],"rotation":0,"texture":"#0","tintindex":0},"south":{"uv":[10.28125,1.46875,10.6875,1.75],"rotation":0,"texture":"#0","tintindex":0},"north":{"uv":[2.375,10.25,2.78125,10.53125],"rotation":0,"texture":"#0","tintindex":0},"west":{"uv":[7.4375,4.40625,8.5,4.6875],"rotation":0,"texture":"#0","tintindex":0},"up":{"uv":[6.40625,6.9375,6.0,5.875],"rotation":0,"texture":"#0","tintindex":0},"down":{"uv":[6.4375,0.8125,6.03125,1.875],"rotation":0,"texture":"#0","tintindex":0}}},{"from":[4.0,1.1428566,-2.8571434],"to":[11.428572,5.714286,12.571428],"rotation":{"angle":-45.0,"axis":"x","origin":[3.4285712,9.142858,8.571428]},"faces":{"east":{"uv":[8.53125,1.125,9.375,1.375],"rotation":0,"texture":"#0","tintindex":0},"south":{"uv":[10.5,2.875,10.90625,3.125],"rotation":0,"texture":"#0","tintindex":0},"north":{"uv":[10.09375,10.46875,10.5,10.71875],"rotation":0,"texture":"#0","tintindex":0},"west":{"uv":[8.53125,1.375,9.375,1.625],"rotation":0,"texture":"#0","tintindex":0},"up":{"uv":[2.1875,7.9375,1.78125,7.09375],"rotation":0,"texture":"#0","tintindex":0},"down":{"uv":[7.59375,1.6875,7.1875,2.53125],"rotation":0,"texture":"#0","tintindex":0}}},{"from":[9.142858,13.714286,-4.000001],"to":[12.0,16.57143,9.142858],"rotation":{"angle":-45.0,"axis":"x","origin":[3.4285712,9.142858,8.571428]},"faces":{"east":{"uv":[10.3125,2.5625,11.03125,2.71875],"rotation":0,"texture":"#0","tintindex":0},"south":{"uv":[12.0625,9.6875,12.21875,9.84375],"rotation":0,"texture":"#0","tintindex":0},"north":{"uv":[12.0625,9.53125,12.21875,9.6875],"rotation":0,"texture":"#0","tintindex":0},"west":{"uv":[10.3125,2.71875,11.03125,2.875],"rotation":0,"texture":"#0","tintindex":0},"up":{"uv":[4.34375,10.9375,4.1875,10.21875],"rotation":0,"texture":"#0","tintindex":0},"down":{"uv":[8.5,10.21875,8.34375,10.9375],"rotation":0,"texture":"#0","tintindex":0}}},{"from":[5.714286,9.142858,-9.1428585],"to":[10.857143,12.571428,1.7142854],"rotation":{"angle":-45.0,"axis":"x","origin":[3.4285712,9.142858,8.571428]},"faces":{"east":{"uv":[10.34375,0.0,10.9375,0.1875],"rotation":0,"texture":"#0","tintindex":0},"south":{"uv":[11.375,0.9375,11.65625,1.125],"rotation":0,"texture":"#0","tintindex":0},"north":{"uv":[9.09375,5.875,9.375,6.0625],"rotation":0,"texture":"#0","tintindex":0},"west":{"uv":[10.34375,0.1875,10.9375,0.375],"rotation":0,"texture":"#0","tintindex":0},"up":{"uv":[6.0625,9.625,5.78125,9.03125],"rotation":0,"texture":"#0","tintindex":0},"down":{"uv":[8.90625,9.21875,8.625,9.8125],"rotation":0,"texture":"#0","tintindex":0}}},{"from":[6.857143,9.142858,-13.1428585],"to":[9.142858,11.428572,-9.1428585],"rotation":{"angle":-45.0,"axis":"x","origin":[3.4285712,9.142858,8.571428]},"faces":{"east":{"uv":[12.0,6.5625,12.21875,6.6875],"rotation":0,"texture":"#0","tintindex":0},"south":{"uv":[12.21875,11.125,12.34375,11.25],"rotation":0,"texture":"#0","tintindex":0},"north":{"uv":[11.03125,12.21875,11.15625,12.34375],"rotation":0,"texture":"#0","tintindex":0},"west":{"uv":[12.0,7.75,12.21875,7.875],"rotation":0,"texture":"#0","tintindex":0},"up":{"uv":[4.28125,12.25,4.15625,12.03125],"rotation":0,"texture":"#0","tintindex":0},"down":{"uv":[5.15625,12.03125,5.03125,12.25],"rotation":0,"texture":"#0","tintindex":0}}},{"from":[9.142858,-6.285715,-2.285715],"to":[11.428572,-1.7142859,-0.57142925],"rotation":{"angle":0.0,"axis":"y","origin":[3.4285712,9.142858,8.571428]},"faces":{"east":{"uv":[7.125,12.09375,7.21875,12.34375],"rotation":0,"texture":"#0","tintindex":0},"south":{"uv":[11.90625,3.34375,12.03125,3.59375],"rotation":0,"texture":"#0","tintindex":0},"north":{"uv":[3.21875,11.90625,3.34375,12.15625],"rotation":0,"texture":"#0","tintindex":0},"west":{"uv":[9.0625,12.09375,9.15625,12.34375],"rotation":0,"texture":"#0","tintindex":0},"up":{"uv":[6.5,12.34375,6.375,12.25],"rotation":0,"texture":"#0","tintindex":0},"down":{"uv":[12.375,6.40625,12.25,6.5],"rotation":0,"texture":"#0","tintindex":0}}},{"from":[9.142858,-4.000001,-2.8571434],"to":[12.0,0.5714283,0.0],"rotation":{"angle":0.0,"axis":"y","origin":[3.4285712,9.142858,8.571428]},"faces":{"east":{"uv":[6.1875,11.71875,6.34375,11.96875],"rotation":0,"texture":"#0","tintindex":0},"south":{"uv":[11.71875,6.34375,11.875,6.59375],"rotation":0,"texture":"#0","tintindex":0},"north":{"uv":[11.71875,6.09375,11.875,6.34375],"rotation":0,"texture":"#0","tintindex":0},"west":{"uv":[8.6875,11.71875,8.84375,11.96875],"rotation":0,"texture":"#0","tintindex":0},"up":{"uv":[9.875,12.21875,9.71875,12.0625],"rotation":0,"texture":"#0","tintindex":0},"down":{"uv":[12.21875,9.84375,12.0625,10.0],"rotation":0,"texture":"#0","tintindex":0}}},{"from":[9.142858,2.2857141,6.285714],"to":[12.0,5.142857,15.428572],"rotation":{"angle":-45.0,"axis":"x","origin":[3.4285712,9.142858,8.571428]},"faces":{"east":{"uv":[10.90625,2.40625,11.40625,2.5625],"rotation":0,"texture":"#0","tintindex":0},"south":{"uv":[12.0625,10.59375,12.21875,10.75],"rotation":0,"texture":"#0","tintindex":0},"north":{"uv":[12.0625,10.0,12.21875,10.15625],"rotation":0,"texture":"#0","tintindex":0},"west":{"uv":[10.9375,3.46875,11.4375,3.625],"rotation":0,"texture":"#0","tintindex":0},"up":{"uv":[5.71875,11.40625,5.5625,10.90625],"rotation":0,"texture":"#0","tintindex":0},"down":{"uv":[6.59375,10.9375,6.4375,11.4375],"rotation":0,"texture":"#0","tintindex":0}}},{"from":[9.142858,4.5714283,-4.5714293],"to":[12.0,7.428571,2.8571424],"rotation":{"angle":-45.0,"axis":"x","origin":[3.4285712,9.142858,8.571428]},"faces":{"east":{"uv":[11.15625,5.71875,11.5625,5.875],"rotation":0,"texture":"#0","tintindex":0},"south":{"uv":[12.0625,11.1875,12.21875,11.34375],"rotation":0,"texture":"#0","tintindex":0},"north":{"uv":[12.0625,10.75,12.21875,10.90625],"rotation":0,"texture":"#0","tintindex":0},"west":{"uv":[11.15625,5.875,11.5625,6.03125],"rotation":0,"texture":"#0","tintindex":0},"up":{"uv":[9.25,11.53125,9.09375,11.125],"rotation":0,"texture":"#0","tintindex":0},"down":{"uv":[11.3125,9.84375,11.15625,10.25],"rotation":0,"texture":"#0","tintindex":0}}},{"from":[10.857143,15.428572,-5.714287],"to":[12.571428,17.142857,2.8571424],"rotation":{"angle":-45.0,"axis":"x","origin":[3.4285712,9.142858,8.571428]},"faces":{"east":{"uv":[8.71875,6.34375,9.1875,6.4375],"rotation":0,"texture":"#0","tintindex":0},"south":{"uv":[12.3125,7.75,12.40625,7.84375],"rotation":0,"texture":"#0","tintindex":0},"north":{"uv":[12.3125,7.65625,12.40625,7.75],