{"textures":{"0":"modelengine:entity/glavenus"},"elements":[{"from":[6.285714,4.0,7.428571],"to":[9.142858,6.285714,17.714287],"rotation":{"angle":45.0,"axis":"x","origin":[8.0,4.0,8.0]},"faces":{"east":{"uv":[8.625,3.15625,9.1875,3.28125],"rotation":0,"texture":"#0","tintindex":0},"south":{"uv":[12.15625,2.34375,12.3125,2.46875],"rotation":0,"texture":"#0","tintindex":0},"north":{"uv":[10.0,5.28125,10.15625,5.40625],"rotation":0,"texture":"#0","tintindex":0},"west":{"uv":[11.03125,10.53125,11.59375,10.65625],"rotation":0,"texture":"#0","tintindex":0},"up":{"uv":[2.125,11.3125,1.96875,10.75],"rotation":0,"texture":"#0","tintindex":0},"down":{"uv":[2.28125,10.75,2.125,11.3125],"rotation":0,"texture":"#0","tintindex":0}}},{"from":[5.142857,3.4285712,6.285714],"to":[8.571428,7.428571,14.285715],"rotation":{"angle":45.0,"axis":"x","origin":[8.0,4.0,8.0]},"faces":{"east":{"uv":[10.53125,10.0625,10.96875,10.28125],"rotation":0,"texture":"#0","tintindex":0},"south":{"uv":[11.21875,11.65625,11.40625,11.875],"rotation":0,"texture":"#0","tintindex":0},"north":{"uv":[11.65625,10.625,11.84375,10.84375],"rotation":0,"texture":"#0","tintindex":0},"west":{"uv":[10.5625,7.875,11.0,8.09375],"rotation":0,"texture":"#0","tintindex":0},"up":{"uv":[7.03125,5.15625,6.84375,4.71875],"rotation":0,"texture":"#0","tintindex":0},"down":{"uv":[2.78125,7.625,2.59375,8.0625],"rotation":0,"texture":"#0","tintindex":0}}},{"from":[3.4285712,5.142857,2.2857141],"to":[6.857143,9.714286,9.714286],"rotation":{"angle":45.0,"axis":"x","origin":[8.0,4.0,8.0]},"faces":{"east":{"uv":[6.3125,10.4375,6.71875,10.6875],"rotation":0,"texture":"#0","tintindex":0},"south":{"uv":[11.46875,9.3125,11.65625,9.5625],"rotation":0,"texture":"#0","tintindex":0},"north":{"uv":[11.46875,8.6875,11.65625,8.9375],"rotation":0,"texture":"#0","tintindex":0},"west":{"uv":[6.71875,10.46875,7.125,10.71875],"rotation":0,"texture":"#0","tintindex":0},"up":{"uv":[9.09375,11.34375,8.90625,10.9375],"rotation":0,"texture":"#0","tintindex":0},"down":{"uv":[2.625,10.96875,2.4375,11.375],"rotation":0,"texture":"#0","tintindex":0}}},{"from":[2.2857141,9.714286,2.8571424],"to":[6.857143,14.857143,6.285714],"rotation":{"angle":45.0,"axis":"x","origin":[8.0,4.0,8.0]},"faces":{"east":{"uv":[1.21875,11.375,1.40625,11.65625],"rotation":0,"texture":"#0","tintindex":0},"south":{"uv":[3.9375,11.0625,4.1875,11.34375],"rotation":0,"texture":"#0","tintindex":0},"north":{"uv":[2.96875,11.0625,3.21875,11.34375],"rotation":0,"texture":"#0","tintindex":0},"west":{"uv":[1.40625,11.375,1.59375,11.65625],"rotation":0,"texture":"#0","tintindex":0},"up":{"uv":[11.71875,11.3125,11.46875,11.125],"rotation":0,"texture":"#0","tintindex":0},"down":{"uv":[11.75,0.65625,11.5,0.84375],"rotation":0,"texture":"#0","tintindex":0}}},{"from":[6.857143,-5.714287,15.428572],"to":[9.142858,4.5714283,17.142857],"rotation":{"angle":45.0,"axis":"x","origin":[8.0,4.0,8.0]},"faces":{"east":{"uv":[7.15625,8.1875,7.25,8.75],"rotation":0,"texture":"#0","tintindex":0},"south":{"uv":[8.5,11.0625,8.625,11.625],"rotation":0,"texture":"#0","tintindex":0},"north":{"uv":[9.59375,11.03125,9.71875,11.59375],"rotation":0,"texture":"#0","tintindex":0},"west":{"uv":[1.75,11.34375,1.84375,11.90625],"rotation":0,"texture":"#0","tintindex":0},"up":{"uv":[6.0625,12.34375,5.9375,12.25],"rotation":0,"texture":"#0","tintindex":0},"down":{"uv":[6.1875,12.25,6.0625,12.34375],"rotation":0,"texture":"#0","tintindex":0}}},{"from":[6.857143,-4.5714293,17.142857],"to":[9.142858,4.5714283,17.714287],"rotation":{"angle":45.0,"axis":"x","origin":[8.0,4.0,8.0]},"faces":{"east":{"uv":[5.71875,8.03125,5.75,8.53125],"rotation":0,"texture":"#0","tintindex":0},"south":{"uv":[9.25,11.125,9.375,11.625],"rotation":0,"texture":"#0","tintindex":0},"north":{"uv":[0.40625,7.03125,0.53125,7.53125],"rotation":0,"texture":"#0","tintindex":0},"west":{"uv":[7.5,9.96875,7.53125,10.46875],"rotation":0,"texture":"#0","tintindex":0},"up":{"uv":[2.28125,3.28125,2.15625,3.25],"rotation":0,"texture":"#0","tintindex":0},"down":{"uv":[2.40625,3.25,2.28125,3.28125],"rotation":0,"texture":"#0","tintindex":0}}},{"from":[6.857143,2.2857141,17.714287],"to":[9.142858,4.5714283,18.857143],"rotation":{"angle":45.0,"axis":"x","origin":[8.0,4.0,8.0]},"faces":{"east":{"uv":[4.65625,11.40625,4.71875,11.53125],"rotation":0,"texture":"#0","tintindex":0},"south":{"uv":[12.21875,9.625,12.34375,9.75],"rotation":0,"texture":"#0","tintindex":0},"north":{"uv":[12.21875,9.5,12.34375,9.625],"rotation":0,"texture":"#0","tintindex":0},"west":{"uv":[0.1875,11.53125,0.25,11.65625],"rotation":0,"texture":"#0","tintindex":0},"up":{"uv":[11.9375,3.9375,11.8125,3.875],"rotation":0,"texture":"#0","tintindex":0},"down":{"uv":[12.4375,0.78125,12.3125,0.84375],"rotation":0,"texture":"#0","tintindex":0}}},{"from":[7.428571,-0.57142925,18.285715],"to":[8.571428,1.7142854,18.857143],"rotation":{"angle":45.0,"axis":"x","origin":[8.0,4.0,8.0]},"faces":{"east":{"uv":[6.09375,9.375,6.125,9.5],"rotation":0,"texture":"#0","tintindex":0},"south":{"uv":[10.78125,11.625,10.84375,11.75],"rotation":0,"texture":"#0","tintindex":0},"north":{"uv":[10.46875,11.5625,10.53125,11.6875],"rotation":0,"texture":"#0","tintindex":0},"west":{"uv":[9.4375,2.34375,9.46875,2.46875],"rotation":0,"texture":"#0","tintindex":0},"up":{"uv":[2.46875,1.84375,2.40625,1.8125],"rotation":0,"texture":"#0","tintindex":0},"down":{"uv":[3.125,1.375,3.0625,1.40625],"rotation":0,"texture":"#0","tintindex":0}}},{"from":[6.857143,-1.7142859,17.714287],"to":[9.142858,0.5714283,18.285715],"rotation":{"angle":45.0,"axis":"x","origin":[8.0,4.0,8.0]},"faces":{"east":{"uv":[5.75,9.5,5.78125,9.625],"rotation":0,"texture":"#0","tintindex":0},"south":{"uv":[12.21875,9.75,12.34375,9.875],"rotation":0,"texture":"#0","tintindex":0},"north":{"uv":[9.71875,12.21875,9.84375,12.34375],"rotation":0,"texture":"#0","tintindex":0},"west":{"uv":[1.6875,10.03125,1.71875,10.15625],"rotation":0,"texture":"#0","tintindex":0},"up":{"uv":[4.96875,2.25,4.84375,2.21875],"rotation":0,"texture":"#0","tintindex":0},"down":{"uv":[1.3125,5.21875,1.1875,5.25],"rotation":0,"texture":"#0","tintindex":0}}},{"from":[7.428571,-4.000001,18.285715],"to":[8.571428,-1.7142859,18.857143],"rotation":{"angle":45.0,"axis":"x","origin":[8.0,4.0,8.0]},"faces":{"east":{"uv":[0.8125,10.25,0.84375,10.375],"rotation":0,"texture":"#0","tintindex":0},"south":{"uv":[2.21875,11.84375,2.28125,11.96875],"rotation":0,"texture":"#0","tintindex":0},"north":{"uv":[4.59375,11.71875,4.65625,11.84375],"rotation":0,"texture":"#0","tintindex":0},"west":{"uv":[2.625,11.15625,2.65625,11.28125],"rotation":0,"texture":"#0","tintindex":0},"up":{"uv":[2.46875,3.28125,2.40625,3.25],"rotation":0,"texture":"#0","tintindex":0},"down":{"uv":[1.875,5.21875,1.8125,5.25],"rotation":0,"texture":"#0","tintindex":0}}},{"from":[7.428571,-4.000001,17.714287],"to":[8.571428,-2.8571434,18.285715],"rotation":{"angle":45.0,"axis":"x","origin":[8.0,4.0,8.0]},"faces":{"east":{"uv":[7.84375,8.53125,7.875,8.59375],"rotation":0,"texture":"#0","tintindex":0},"south":{"uv":[11.59375,3.0,11.65625,3.0625],"rotation":0,"texture":"#0","tintindex":0},"north":{"uv":[4.65625,11.53125,4.71875,11.59375],"rotation":0,"texture":"#0","tintindex":0},"west":{"uv":[8.59375,2.46875,8.625,2.53125],"rotation":0,"texture":"#0","tintindex":0},"up":{"uv":[2.875,5.90625,2.8125,5.875],"rotation":0,"texture":"#0","tintindex":0},"down":{"uv":[6.625,3.46875,6.5625,3.5],"rotation":0,"texture":"#0","tintindex":0}}},{"from":[7.428571,3.4285712,18.857143],"to":[8.571428,6.857143,19.428572],"rotation":{"angle":45.0,"axis":"x","origin":[8.0,4.0,8.0]},"faces":{"east":{"uv":[3.71875,9.59375,3.75,9.78125],"rotation":0,"texture":"#0","tintindex":0},"south":{"uv":[6.875,9.3125,6.9375,9.5],"rotation":0,"texture":"#0","tintindex":0},"north":{"uv":[7.40625,9.03125,7.46875,9.21875],"rotation":0,"texture":"#0","tintindex":0},"west":{"uv":[9.59375,8.59375,9.625,8.78125],"rotation":0,"texture":"#0","tintindex":0},