{"textures":{"0":"modelengine:entity/glavenus"},"elements":[{"from":[5.714286,6.857143,6.857143],"to":[9.142858,10.285714,10.857143],"rotation":{"angle":22.5,"axis":"x","origin":[7.428571,6.285714,7.428571]},"faces":{"east":{"uv":[11.6875,9.71875,11.90625,9.90625],"rotation":0,"texture":"#0","tintindex":0},"south":{"uv":[6.90625,3.3125,7.09375,3.5],"rotation":0,"texture":"#0","tintindex":0},"north":{"uv":[6.25,0.625,6.4375,0.8125],"rotation":0,"texture":"#0","tintindex":0},"west":{"uv":[11.6875,9.90625,11.90625,10.09375],"rotation":0,"texture":"#0","tintindex":0},"up":{"uv":[9.53125,11.90625,9.34375,11.6875],"rotation":0,"texture":"#0","tintindex":0},"down":{"uv":[11.90625,0.0,11.71875,0.21875],"rotation":0,"texture":"#0","tintindex":0}}},{"from":[5.142857,-1.1428576,6.285714],"to":[9.714286,8.571428,9.142858],"rotation":{"angle":22.5,"axis":"x","origin":[7.428571,6.285714,7.428571]},"faces":{"east":{"uv":[3.3125,10.8125,3.46875,11.34375],"rotation":0,"texture":"#0","tintindex":0},"south":{"uv":[2.78125,9.78125,3.03125,10.3125],"rotation":0,"texture":"#0","tintindex":0},"north":{"uv":[5.75,7.0625,6.0,7.59375],"rotation":0,"texture":"#0","tintindex":0},"west":{"uv":[3.46875,10.8125,3.625,11.34375],"rotation":0,"texture":"#0","tintindex":0},"up":{"uv":[11.96875,2.5,11.71875,2.34375],"rotation":0,"texture":"#0","tintindex":0},"down":{"uv":[11.96875,2.71875,11.71875,2.875],"rotation":0,"texture":"#0","tintindex":0}}},{"from":[5.714286,-2.285715,4.5714283],"to":[9.142858,8.571428,7.428571],"rotation":{"angle":22.5,"axis":"x","origin":[7.428571,6.285714,7.428571]},"faces":{"east":{"uv":[1.0625,10.71875,1.21875,11.3125],"rotation":0,"texture":"#0","tintindex":0},"south":{"uv":[7.625,10.25,7.8125,10.84375],"rotation":0,"texture":"#0","tintindex":0},"north":{"uv":[1.34375,10.25,1.53125,10.84375],"rotation":0,"texture":"#0","tintindex":0},"west":{"uv":[6.65625,10.71875,6.8125,11.3125],"rotation":0,"texture":"#0","tintindex":0},"up":{"uv":[6.28125,12.125,6.09375,11.96875],"rotation":0,"texture":"#0","tintindex":0},"down":{"uv":[7.625,11.96875,7.4375,12.125],"rotation":0,"texture":"#0","tintindex":0}}}],"display":{"head":{"translation":[0.0,-6.4,0.0],"scale":[4.0,4.0,4.0]}}}