{"textures":{"0":"modelengine:entity/glavenus"},"elements":[{"from":[6.857143,6.857143,2.2857141],"to":[9.142858,10.285714,10.285714],"rotation":{"angle":0.0,"axis":"y","origin":[9.142858,7.428571,6.285714]},"faces":{"east":{"uv":[6.0,10.9375,6.4375,11.125],"rotation":0,"texture":"#0","tintindex":0},"south":{"uv":[9.53125,12.09375,9.65625,12.28125],"rotation":0,"texture":"#0","tintindex":0},"north":{"uv":[7.0625,1.6875,7.1875,1.875],"rotation":0,"texture":"#0","tintindex":0},"west":{"uv":[7.125,10.9375,7.5625,11.125],"rotation":0,"texture":"#0","tintindex":0},"up":{"uv":[2.59375,10.25,2.46875,9.8125],"rotation":0,"texture":"#0","tintindex":0},"down":{"uv":[8.34375,11.25,8.21875,11.6875],"rotation":0,"texture":"#0","tintindex":0}}},{"from":[6.285714,8.0,4.0],"to":[8.571428,10.857143,12.0],"rotation":{"angle":-22.5,"axis":"x","origin":[9.142858,7.428571,6.285714]},"faces":{"east":{"uv":[11.09375,0.5,11.53125,0.65625],"rotation":0,"texture":"#0","tintindex":0},"south":{"uv":[12.21875,2.96875,12.34375,3.125],"rotation":0,"texture":"#0","tintindex":0},"north":{"uv":[1.3125,12.21875,1.4375,12.375],"rotation":0,"texture":"#0","tintindex":0},"west":{"uv":[5.9375,11.125,6.375,11.28125],"rotation":0,"texture":"#0","tintindex":0},"up":{"uv":[6.4375,11.71875,6.3125,11.28125],"rotation":0,"texture":"#0","tintindex":0},"down":{"uv":[7.75,11.28125,7.625,11.71875],"rotation":0,"texture":"#0","tintindex":0}}},{"from":[2.8571424,13.142858,-0.57142925],"to":[4.0,14.285715,1.7142854],"rotation":{"angle":-45.0,"axis":"x","origin":[5.142857,7.428571,6.285714]},"faces":{"east":{"uv":[12.3125,5.03125,12.4375,5.09375],"rotation":0,"texture":"#0","tintindex":0},"south":{"uv":[5.875,12.34375,5.9375,12.40625],"rotation":0,"texture":"#0","tintindex":0},"north":{"uv":[12.34375,5.8125,12.40625,5.875],"rotation":0,"texture":"#0","tintindex":0},"west":{"uv":[12.3125,6.84375,12.4375,6.90625],"rotation":0,"texture":"#0","tintindex":0},"up":{"uv":[4.03125,12.4375,3.96875,12.3125],"rotation":0,"texture":"#0","tintindex":0},"down":{"uv":[0.84375,12.34375,0.78125,12.46875],"rotation":0,"texture":"#0","tintindex":0}}},{"from":[3.4285712,4.5714283,-1.7142859],"to":[4.5714283,6.285714,1.1428566],"rotation":{"angle":22.5,"axis":"x","origin":[5.142857,7.428571,6.285714]},"faces":{"east":{"uv":[12.1875,2.625,12.34375,2.71875],"rotation":0,"texture":"#0","tintindex":0},"south":{"uv":[8.6875,11.625,8.75,11.71875],"rotation":0,"texture":"#0","tintindex":0},"north":{"uv":[9.53125,11.5,9.59375,11.59375],"rotation":0,"texture":"#0","tintindex":0},"west":{"uv":[12.21875,4.65625,12.375,4.75],"rotation":0,"texture":"#0","tintindex":0},"up":{"uv":[0.3125,10.875,0.25,10.71875],"rotation":0,"texture":"#0","tintindex":0},"down":{"uv":[6.0625,10.75,6.0,10.90625],"rotation":0,"texture":"#0","tintindex":0}}},{"from":[2.8571424,7.428571,-0.57142925],"to":[5.142857,9.714286,4.5714283],"rotation":{"angle":0.0,"axis":"y","origin":[5.142857,7.428571,6.285714]},"faces":{"east":{"uv":[11.78125,4.84375,12.0625,4.96875],"rotation":0,"texture":"#0","tintindex":0},"south":{"uv":[12.21875,11.25,12.34375,11.375],"rotation":0,"texture":"#0","tintindex":0},"north":{"uv":[11.15625,12.21875,11.28125,12.34375],"rotation":0,"texture":"#0","tintindex":0},"west":{"uv":[11.78125,7.125,12.0625,7.25],"rotation":0,"texture":"#0","tintindex":0},"up":{"uv":[0.84375,12.0625,0.71875,11.78125],"rotation":0,"texture":"#0","tintindex":0},"down":{"uv":[1.75,11.78125,1.625,12.0625],"rotation":0,"texture":"#0","tintindex":0}}},{"from":[4.0,6.857143,2.2857141],"to":[6.285714,9.142858,10.285714],"rotation":{"angle":22.5,"axis":"y","origin":[5.142857,7.428571,6.285714]},"faces":{"east":{"uv":[11.28125,10.375,11.71875,10.5],"rotation":0,"texture":"#0","tintindex":0},"south":{"uv":[12.21875,11.375,12.34375,11.5],"rotation":0,"texture":"#0","tintindex":0},"north":{"uv":[11.28125,12.21875,11.40625,12.34375],"rotation":0,"texture":"#0","tintindex":0},"west":{"uv":[11.3125,3.34375,11.75,3.46875],"rotation":0,"texture":"#0","tintindex":0},"up":{"uv":[2.40625,11.75,2.28125,11.3125],"rotation":0,"texture":"#0","tintindex":0},"down":{"uv":[5.15625,11.3125,5.03125,11.75],"rotation":0,"texture":"#0","tintindex":0}}},{"from":[12.571428,12.0,1.1428566],"to":[13.714286,13.142858,3.4285712],"rotation":{"angle":-45.0,"axis":"x","origin":[12.571428,7.428571,6.285714]},"faces":{"east":{"uv":[12.3125,7.84375,12.4375,7.90625],"rotation":0,"texture":"#0","tintindex":0},"south":{"uv":[5.9375,12.34375,6.0,12.40625],"rotation":0,"texture":"#0","tintindex":0},"north":{"uv":[12.34375,5.875,12.40625,5.9375],"rotation":0,"texture":"#0","tintindex":0},"west":{"uv":[12.3125,8.875,12.4375,8.9375],"rotation":0,"texture":"#0","tintindex":0},"up":{"uv":[1.90625,12.46875,1.84375,12.34375],"rotation":0,"texture":"#0","tintindex":0},"down":{"uv":[2.65625,12.34375,2.59375,12.46875],"rotation":0,"texture":"#0","tintindex":0}}},{"from":[12.571428,5.714286,-0.57142925],"to":[13.714286,7.428571,2.2857141],"rotation":{"angle":22.5,"axis":"x","origin":[12.571428,7.428571,6.285714]},"faces":{"east":{"uv":[1.75,12.25,1.90625,12.34375],"rotation":0,"texture":"#0","tintindex":0},"south":{"uv":[11.15625,11.75,11.21875,11.84375],"rotation":0,"texture":"#0","tintindex":0},"north":{"uv":[7.21875,11.65625,7.28125,11.75],"rotation":0,"texture":"#0","tintindex":0},"west":{"uv":[12.25,1.8125,12.40625,1.90625],"rotation":0,"texture":"#0","tintindex":0},"up":{"uv":[5.03125,10.9375,4.96875,10.78125],"rotation":0,"texture":"#0","tintindex":0},"down":{"uv":[9.78125,10.78125,9.71875,10.9375],"rotation":0,"texture":"#0","tintindex":0}}},{"from":[9.714286,7.428571,1.1428566],"to":[12.0,9.714286,6.285714],"rotation":{"angle":-22.5,"axis":"y","origin":[12.571428,7.428571,6.285714]},"faces":{"east":{"uv":[11.78125,7.9375,12.0625,8.0625],"rotation":0,"texture":"#0","tintindex":0},"south":{"uv":[12.21875,11.5,12.34375,11.625],"rotation":0,"texture":"#0","tintindex":0},"north":{"uv":[11.40625,12.21875,11.53125,12.34375],"rotation":0,"texture":"#0","tintindex":0},"west":{"uv":[11.78125,10.09375,12.0625,10.21875],"rotation":0,"texture":"#0","tintindex":0},"up":{"uv":[3.78125,12.0625,3.65625,11.78125],"rotation":0,"texture":"#0","tintindex":0},"down":{"uv":[3.90625,11.78125,3.78125,12.0625],"rotation":0,"texture":"#0","tintindex":0}}},{"from":[10.285714,6.857143,5.714286],"to":[12.571428,9.142858,10.285714],"rotation":{"angle":-22.5,"axis":"y","origin":[12.571428,7.428571,6.285714]},"faces":{"east":{"uv":[10.71875,6.09375,10.96875,6.21875],"rotation":0,"texture":"#0","tintindex":0},"south":{"uv":[11.71875,12.21875,11.84375,12.34375],"rotation":0,"texture":"#0","tintindex":0},"north":{"uv":[12.21875,11.625,12.34375,11.75],"rotation":0,"texture":"#0","tintindex":0},"west":{"uv":[11.90625,0.0,12.15625,0.125],"rotation":0,"texture":"#0","tintindex":0},"up":{"uv":[4.5,12.15625,4.375,11.90625],"rotation":0,"texture":"#0","tintindex":0},"down":{"uv":[5.03125,11.90625,4.90625,12.15625],"rotation":0,"texture":"#0","tintindex":0}}},{"from":[5.142857,6.857143,11.428572],"to":[8.571428,9.142858,13.714286],"rotation":{"angle":-22.5,"axis":"y","origin":[12.571428,7.428571,6.285714]},"faces":{"east":{"uv":[11.84375,12.21875,11.96875,12.34375],"rotation":0,"texture":"#0","tintindex":0},"south":{"uv":[12.125,0.71875,12.3125,0.84375],"rotation":0,"texture":"#0","tintindex":0},"north":{"uv":[12.125,0.59375,12.3125,0.71875],"rotation":0,"texture":"#0","tintindex":0},"west":{"uv":[12.21875,11.96875,12.34375,12.09375],"rotation":0,"texture":"#0","tintindex":0},"up":{"uv":[1.03125,12.25,0.84375,12.125],"rotation":0,"texture":"#0","tintindex":0},"down":{"uv":[2.03125,12.125,1.84375,12.25],"rotation":0,"texture":"#0","tintindex":0}}},{"from":[3.4285712,7.428571,12.0],"to":[5.142857,8.571428,13.142858],"rotation":{"angle":-22.5,"axis":"y","origin":[12.571428,7.428571,6.285714]},"faces":{"east":{"uv":[12.34375,5.9375,12.40625,6.0],"rotation":0,"texture":"#0","tintindex":0},"south":{"uv":[9.71875,4.625,9.8125,4.6875],"rotation":0,"texture":"#0",