{"textures":{"0":"modelengine:entity/glavenus"},"elements":[{"from":[0.5714283,7.999999,0.5714283],"to":[14.857143,13.142857,4.5714283],"rotation":{"angle":0.0,"axis":"y","origin":[8.0,-21.14286,24.57143]},"faces":{"east":{"uv":[11.25,11.15625,11.46875,11.4375],"rotation":0,"texture":"#0","tintindex":0},"south":{"uv":[8.4375,4.6875,9.21875,4.96875],"rotation":0,"texture":"#0","tintindex":0},"north":{"uv":[8.40625,2.0625,9.1875,2.34375],"rotation":0,"texture":"#0","tintindex":0},"west":{"uv":[11.28125,0.65625,11.5,0.9375],"rotation":0,"texture":"#0","tintindex":0},"up":{"uv":[9.96875,2.21875,9.1875,2.0],"rotation":0,"texture":"#0","tintindex":0},"down":{"uv":[10.0,3.5,9.21875,3.71875],"rotation":0,"texture":"#0","tintindex":0}}},{"from":[3.4285712,11.999999,0.5714283],"to":[12.571428,17.142857,14.857143],"rotation":{"angle":0.0,"axis":"y","origin":[8.0,-21.14286,24.57143]},"faces":{"east":{"uv":[8.4375,4.96875,9.21875,5.25],"rotation":0,"texture":"#0","tintindex":0},"south":{"uv":[9.78125,1.1875,10.3125,1.46875],"rotation":0,"texture":"#0","tintindex":0},"north":{"uv":[9.71875,3.71875,10.25,4.0],"rotation":0,"texture":"#0","tintindex":0},"west":{"uv":[8.5,4.40625,9.28125,4.6875],"rotation":0,"texture":"#0","tintindex":0},"up":{"uv":[6.6875,2.65625,6.15625,1.875],"rotation":0,"texture":"#0","tintindex":0},"down":{"uv":[0.53125,6.25,0.0,7.03125],"rotation":0,"texture":"#0","tintindex":0}}},{"from":[-2.8571434,14.857142,-2.285715],"to":[4.5714283,22.285713,5.142857],"rotation":{"angle":0.0,"axis":"y","origin":[8.0,-21.14286,24.57143]},"faces":{"east":{"uv":[9.3125,3.71875,9.71875,4.125],"rotation":0,"texture":"#0","tintindex":0},"south":{"uv":[6.46875,9.3125,6.875,9.71875],"rotation":0,"texture":"#0","tintindex":0},"north":{"uv":[3.03125,9.3125,3.4375,9.71875],"rotation":0,"texture":"#0","tintindex":0},"west":{"uv":[9.3125,6.71875,9.71875,7.125],"rotation":0,"texture":"#0","tintindex":0},"up":{"uv":[9.78125,1.46875,9.375,1.0625],"rotation":0,"texture":"#0","tintindex":0},"down":{"uv":[9.78125,5.875,9.375,6.28125],"rotation":0,"texture":"#0","tintindex":0}}},{"from":[-3.4285717,18.285713,-5.1428576],"to":[1.1428566,24.571428,1.7142854],"rotation":{"angle":0.0,"axis":"y","origin":[8.0,-21.14286,24.57143]},"faces":{"east":{"uv":[9.84375,7.5625,10.21875,7.90625],"rotation":0,"texture":"#0","tintindex":0},"south":{"uv":[4.71875,10.78125,4.96875,11.125],"rotation":0,"texture":"#0","tintindex":0},"north":{"uv":[5.75,10.75,6.0,11.09375],"rotation":0,"texture":"#0","tintindex":0},"west":{"uv":[9.90625,1.46875,10.28125,1.8125],"rotation":0,"texture":"#0","tintindex":0},"up":{"uv":[4.1875,11.0625,3.9375,10.6875],"rotation":0,"texture":"#0","tintindex":0},"down":{"uv":[10.9375,7.25,10.6875,7.625],"rotation":0,"texture":"#0","tintindex":0}}},{"from":[-4.5714293,22.857141,-6.8571434],"to":[0.0,26.857143,0.0],"rotation":{"angle":0.0,"axis":"y","origin":[8.0,-21.14286,24.57143]},"faces":{"east":{"uv":[10.90625,0.75,11.28125,0.96875],"rotation":0,"texture":"#0","tintindex":0},"south":{"uv":[0.0,11.3125,0.25,11.53125],"rotation":0,"texture":"#0","tintindex":0},"north":{"uv":[7.28125,11.28125,7.53125,11.5],"rotation":0,"texture":"#0","tintindex":0},"west":{"uv":[10.90625,1.84375,11.28125,2.0625],"rotation":0,"texture":"#0","tintindex":0},"up":{"uv":[8.75,11.0625,8.5,10.6875],"rotation":0,"texture":"#0","tintindex":0},"down":{"uv":[10.03125,10.6875,9.78125,11.0625],"rotation":0,"texture":"#0","tintindex":0}}},{"from":[-5.714287,22.857141,-7.4285717],"to":[-2.285715,26.857143,-4.5714293],"rotation":{"angle":-22.5,"axis":"x","origin":[8.0,24.571428,-11.428572]},"faces":{"east":{"uv":[11.84375,11.40625,12.0,11.625],"rotation":0,"texture":"#0","tintindex":0},"south":{"uv":[11.65625,8.40625,11.84375,8.625],"rotation":0,"texture":"#0","tintindex":0},"north":{"uv":[11.65625,6.8125,11.84375,7.03125],"rotation":0,"texture":"#0","tintindex":0},"west":{"uv":[11.78125,11.84375,11.9375,12.0625],"rotation":0,"texture":"#0","tintindex":0},"up":{"uv":[12.125,7.625,11.9375,7.46875],"rotation":0,"texture":"#0","tintindex":0},"down":{"uv":[12.125,11.84375,11.9375,12.0],"rotation":0,"texture":"#0","tintindex":0}}},{"from":[-5.1428576,11.428571,-9.714287],"to":[-3.4285717,15.428571,-8.0],"rotation":{"angle":-22.5,"axis":"x","origin":[8.0,26.285713,-5.714287]},"faces":{"east":{"uv":[0.09375,12.15625,0.1875,12.375],"rotation":0,"texture":"#0","tintindex":0},"south":{"uv":[12.15625,1.875,12.25,2.09375],"rotation":0,"texture":"#0","tintindex":0},"north":{"uv":[0.0,12.15625,0.09375,12.375],"rotation":0,"texture":"#0","tintindex":0},"west":{"uv":[2.03125,12.15625,2.125,12.375],"rotation":0,"texture":"#0","tintindex":0},"up":{"uv":[3.96875,12.40625,3.875,12.3125],"rotation":0,"texture":"#0","tintindex":0},"down":{"uv":[4.375,12.3125,4.28125,12.40625],"rotation":0,"texture":"#0","tintindex":0}}},{"from":[16.0,3.9999986,-8.0],"to":[19.428572,9.142857,-5.714287],"rotation":{"angle":-22.5,"axis":"x","origin":[8.0,24.571428,-11.428572]},"faces":{"east":{"uv":[5.03125,11.75,5.15625,12.03125],"rotation":0,"texture":"#0","tintindex":0},"south":{"uv":[7.90625,11.34375,8.09375,11.625],"rotation":0,"texture":"#0","tintindex":0},"north":{"uv":[9.59375,0.75,9.78125,1.03125],"rotation":0,"texture":"#0","tintindex":0},"west":{"uv":[5.8125,11.75,5.9375,12.03125],"rotation":0,"texture":"#0","tintindex":0},"up":{"uv":[9.53125,12.21875,9.34375,12.09375],"rotation":0,"texture":"#0","tintindex":0},"down":{"uv":[10.375,12.09375,10.1875,12.21875],"rotation":0,"texture":"#0","tintindex":0}}},{"from":[18.285715,6.8571415,-8.57143],"to":[20.57143,10.8571415,-6.285715],"rotation":{"angle":-22.5,"axis":"x","origin":[8.0,24.571428,-11.428572]},"faces":{"east":{"uv":[10.78125,12.0,10.90625,12.21875],"rotation":0,"texture":"#0","tintindex":0},"south":{"uv":[10.90625,12.0,11.03125,12.21875],"rotation":0,"texture":"#0","tintindex":0},"north":{"uv":[12.0,9.3125,12.125,9.53125],"rotation":0,"texture":"#0","tintindex":0},"west":{"uv":[12.0,10.96875,12.125,11.1875],"rotation":0,"texture":"#0","tintindex":0},"up":{"uv":[9.03125,12.34375,8.90625,12.21875],"rotation":0,"texture":"#0","tintindex":0},"down":{"uv":[12.34375,8.9375,12.21875,9.0625],"rotation":0,"texture":"#0","tintindex":0}}},{"from":[19.428572,11.428571,-9.714287],"to":[21.142857,15.428571,-8.0],"rotation":{"angle":-22.5,"axis":"x","origin":[8.0,26.285713,-5.714287]},"faces":{"east":{"uv":[2.75,12.15625,2.84375,12.375],"rotation":0,"texture":"#0","tintindex":0},"south":{"uv":[2.84375,12.15625,2.9375,12.375],"rotation":0,"texture":"#0","tintindex":0},"north":{"uv":[2.65625,12.15625,2.75,12.375],"rotation":0,"texture":"#0","tintindex":0},"west":{"uv":[2.9375,12.15625,3.03125,12.375],"rotation":0,"texture":"#0","tintindex":0},"up":{"uv":[12.40625,4.59375,12.3125,4.5],"rotation":0,"texture":"#0","tintindex":0},"down":{"uv":[12.40625,4.75,12.3125,4.84375],"rotation":0,"texture":"#0","tintindex":0}}},{"from":[-4.5714293,6.8571415,-8.57143],"to":[-2.285715,10.8571415,-6.285715],"rotation":{"angle":-22.5,"axis":"x","origin":[8.0,24.571428,-11.428572]},"faces":{"east":{"uv":[12.0,11.40625,12.125,11.625],"rotation":0,"texture":"#0","tintindex":0},"south":{"uv":[11.9375,12.0,12.0625,12.21875],"rotation":0,"texture":"#0","tintindex":0},"north":{"uv":[11.03125,12.0,11.15625,12.21875],"rotation":0,"texture":"#0","tintindex":0},"west":{"uv":[1.4375,12.03125,1.5625,12.25],"rotation":0,"texture":"#0","tintindex":0},"up":{"uv":[12.34375,9.1875,12.21875,9.0625],"rotation":0,"texture":"#0","tintindex":0},"down":{"uv":[9.46875,12.21875,9.34375,12.34375],"rotation":0,"texture":"#0","tintindex":0}}},{"from":[-3.4285717,3.9999986,-8.0],"to":[0.0,9.142857,-5.714287],"rotation":{"angle":-22.5,"axis":"x","origin":[8.0,24.571428,-11.428572]},"faces":{"east":{"uv":[6.4375,11.75,6.5625,12.03125],"rotation":0,"texture":"#0","tintindex":0},"south":{"uv":[9.71875,11.34375,9.90625,11.625],"rotation":0,"texture":"#0","tintindex":0},"north":{"uv":[8.90625,11.34375,9.09375,11.625],"rotation":0,"texture":"#0",