{"textures":{"0":"modelengine:entity/glavenus"},"elements":[{"from":[6.4,8.0,-4.3999996],"to":[9.2,11.2,8.800001],"rotation":{"angle":0.0,"axis":"y","origin":[8.0,10.4,-3.5999994]},"faces":{"east":{"uv":[7.6875,3.75,8.71875,4.0],"rotation":0,"texture":"#0","tintindex":0},"south":{"uv":[4.71875,11.34375,4.9375,11.59375],"rotation":0,"texture":"#0","tintindex":0},"north":{"uv":[3.90625,11.34375,4.125,11.59375],"rotation":0,"texture":"#0","tintindex":0},"west":{"uv":[7.875,7.4375,8.90625,7.6875],"rotation":0,"texture":"#0","tintindex":0},"up":{"uv":[7.6875,9.21875,7.46875,8.1875],"rotation":0,"texture":"#0","tintindex":0},"down":{"uv":[1.28125,8.25,1.0625,9.28125],"rotation":0,"texture":"#0","tintindex":0}}},{"from":[6.8,5.6,-4.3999996],"to":[8.8,10.4,13.200001],"rotation":{"angle":0.0,"axis":"y","origin":[8.0,10.4,-3.5999994]},"faces":{"east":{"uv":[1.4375,5.53125,2.8125,5.90625],"rotation":0,"texture":"#0","tintindex":0},"south":{"uv":[7.125,11.28125,7.28125,11.65625],"rotation":0,"texture":"#0","tintindex":0},"north":{"uv":[2.625,11.28125,2.78125,11.65625],"rotation":0,"texture":"#0","tintindex":0},"west":{"uv":[5.53125,4.0625,6.90625,4.4375],"rotation":0,"texture":"#0","tintindex":0},"up":{"uv":[7.84375,9.5625,7.6875,8.1875],"rotation":0,"texture":"#0","tintindex":0},"down":{"uv":[1.4375,8.25,1.28125,9.625],"rotation":0,"texture":"#0","tintindex":0}}},{"from":[6.8,8.0,12.800001],"to":[8.8,10.4,19.6],"rotation":{"angle":0.0,"axis":"y","origin":[8.0,10.4,-3.5999994]},"faces":{"east":{"uv":[10.4375,0.96875,10.96875,1.15625],"rotation":0,"texture":"#0","tintindex":0},"south":{"uv":[0.375,12.0,0.53125,12.1875],"rotation":0,"texture":"#0","tintindex":0},"north":{"uv":[11.96875,11.625,12.125,11.8125],"rotation":0,"texture":"#0","tintindex":0},"west":{"uv":[10.5,10.46875,11.03125,10.65625],"rotation":0,"texture":"#0","tintindex":0},"up":{"uv":[1.375,11.375,1.21875,10.84375],"rotation":0,"texture":"#0","tintindex":0},"down":{"uv":[1.53125,10.84375,1.375,11.375],"rotation":0,"texture":"#0","tintindex":0}}},{"from":[7.2,4.0,-5.5999994],"to":[8.4,9.2,16.000002],"rotation":{"angle":0.0,"axis":"y","origin":[8.0,10.4,-3.5999994]},"faces":{"east":{"uv":[2.15625,4.21875,3.84375,4.625],"rotation":0,"texture":"#0","tintindex":0},"south":{"uv":[6.34375,11.71875,6.4375,12.125],"rotation":0,"texture":"#0","tintindex":0},"north":{"uv":[5.71875,11.71875,5.8125,12.125],"rotation":0,"texture":"#0","tintindex":0},"west":{"uv":[3.84375,4.21875,5.53125,4.625],"rotation":0,"texture":"#0","tintindex":0},"up":{"uv":[7.625,10.90625,7.53125,9.21875],"rotation":0,"texture":"#0","tintindex":0},"down":{"uv":[3.71875,9.3125,3.625,11.0],"rotation":0,"texture":"#0","tintindex":0}}},{"from":[7.2,14.4,-6.3999996],"to":[8.4,18.0,-0.79999924],"rotation":{"angle":22.5,"axis":"x","origin":[8.0,10.4,-17.599998]},"faces":{"east":{"uv":[10.15625,4.625,10.59375,4.90625],"rotation":0,"texture":"#0","tintindex":0},"south":{"uv":[0.65625,12.0625,0.75,12.34375],"rotation":0,"texture":"#0","tintindex":0},"north":{"uv":[11.625,12.03125,11.71875,12.3125],"rotation":0,"texture":"#0","tintindex":0},"west":{"uv":[10.15625,5.28125,10.59375,5.5625],"rotation":0,"texture":"#0","tintindex":0},"up":{"uv":[7.21875,12.09375,7.125,11.65625],"rotation":0,"texture":"#0","tintindex":0},"down":{"uv":[3.65625,11.6875,3.5625,12.125],"rotation":0,"texture":"#0","tintindex":0}}},{"from":[7.6,18.0,4.400001],"to":[8.0,18.8,6.800001],"rotation":{"angle":22.5,"axis":"x","origin":[8.0,10.4,-3.999999]},"faces":{"east":{"uv":[12.25,1.46875,12.4375,1.53125],"rotation":0,"texture":"#0","tintindex":0},"south":{"uv":[10.78125,9.21875,10.8125,9.28125],"rotation":0,"texture":"#0","tintindex":0},"north":{"uv":[10.59375,5.5,10.625,5.5625],"rotation":0,"texture":"#0","tintindex":0},"west":{"uv":[12.25,2.1875,12.4375,2.25],"rotation":0,"texture":"#0","tintindex":0},"up":{"uv":[4.53125,11.09375,4.5,10.90625],"rotation":0,"texture":"#0","tintindex":0},"down":{"uv":[5.75,10.90625,5.71875,11.09375],"rotation":0,"texture":"#0","tintindex":0}}},{"from":[7.6,21.2,2.400001],"to":[8.0,22.8,4.8000007],"rotation":{"angle":45.0,"axis":"x","origin":[8.0,10.4,-3.999999]},"faces":{"east":{"uv":[12.125,9.25,12.3125,9.375],"rotation":0,"texture":"#0","tintindex":0},"south":{"uv":[9.5,11.90625,9.53125,12.03125],"rotation":0,"texture":"#0","tintindex":0},"north":{"uv":[11.75,11.875,11.78125,12.0],"rotation":0,"texture":"#0","tintindex":0},"west":{"uv":[12.125,9.375,12.3125,9.5],"rotation":0,"texture":"#0","tintindex":0},"up":{"uv":[10.5,11.09375,10.46875,10.90625],"rotation":0,"texture":"#0","tintindex":0},"down":{"uv":[2.65625,10.96875,2.625,11.15625],"rotation":0,"texture":"#0","tintindex":0}}},{"from":[7.2,14.4,7.200001],"to":[8.4,18.0,12.800001],"rotation":{"angle":22.5,"axis":"x","origin":[8.0,10.4,-3.999999]},"faces":{"east":{"uv":[6.3125,10.15625,6.75,10.4375],"rotation":0,"texture":"#0","tintindex":0},"south":{"uv":[1.5625,12.0625,1.65625,12.34375],"rotation":0,"texture":"#0","tintindex":0},"north":{"uv":[0.75,12.0625,0.84375,12.34375],"rotation":0,"texture":"#0","tintindex":0},"west":{"uv":[10.15625,7.09375,10.59375,7.375],"rotation":0,"texture":"#0","tintindex":0},"up":{"uv":[7.84375,12.125,7.75,11.6875],"rotation":0,"texture":"#0","tintindex":0},"down":{"uv":[8.28125,11.6875,8.1875,12.125],"rotation":0,"texture":"#0","tintindex":0}}},{"from":[7.6,14.0,-0.39999962],"to":[8.0,14.8,1.6000009],"rotation":{"angle":22.5,"axis":"x","origin":[8.0,10.4,-3.5999994]},"faces":{"east":{"uv":[12.25,6.6875,12.40625,6.75],"rotation":0,"texture":"#0","tintindex":0},"south":{"uv":[2.40625,11.3125,2.4375,11.375],"rotation":0,"texture":"#0","tintindex":0},"north":{"uv":[11.15625,3.875,11.1875,3.9375],"rotation":0,"texture":"#0","tintindex":0},"west":{"uv":[12.25,10.5,12.40625,10.5625],"rotation":0,"texture":"#0","tintindex":0},"up":{"uv":[8.625,9.8125,8.59375,9.65625],"rotation":0,"texture":"#0","tintindex":0},"down":{"uv":[7.5,10.3125,7.46875,10.46875],"rotation":0,"texture":"#0","tintindex":0}}},{"from":[7.6,13.6,1.2000008],"to":[8.0,15.200001,3.6000009],"rotation":{"angle":22.5,"axis":"x","origin":[8.0,10.4,-3.5999994]},"faces":{"east":{"uv":[9.875,12.125,10.0625,12.25],"rotation":0,"texture":"#0","tintindex":0},"south":{"uv":[10.1875,11.96875,10.21875,12.09375],"rotation":0,"texture":"#0","tintindex":0},"north":{"uv":[2.0,11.9375,2.03125,12.0625],"rotation":0,"texture":"#0","tintindex":0},"west":{"uv":[12.125,10.90625,12.3125,11.03125],"rotation":0,"texture":"#0","tintindex":0},"up":{"uv":[4.53125,11.28125,4.5,11.09375],"rotation":0,"texture":"#0","tintindex":0},"down":{"uv":[10.71875,11.09375,10.6875,11.28125],"rotation":0,"texture":"#0","tintindex":0}}},{"from":[7.2,11.2,1.6000009],"to":[8.4,14.8,7.200001],"rotation":{"angle":22.5,"axis":"x","origin":[8.0,10.4,-3.5999994]},"faces":{"east":{"uv":[10.15625,9.28125,10.59375,9.5625],"rotation":0,"texture":"#0","tintindex":0},"south":{"uv":[3.65625,12.0625,3.75,12.34375],"rotation":0,"texture":"#0","tintindex":0},"north":{"uv":[1.65625,12.0625,1.75,12.34375],"rotation":0,"texture":"#0","tintindex":0},"west":{"uv":[10.15625,9.5625,10.59375,9.84375],"rotation":0,"texture":"#0","tintindex":0},"up":{"uv":[2.125,12.15625,2.03125,11.71875],"rotation":0,"texture":"#0","tintindex":0},"down":{"uv":[4.59375,11.71875,4.5,12.15625],"rotation":0,"texture":"#0","tintindex":0}}},{"from":[7.6,19.6,12.000001],"to":[8.0,20.8,14.000002],"rotation":{"angle":22.5,"axis":"x","origin":[8.0,10.4,-3.5999994]},"faces":{"east":{"uv":[12.25,3.625,12.40625,3.71875],"rotation":0,"texture":"#0","tintindex":0},"south":{"uv":[3.875,12.21875,3.90625,12.3125],"rotation":0,"texture":"#0","tintindex":0},"north":{"uv":[3.3125,12.15625,3.34375,12.25],"rotation":0,"texture":"#0","tintindex":0},"west":{"uv":[12.25,3.71875,12.40625,3.8125],"rotation":0,"texture":"#0","tintindex":0},"up":{"uv":[2.625,11.53125,2.59375,11.375],"rotation":0,"texture":"#0","tintindex":0},"down":{"uv":[0.4375,11.40625,0.40625,11.5625],"rotation":0,"texture":"#0",