{"textures":{"0":"modelengine:entity/glavenus"},"elements":[{"from":[3.4285712,6.857143,2.8571405],"to":[13.714286,13.714286,14.8571415],"rotation":{"angle":0.0,"axis":"y","origin":[8.0,4.5714283,7.999998]},"faces":{"east":{"uv":[8.0625,6.0625,8.71875,6.4375],"rotation":0,"texture":"#0","tintindex":0},"south":{"uv":[3.9375,8.4375,4.53125,8.8125],"rotation":0,"texture":"#0","tintindex":0},"north":{"uv":[8.40625,1.6875,9.0,2.0625],"rotation":0,"texture":"#0","tintindex":0},"west":{"uv":[0.40625,8.1875,1.0625,8.5625],"rotation":0,"texture":"#0","tintindex":0},"up":{"uv":[7.03125,5.875,6.4375,5.21875],"rotation":0,"texture":"#0","tintindex":0},"down":{"uv":[7.5,2.65625,6.90625,3.3125],"rotation":0,"texture":"#0","tintindex":0}}},{"from":[4.5714283,6.285714,14.285712],"to":[12.571428,13.142858,22.285713],"rotation":{"angle":0.0,"axis":"y","origin":[8.0,4.5714283,7.999998]},"faces":{"east":{"uv":[8.15625,9.4375,8.59375,9.8125],"rotation":0,"texture":"#0","tintindex":0},"south":{"uv":[9.0,1.625,9.46875,2.0],"rotation":0,"texture":"#0","tintindex":0},"north":{"uv":[8.96875,7.25,9.4375,7.625],"rotation":0,"texture":"#0","tintindex":0},"west":{"uv":[9.46875,1.46875,9.90625,1.84375],"rotation":0,"texture":"#0","tintindex":0},"up":{"uv":[2.40625,1.84375,1.9375,1.40625],"rotation":0,"texture":"#0","tintindex":0},"down":{"uv":[5.0,8.4375,4.53125,8.875],"rotation":0,"texture":"#0","tintindex":0}}},{"from":[5.714286,5.714286,20.571426],"to":[11.428572,12.571428,29.142857],"rotation":{"angle":0.0,"axis":"y","origin":[8.0,4.5714283,7.999998]},"faces":{"east":{"uv":[9.15625,8.8125,9.625,9.1875],"rotation":0,"texture":"#0","tintindex":0},"south":{"uv":[10.0,4.0,10.34375,4.375],"rotation":0,"texture":"#0","tintindex":0},"north":{"uv":[10.0,0.0,10.34375,0.375],"rotation":0,"texture":"#0","tintindex":0},"west":{"uv":[9.15625,9.1875,9.625,9.5625],"rotation":0,"texture":"#0","tintindex":0},"up":{"uv":[4.8125,9.875,4.46875,9.40625],"rotation":0,"texture":"#0","tintindex":0},"down":{"uv":[1.21875,9.46875,0.875,9.9375],"rotation":0,"texture":"#0","tintindex":0}}},{"from":[5.714286,12.571428,2.2857122],"to":[11.428572,16.57143,10.8571415],"rotation":{"angle":0.0,"axis":"y","origin":[8.0,4.5714283,7.999998]},"faces":{"east":{"uv":[10.4375,0.75,10.90625,0.96875],"rotation":0,"texture":"#0","tintindex":0},"south":{"uv":[11.03125,5.25,11.375,5.46875],"rotation":0,"texture":"#0","tintindex":0},"north":{"uv":[11.03125,4.5625,11.375,4.78125],"rotation":0,"texture":"#0","tintindex":0},"west":{"uv":[3.71875,10.46875,4.1875,10.6875],"rotation":0,"texture":"#0","tintindex":0},"up":{"uv":[9.8125,5.875,9.46875,5.40625],"rotation":0,"texture":"#0","tintindex":0},"down":{"uv":[5.5625,9.5,5.21875,9.96875],"rotation":0,"texture":"#0","tintindex":0}}},{"from":[6.285714,11.428572,10.8571415],"to":[10.857143,15.428572,28.571428],"rotation":{"angle":0.0,"axis":"y","origin":[8.0,4.5714283,7.999998]},"faces":{"east":{"uv":[1.1875,5.0,2.15625,5.21875],"rotation":0,"texture":"#0","tintindex":0},"south":{"uv":[11.28125,2.0625,11.5625,2.28125],"rotation":0,"texture":"#0","tintindex":0},"north":{"uv":[11.28125,1.84375,11.5625,2.0625],"rotation":0,"texture":"#0","tintindex":0},"west":{"uv":[8.25,3.5,9.21875,3.71875],"rotation":0,"texture":"#0","tintindex":0},"up":{"uv":[3.125,0.96875,2.84375,0.0],"rotation":0,"texture":"#0","tintindex":0},"down":{"uv":[6.6875,7.28125,6.40625,8.25],"rotation":0,"texture":"#0","tintindex":0}}},{"from":[4.5714283,2.2857141,2.8571405],"to":[12.571428,6.857143,11.999998],"rotation":{"angle":0.0,"axis":"y","origin":[8.0,4.5714283,7.999998]},"faces":{"east":{"uv":[10.03125,4.375,10.53125,4.625],"rotation":0,"texture":"#0","tintindex":0},"south":{"uv":[3.71875,10.21875,4.1875,10.46875],"rotation":0,"texture":"#0","tintindex":0},"north":{"uv":[10.15625,5.5625,10.625,5.8125],"rotation":0,"texture":"#0","tintindex":0},"west":{"uv":[10.125,8.28125,10.625,8.53125],"rotation":0,"texture":"#0","tintindex":0},"up":{"uv":[3.0625,8.625,2.59375,8.125],"rotation":0,"texture":"#0","tintindex":0},"down":{"uv":[7.15625,8.1875,6.6875,8.6875],"rotation":0,"texture":"#0","tintindex":0}}},{"from":[5.714286,2.8571424,11.999998],"to":[11.428572,7.428571,20.571426],"rotation":{"angle":0.0,"axis":"y","origin":[8.0,4.5714283,7.999998]},"faces":{"east":{"uv":[10.21875,7.375,10.6875,7.625],"rotation":0,"texture":"#0","tintindex":0},"south":{"uv":[2.96875,10.8125,3.3125,11.0625],"rotation":0,"texture":"#0","tintindex":0},"north":{"uv":[9.375,10.78125,9.71875,11.03125],"rotation":0,"texture":"#0","tintindex":0},"west":{"uv":[10.21875,7.625,10.6875,7.875],"rotation":0,"texture":"#0","tintindex":0},"up":{"uv":[6.40625,9.96875,6.0625,9.5],"rotation":0,"texture":"#0","tintindex":0},"down":{"uv":[7.21875,9.5,6.875,9.96875],"rotation":0,"texture":"#0","tintindex":0}}},{"from":[6.857143,4.0,20.571426],"to":[10.285714,6.857143,27.999998],"rotation":{"angle":0.0,"axis":"y","origin":[8.0,4.5714283,7.999998]},"faces":{"east":{"uv":[11.1875,3.78125,11.59375,3.9375],"rotation":0,"texture":"#0","tintindex":0},"south":{"uv":[11.53125,11.875,11.75,12.03125],"rotation":0,"texture":"#0","tintindex":0},"north":{"uv":[11.875,6.40625,12.09375,6.5625],"rotation":0,"texture":"#0","tintindex":0},"west":{"uv":[11.1875,6.71875,11.59375,6.875],"rotation":0,"texture":"#0","tintindex":0},"up":{"uv":[10.46875,11.125,10.25,10.71875],"rotation":0,"texture":"#0","tintindex":0},"down":{"uv":[10.9375,10.65625,10.71875,11.0625],"rotation":0,"texture":"#0","tintindex":0}}},{"from":[7.428571,2.8571424,23.42857],"to":[9.714286,4.5714283,27.999998],"rotation":{"angle":0.0,"axis":"y","origin":[8.0,5.142857,18.857141]},"faces":{"east":{"uv":[12.125,7.46875,12.375,7.5625],"rotation":0,"texture":"#0","tintindex":0},"south":{"uv":[12.25,3.53125,12.40625,3.625],"rotation":0,"texture":"#0","tintindex":0},"north":{"uv":[12.25,3.4375,12.40625,3.53125],"rotation":0,"texture":"#0","tintindex":0},"west":{"uv":[8.1875,12.125,8.4375,12.21875],"rotation":0,"texture":"#0","tintindex":0},"up":{"uv":[1.5,12.0,1.34375,11.75],"rotation":0,"texture":"#0","tintindex":0},"down":{"uv":[11.90625,3.34375,11.75,3.59375],"rotation":0,"texture":"#0","tintindex":0}}},{"from":[8.0,4.5714283,24.571426],"to":[9.142858,6.285714,30.285713],"rotation":{"angle":22.5,"axis":"x","origin":[8.0,5.142857,18.857141]},"faces":{"east":{"uv":[11.90625,5.90625,12.21875,6.0],"rotation":0,"texture":"#0","tintindex":0},"south":{"uv":[1.5625,12.34375,1.65625,12.4375],"rotation":0,"texture":"#0","tintindex":0},"north":{"uv":[12.34375,1.09375,12.4375,1.1875],"rotation":0,"texture":"#0","tintindex":0},"west":{"uv":[11.9375,0.3125,12.25,0.40625],"rotation":0,"texture":"#0","tintindex":0},"up":{"uv":[4.15625,12.25,4.0625,11.9375],"rotation":0,"texture":"#0","tintindex":0},"down":{"uv":[4.84375,11.9375,4.75,12.25],"rotation":0,"texture":"#0","tintindex":0}}},{"from":[8.571428,0.5714283,14.8571415],"to":[8.571428,1.7142854,18.342855],"rotation":{"angle":22.5,"axis":"x","origin":[8.0,5.142857,17.142857]},"faces":{"east":{"uv":[12.03125,10.4375,12.21875,10.5],"rotation":0,"texture":"#0","tintindex":0},"south":{"uv":[5.375,9.4375,5.40625,9.5],"rotation":0,"texture":"#0","tintindex":0},"north":{"uv":[9.34375,6.65625,9.375,6.71875],"rotation":0,"texture":"#0","tintindex":0},"west":{"uv":[12.125,7.5625,12.3125,7.625],"rotation":0,"texture":"#0","tintindex":0},"up":{"uv":[9.96875,2.40625,9.9375,2.21875],"rotation":0,"texture":"#0","tintindex":0},"down":{"uv":[9.09375,10.0625,9.0625,10.25],"rotation":0,"texture":"#0","tintindex":0}}},{"from":[8.0,1.1428566,10.8571415],"to":[9.142858,2.8571424,16.62857],"rotation":{"angle":22.5,"axis":"x","origin":[8.0,5.142857,17.142857]},"faces":{"east":{"uv":[11.9375,2.875,12.25,2.96875],"rotation":0,"texture":"#0","tintindex":0},"south":{"uv":[1.75,12.34375,1.84375,12.4375],"rotation":0,"texture":"#0","tintindex":0},"north":{"uv":[1.65625,12.34375,1.75,12.4375],"rotation":0,"texture":"#0","tintindex":0},"west":{"uv":[11.9375,4.3125,12.25,4.40625],"rotation":0,"texture":"#0",