{"textures":{"0":"modelengine:entity/glavenus"},"elements":[{"from":[2.8571424,1.1428566,3.9999986],"to":[13.142858,12.0,32.0],"rotation":{"angle":0.0,"axis":"y","origin":[8.0,-29.14286,-10.285717]},"faces":{"east":{"uv":[2.15625,3.625,3.6875,4.21875],"rotation":0,"texture":"#0","tintindex":0},"south":{"uv":[6.90625,7.125,7.5,7.71875],"rotation":0,"texture":"#0","tintindex":0},"north":{"uv":[7.09375,3.3125,7.6875,3.90625],"rotation":0,"texture":"#0","tintindex":0},"west":{"uv":[3.6875,3.625,5.21875,4.21875],"rotation":0,"texture":"#0","tintindex":0},"up":{"uv":[0.59375,5.25,0.0,3.71875],"rotation":0,"texture":"#0","tintindex":0},"down":{"uv":[1.1875,3.71875,0.59375,5.25],"rotation":0,"texture":"#0","tintindex":0}}},{"from":[4.5714283,8.571428,3.9999986],"to":[11.428572,17.714287,23.428572],"rotation":{"angle":0.0,"axis":"y","origin":[8.0,-29.14286,-10.285717]},"faces":{"east":{"uv":[3.875,4.96875,4.9375,5.46875],"rotation":0,"texture":"#0","tintindex":0},"south":{"uv":[5.0,8.65625,5.40625,9.15625],"rotation":0,"texture":"#0","tintindex":0},"north":{"uv":[5.71875,8.53125,6.125,9.03125],"rotation":0,"texture":"#0","tintindex":0},"west":{"uv":[4.9375,4.96875,6.0,5.46875],"rotation":0,"texture":"#0","tintindex":0},"up":{"uv":[4.96875,7.21875,4.5625,6.15625],"rotation":0,"texture":"#0","tintindex":0},"down":{"uv":[5.375,6.15625,4.96875,7.21875],"rotation":0,"texture":"#0","tintindex":0}}},{"from":[3.4285712,12.0,17.142857],"to":[12.0,15.428572,31.428572],"rotation":{"angle":0.0,"axis":"y","origin":[8.0,-29.14286,-10.285717]},"faces":{"east":{"uv":[9.71875,2.9375,10.5,3.125],"rotation":0,"texture":"#0","tintindex":0},"south":{"uv":[10.71875,1.15625,11.21875,1.34375],"rotation":0,"texture":"#0","tintindex":0},"north":{"uv":[10.6875,7.625,11.1875,7.8125],"rotation":0,"texture":"#0","tintindex":0},"west":{"uv":[9.78125,6.34375,10.5625,6.53125],"rotation":0,"texture":"#0","tintindex":0},"up":{"uv":[6.90625,7.28125,6.40625,6.5],"rotation":0,"texture":"#0","tintindex":0},"down":{"uv":[7.1875,1.875,6.6875,2.65625],"rotation":0,"texture":"#0","tintindex":0}}},{"from":[5.142857,-1.1428576,3.4285698],"to":[10.857143,1.1428566,22.857141],"rotation":{"angle":0.0,"axis":"y","origin":[8.0,-29.14286,-10.285717]},"faces":{"east":{"uv":[9.28125,3.375,10.34375,3.5],"rotation":0,"texture":"#0","tintindex":0},"south":{"uv":[11.59375,10.5,11.9375,10.625],"rotation":0,"texture":"#0","tintindex":0},"north":{"uv":[11.59375,6.6875,11.9375,6.8125],"rotation":0,"texture":"#0","tintindex":0},"west":{"uv":[9.625,0.40625,10.6875,0.53125],"rotation":0,"texture":"#0","tintindex":0},"up":{"uv":[7.40625,1.6875,7.0625,0.625],"rotation":0,"texture":"#0","tintindex":0},"down":{"uv":[3.125,7.0625,2.78125,8.125],"rotation":0,"texture":"#0","tintindex":0}}},{"from":[0.0,3.4285712,5.7142844],"to":[16.0,10.857143,31.428572],"rotation":{"angle":0.0,"axis":"y","origin":[8.0,-29.14286,-10.285717]},"faces":{"east":{"uv":[4.84375,0.0,6.25,0.40625],"rotation":0,"texture":"#0","tintindex":0},"south":{"uv":[7.03125,5.75,7.9375,6.15625],"rotation":0,"texture":"#0","tintindex":0},"north":{"uv":[7.03125,5.34375,7.9375,5.75],"rotation":0,"texture":"#0","tintindex":0},"west":{"uv":[4.84375,0.40625,6.25,0.8125],"rotation":0,"texture":"#0","tintindex":0},"up":{"uv":[2.46875,3.25,1.5625,1.84375],"rotation":0,"texture":"#0","tintindex":0},"down":{"uv":[2.84375,0.0,1.9375,1.40625],"rotation":0,"texture":"#0","tintindex":0}}},{"from":[7.428571,8.0,-6.285716],"to":[8.571428,9.714286,-2.285716],"rotation":{"angle":45.0,"axis":"x","origin":[7.428571,5.714286,18.285713]},"faces":{"east":{"uv":[12.125,11.875,12.34375,11.96875],"rotation":0,"texture":"#0","tintindex":0},"south":{"uv":[12.34375,0.46875,12.4375,0.5625],"rotation":0,"texture":"#0","tintindex":0},"north":{"uv":[11.625,12.3125,11.71875,12.40625],"rotation":0,"texture":"#0","tintindex":0},"west":{"uv":[12.15625,0.0,12.375,0.09375],"rotation":0,"texture":"#0","tintindex":0},"up":{"uv":[5.34375,12.375,5.25,12.15625],"rotation":0,"texture":"#0","tintindex":0},"down":{"uv":[5.59375,12.15625,5.5,12.375],"rotation":0,"texture":"#0","tintindex":0}}},{"from":[7.428571,15.428572,-1.1428585],"to":[8.571428,17.714287,5.7142844],"rotation":{"angle":22.5,"axis":"x","origin":[7.428571,5.714286,18.285713]},"faces":{"east":{"uv":[11.375,5.34375,11.75,5.46875],"rotation":0,"texture":"#0","tintindex":0},"south":{"uv":[6.84375,12.25,6.9375,12.375],"rotation":0,"texture":"#0","tintindex":0},"north":{"uv":[6.75,12.25,6.84375,12.375],"rotation":0,"texture":"#0","tintindex":0},"west":{"uv":[11.46875,11.3125,11.84375,11.4375],"rotation":0,"texture":"#0","tintindex":0},"up":{"uv":[0.1875,12.15625,0.09375,11.78125],"rotation":0,"texture":"#0","tintindex":0},"down":{"uv":[2.21875,11.84375,2.125,12.21875],"rotation":0,"texture":"#0","tintindex":0}}},{"from":[6.857143,5.714286,-1.7142878],"to":[9.142858,10.285714,3.9999986],"rotation":{"angle":45.0,"axis":"x","origin":[7.428571,5.714286,18.285713]},"faces":{"east":{"uv":[5.6875,4.71875,6.0,4.96875],"rotation":0,"texture":"#0","tintindex":0},"south":{"uv":[1.1875,11.75,1.34375,12.0],"rotation":0,"texture":"#0","tintindex":0},"north":{"uv":[0.5625,11.75,0.71875,12.0],"rotation":0,"texture":"#0","tintindex":0},"west":{"uv":[0.4375,10.96875,0.75,11.21875],"rotation":0,"texture":"#0","tintindex":0},"up":{"uv":[7.90625,11.6875,7.75,11.375],"rotation":0,"texture":"#0","tintindex":0},"down":{"uv":[9.53125,11.375,9.375,11.6875],"rotation":0,"texture":"#0","tintindex":0}}},{"from":[6.285714,15.428572,4.5714273],"to":[9.714286,19.428572,12.571427],"rotation":{"angle":0.0,"axis":"y","origin":[7.428571,5.714286,18.285713]},"faces":{"east":{"uv":[10.59375,7.03125,11.03125,7.25],"rotation":0,"texture":"#0","tintindex":0},"south":{"uv":[11.4375,10.65625,11.65625,10.875],"rotation":0,"texture":"#0","tintindex":0},"north":{"uv":[7.625,9.5625,7.84375,9.78125],"rotation":0,"texture":"#0","tintindex":0},"west":{"uv":[10.625,5.5,11.0625,5.71875],"rotation":0,"texture":"#0","tintindex":0},"up":{"uv":[10.90625,2.28125,10.6875,1.84375],"rotation":0,"texture":"#0","tintindex":0},"down":{"uv":[3.9375,10.6875,3.71875,11.125],"rotation":0,"texture":"#0","tintindex":0}}},{"from":[7.428571,8.0,4.5714273],"to":[8.571428,9.142858,7.9999986],"rotation":{"angle":45.0,"axis":"x","origin":[7.428571,5.714286,28.571428]},"faces":{"east":{"uv":[11.75,7.75,11.9375,7.8125],"rotation":0,"texture":"#0","tintindex":0},"south":{"uv":[11.6875,10.09375,11.78125,10.15625],"rotation":0,"texture":"#0","tintindex":0},"north":{"uv":[11.59375,5.125,11.6875,5.1875],"rotation":0,"texture":"#0","tintindex":0},"west":{"uv":[11.78125,2.21875,11.96875,2.28125],"rotation":0,"texture":"#0","tintindex":0},"up":{"uv":[8.0,12.40625,7.90625,12.21875],"rotation":0,"texture":"#0","tintindex":0},"down":{"uv":[8.09375,12.21875,8.0,12.40625],"rotation":0,"texture":"#0","tintindex":0}}},{"from":[7.428571,14.857143,9.142856],"to":[8.571428,17.142857,14.8571415],"rotation":{"angle":22.5,"axis":"x","origin":[7.428571,5.714286,28.571428]},"faces":{"east":{"uv":[11.71875,4.40625,12.03125,4.53125],"rotation":0,"texture":"#0","tintindex":0},"south":{"uv":[12.25,8.03125,12.34375,8.15625],"rotation":0,"texture":"#0","tintindex":0},"north":{"uv":[6.9375,12.25,7.03125,12.375],"rotation":0,"texture":"#0","tintindex":0},"west":{"uv":[11.71875,10.375,12.03125,10.5],"rotation":0,"texture":"#0","tintindex":0},"up":{"uv":[8.1875,12.21875,8.09375,11.90625],"rotation":0,"texture":"#0","tintindex":0},"down":{"uv":[10.46875,11.90625,10.375,12.21875],"rotation":0,"texture":"#0","tintindex":0}}},{"from":[6.857143,5.714286,8.571427],"to":[9.142858,9.714286,14.285713],"rotation":{"angle":45.0,"axis":"x","origin":[7.428571,5.714286,28.571428]},"faces":{"east":{"uv":[3.625,11.125,3.9375,11.34375],"rotation":0,"texture":"#0","tintindex":0},"south":{"uv":[11.375,11.875,11.53125,12.09375],"rotation":0,"texture":"#0","tintindex":0},"north":{"uv":[11.21875,11.875,11.375,12.09375],"rotation":0,"texture":"#0","tintindex":0},