{"textures":{"0":"modelengine:entity/ezekiel"},"elements":[{"from":[7.957143,4.342857,7.6285715],"to":[8.471429,8.057143,8.057143],"rotation":{"angle":0.0,"axis":"y","origin":[8.171429,6.9142857,7.7714286]},"faces":{"east":{"uv":[6.875,8.875,7.0,9.75],"rotation":0,"texture":"#0","tintindex":0},"south":{"uv":[7.25,8.875,7.375,9.75],"rotation":0,"texture":"#0","tintindex":0},"north":{"uv":[6.75,8.875,6.875,9.75],"rotation":0,"texture":"#0","tintindex":0},"west":{"uv":[7.375,8.875,7.5,9.75],"rotation":0,"texture":"#0","tintindex":0},"up":{"uv":[9.625,8.625,9.5,8.5],"rotation":0,"texture":"#0","tintindex":0},"down":{"uv":[9.625,8.875,9.5,9.0],"rotation":0,"texture":"#0","tintindex":0}}},{"from":[7.6714287,5.6285715,7.7714286],"to":[8.1,8.057143,8.6285715],"rotation":{"angle":0.0,"axis":"y","origin":[8.171429,6.9142857,7.7714286]},"faces":{"east":{"uv":[8.75,2.25,9.0,2.75],"rotation":0,"texture":"#0","tintindex":0},"south":{"uv":[2.5,9.25,2.625,9.75],"rotation":0,"texture":"#0","tintindex":0},"north":{"uv":[2.25,9.25,2.375,9.75],"rotation":0,"texture":"#0","tintindex":0},"west":{"uv":[2.5,8.75,2.75,9.25],"rotation":0,"texture":"#0","tintindex":0},"up":{"uv":[9.5,8.375,9.375,8.125],"rotation":0,"texture":"#0","tintindex":0},"down":{"uv":[9.5,8.375,9.375,8.625],"rotation":0,"texture":"#0","tintindex":0}}},{"from":[7.8142858,3.0571427,7.7714286],"to":[8.242857,5.2,8.2],"rotation":{"angle":0.0,"axis":"y","origin":[8.171429,6.9142857,7.7714286]},"faces":{"east":{"uv":[2.75,9.25,2.875,9.75],"rotation":0,"texture":"#0","tintindex":0},"south":{"uv":[2.875,9.25,3.0,9.75],"rotation":0,"texture":"#0","tintindex":0},"north":{"uv":[2.625,9.25,2.75,9.75],"rotation":0,"texture":"#0","tintindex":0},"west":{"uv":[3.625,9.25,3.75,9.75],"rotation":0,"texture":"#0","tintindex":0},"up":{"uv":[9.125,9.625,9.0,9.5],"rotation":0,"texture":"#0","tintindex":0},"down":{"uv":[9.625,9.0,9.5,9.125],"rotation":0,"texture":"#0","tintindex":0}}},{"from":[7.8714285,2.4857144,7.9142857],"to":[8.157143,4.0571427,8.342857],"rotation":{"angle":0.0,"axis":"y","origin":[8.171429,6.9142857,7.7714286]},"faces":{"east":{"uv":[0.625,9.375,0.75,9.75],"rotation":0,"texture":"#0","tintindex":0},"south":{"uv":[0.75,9.375,0.875,9.75],"rotation":0,"texture":"#0","tintindex":0},"north":{"uv":[0.5,9.375,0.625,9.75],"rotation":0,"texture":"#0","tintindex":0},"west":{"uv":[0.875,9.375,1.0,9.75],"rotation":0,"texture":"#0","tintindex":0},"up":{"uv":[9.625,9.25,9.5,9.125],"rotation":0,"texture":"#0","tintindex":0},"down":{"uv":[9.625,9.25,9.5,9.375],"rotation":0,"texture":"#0","tintindex":0}}}],"display":{"head":{"translation":[0.0,-6.4,0.0],"scale":[4.0,4.0,4.0]}}}