{"textures":{"0":"modelengine:entity/ezekiel"},"elements":[{"from":[8.023809,5.647619,7.7619047],"to":[8.452381,8.076191,8.619047],"rotation":{"angle":0.0,"axis":"y","origin":[7.952381,6.9333334,7.7619047]},"faces":{"east":{"uv":[2.75,8.75,3.0,9.25],"rotation":0,"texture":"#0","tintindex":0},"south":{"uv":[3.875,9.25,4.0,9.75],"rotation":0,"texture":"#0","tintindex":0},"north":{"uv":[3.75,9.25,3.875,9.75],"rotation":0,"texture":"#0","tintindex":0},"west":{"uv":[8.75,2.75,9.0,3.25],"rotation":0,"texture":"#0","tintindex":0},"up":{"uv":[9.5,9.125,9.375,8.875],"rotation":0,"texture":"#0","tintindex":0},"down":{"uv":[9.25,9.375,9.125,9.625],"rotation":0,"texture":"#0","tintindex":0}}},{"from":[7.595238,4.3619046,7.6190476],"to":[8.166667,8.076191,8.047619],"rotation":{"angle":0.0,"axis":"y","origin":[7.952381,6.9333334,7.7619047]},"faces":{"east":{"uv":[7.625,8.875,7.75,9.75],"rotation":0,"texture":"#0","tintindex":0},"south":{"uv":[7.75,8.875,7.875,9.75],"rotation":0,"texture":"#0","tintindex":0},"north":{"uv":[7.5,8.875,7.625,9.75],"rotation":0,"texture":"#0","tintindex":0},"west":{"uv":[7.875,8.875,8.0,9.75],"rotation":0,"texture":"#0","tintindex":0},"up":{"uv":[9.625,9.5,9.5,9.375],"rotation":0,"texture":"#0","tintindex":0},"down":{"uv":[9.625,9.5,9.5,9.625],"rotation":0,"texture":"#0","tintindex":0}}},{"from":[7.7380953,3.6476188,7.7619047],"to":[8.023809,5.5047617,8.190476],"rotation":{"angle":0.0,"axis":"y","origin":[4.0952377,6.9333334,7.7619047]},"faces":{"east":{"uv":[1.125,9.375,1.25,9.75],"rotation":0,"texture":"#0","tintindex":0},"south":{"uv":[1.25,9.375,1.375,9.75],"rotation":0,"texture":"#0","tintindex":0},"north":{"uv":[1.0,9.375,1.125,9.75],"rotation":0,"texture":"#0","tintindex":0},"west":{"uv":[1.5,9.375,1.625,9.75],"rotation":0,"texture":"#0","tintindex":0},"up":{"uv":[9.75,0.125,9.625,0.0],"rotation":0,"texture":"#0","tintindex":0},"down":{"uv":[9.75,0.125,9.625,0.25],"rotation":0,"texture":"#0","tintindex":0}}}],"display":{"head":{"translation":[0.0,-6.4,0.0],"scale":[4.0,4.0,4.0]}}}