{"textures":{"4":"modelengine:entity/ezekiel_tail"},"elements":[{"from":[6.642857,7.463676,7.770048],"to":[9.357143,9.035105,17.484333],"rotation":{"angle":0.0,"axis":"y","origin":[7.642857,8.749391,6.627191]},"faces":{"east":{"uv":[2.875,1.75,5.0,2.125],"rotation":0,"texture":"#4","tintindex":0},"south":{"uv":[6.125,0.0,6.75,0.375],"rotation":0,"texture":"#4","tintindex":0},"north":{"uv":[6.0,6.0,6.625,6.375],"rotation":0,"texture":"#4","tintindex":0},"west":{"uv":[2.625,3.875,4.75,4.25],"rotation":0,"texture":"#4","tintindex":0},"up":{"uv":[1.375,4.25,0.75,2.125],"rotation":0,"texture":"#4","tintindex":0},"down":{"uv":[2.0,2.125,1.375,4.25],"rotation":0,"texture":"#4","tintindex":0}}},{"from":[6.357143,7.6065335,9.19862],"to":[7.785714,8.463676,12.770048],"rotation":{"angle":-22.5,"axis":"y","origin":[6.285714,8.035105,10.770048]},"faces":{"east":{"uv":[6.125,0.375,6.875,0.625],"rotation":0,"texture":"#4","tintindex":0},"south":{"uv":[7.25,4.625,7.625,4.875],"rotation":0,"texture":"#4","tintindex":0},"north":{"uv":[7.25,2.875,7.625,3.125],"rotation":0,"texture":"#4","tintindex":0},"west":{"uv":[6.125,0.625,6.875,0.875],"rotation":0,"texture":"#4","tintindex":0},"up":{"uv":[5.875,2.75,5.5,2.0],"rotation":0,"texture":"#4","tintindex":0},"down":{"uv":[5.875,2.75,5.5,3.5],"rotation":0,"texture":"#4","tintindex":0}}},{"from":[7.785714,7.6065335,14.341477],"to":[8.928572,8.463676,17.341476],"rotation":{"angle":-22.5,"axis":"y","origin":[6.0,8.035105,12.627192]},"faces":{"east":{"uv":[6.375,1.625,7.0,1.875],"rotation":0,"texture":"#4","tintindex":0},"south":{"uv":[6.0,7.25,6.25,7.5],"rotation":0,"texture":"#4","tintindex":0},"north":{"uv":[3.75,5.625,4.0,5.875],"rotation":0,"texture":"#4","tintindex":0},"west":{"uv":[2.0,6.375,2.625,6.625],"rotation":0,"texture":"#4","tintindex":0},"up":{"uv":[2.875,7.0,2.625,6.375],"rotation":0,"texture":"#4","tintindex":0},"down":{"uv":[3.125,6.375,2.875,7.0],"rotation":0,"texture":"#4","tintindex":0}}},{"from":[8.214286,7.6065335,9.19862],"to":[9.642858,8.463676,12.770048],"rotation":{"angle":22.5,"axis":"y","origin":[9.714286,8.035105,10.770048]},"faces":{"east":{"uv":[6.125,0.875,6.875,1.125],"rotation":0,"texture":"#4","tintindex":0},"south":{"uv":[4.375,7.375,4.75,7.625],"rotation":0,"texture":"#4","tintindex":0},"north":{"uv":[7.375,0.0,7.75,0.25],"rotation":0,"texture":"#4","tintindex":0},"west":{"uv":[6.125,1.125,6.875,1.375],"rotation":0,"texture":"#4","tintindex":0},"up":{"uv":[5.875,4.25,5.5,3.5],"rotation":0,"texture":"#4","tintindex":0},"down":{"uv":[5.875,4.25,5.5,5.0],"rotation":0,"texture":"#4","tintindex":0}}},{"from":[7.0714283,7.6065335,14.341477],"to":[8.214286,8.463676,17.341476],"rotation":{"angle":22.5,"axis":"y","origin":[10.0,8.035105,12.627192]},"faces":{"east":{"uv":[3.125,6.375,3.75,6.625],"rotation":0,"texture":"#4","tintindex":0},"south":{"uv":[7.5,4.375,7.75,4.625],"rotation":0,"texture":"#4","tintindex":0},"north":{"uv":[4.75,7.375,5.0,7.625],"rotation":0,"texture":"#4","tintindex":0},"west":{"uv":[6.0,6.375,6.625,6.625],"rotation":0,"texture":"#4","tintindex":0},"up":{"uv":[6.75,3.625,6.5,3.0],"rotation":0,"texture":"#4","tintindex":0},"down":{"uv":[5.5,6.5,5.25,7.125],"rotation":0,"texture":"#4","tintindex":0}}},{"from":[7.142857,9.035105,7.770048],"to":[8.857143,9.320819,17.484333],"rotation":{"angle":0.0,"axis":"y","origin":[7.714286,8.749391,6.627191]},"faces":{"east":{"uv":[5.875,5.0,8.0,5.125],"rotation":0,"texture":"#4","tintindex":0},"south":{"uv":[7.625,1.5,8.0,1.625],"rotation":0,"texture":"#4","tintindex":0},"north":{"uv":[7.5,6.5,7.875,6.625],"rotation":0,"texture":"#4","tintindex":0},"west":{"uv":[5.875,5.125,8.0,5.25],"rotation":0,"texture":"#4","tintindex":0},"up":{"uv":[0.375,6.375,0.0,4.25],"rotation":0,"texture":"#4","tintindex":0},"down":{"uv":[0.75,4.25,0.375,6.375],"rotation":0,"texture":"#4","tintindex":0}}},{"from":[7.5,8.463676,9.484334],"to":[8.5,9.749391,12.341476],"rotation":{"angle":22.5,"axis":"x","origin":[8.0,9.892248,11.19862]},"faces":{"east":{"uv":[0.0,6.625,0.625,6.875],"rotation":0,"texture":"#4","tintindex":0},"south":{"uv":[5.25,7.5,5.5,7.75],"rotation":0,"texture":"#4","tintindex":0},"north":{"uv":[5.0,7.5,5.25,7.75],"rotation":0,"texture":"#4","tintindex":0},"west":{"uv":[0.625,6.625,1.25,6.875],"rotation":0,"texture":"#4","tintindex":0},"up":{"uv":[5.75,7.125,5.5,6.5],"rotation":0,"texture":"#4","tintindex":0},"down":{"uv":[6.0,6.5,5.75,7.125],"rotation":0,"texture":"#4","tintindex":0}}},{"from":[7.642857,7.0351048,12.912906],"to":[8.357142,8.606533,14.484335],"rotation":{"angle":-22.5,"axis":"x","origin":[8.0,9.892248,11.19862]},"faces":{"east":{"uv":[0.5,7.125,0.875,7.5],"rotation":0,"texture":"#4","tintindex":0},"south":{"uv":[1.125,7.5,1.25,7.875],"rotation":0,"texture":"#4","tintindex":0},"north":{"uv":[2.375,7.25,2.5,7.625],"rotation":0,"texture":"#4","tintindex":0},"west":{"uv":[0.875,7.125,1.25,7.5],"rotation":0,"texture":"#4","tintindex":0},"up":{"uv":[4.375,7.875,4.25,7.5],"rotation":0,"texture":"#4","tintindex":0},"down":{"uv":[2.5,7.625,2.375,8.0],"rotation":0,"texture":"#4","tintindex":0}}}],"display":{"head":{"translation":[0.0,-6.4,0.0],"scale":[4.0,4.0,4.0]}}}