{"textures":{"1":"modelengine:entity/xiddri_rock"},"elements":[{"from":[4.3999996,-2.2044725,2.309535],"to":[11.6,7.875528,18.400965],"rotation":{"angle":0.0,"axis":"y","origin":[8.0,15.429813,-29.19904]},"faces":{"east":{"uv":[6.1875,9.46875,6.625,9.75],"rotation":0,"texture":"#1","tintindex":0},"south":{"uv":[11.125,10.078125,11.328125,10.359375],"rotation":0,"texture":"#1","tintindex":0},"north":{"uv":[11.125,9.796875,11.328125,10.078125],"rotation":0,"texture":"#1","tintindex":0},"west":{"uv":[9.46875,7.5,9.90625,7.78125],"rotation":0,"texture":"#1","tintindex":0},"up":{"uv":[4.890625,8.015625,4.6875,7.578125],"rotation":0,"texture":"#1","tintindex":0},"down":{"uv":[2.0625,10.5,1.859375,10.9375],"rotation":0,"texture":"#1","tintindex":0}}},{"from":[-1.0,-2.9194736,12.8],"to":[5.0,6.680527,32.0],"rotation":{"angle":-22.5,"axis":"x","origin":[8.0,4.880527,31.7]},"faces":{"east":{"uv":[8.765625,0.0,9.296875,0.265625],"rotation":0,"texture":"#1","tintindex":0},"south":{"uv":[11.546875,6.140625,11.703125,6.40625],"rotation":0,"texture":"#1","tintindex":0},"north":{"uv":[7.875,6.734375,8.03125,7.0],"rotation":0,"texture":"#1","tintindex":0},"west":{"uv":[1.921875,8.859375,2.453125,9.125],"rotation":0,"texture":"#1","tintindex":0},"up":{"uv":[0.796875,11.109375,0.640625,10.578125],"rotation":0,"texture":"#1","tintindex":0},"down":{"uv":[7.609375,10.578125,7.453125,11.109375],"rotation":0,"texture":"#1","tintindex":0}}},{"from":[-9.400002,-1.1194725,18.8],"to":[-1.0,4.880527,24.800001],"rotation":{"angle":-22.5,"axis":"x","origin":[8.0,4.880527,31.7]},"faces":{"east":{"uv":[11.8125,8.421875,11.984375,8.59375],"rotation":0,"texture":"#1","tintindex":0},"south":{"uv":[9.65625,6.34375,9.890625,6.515625],"rotation":0,"texture":"#1","tintindex":0},"north":{"uv":[7.9375,2.296875,8.171875,2.46875],"rotation":0,"texture":"#1","tintindex":0},"west":{"uv":[11.8125,8.90625,11.984375,9.078125],"rotation":0,"texture":"#1","tintindex":0},"up":{"uv":[11.8125,8.734375,11.578125,8.5625],"rotation":0,"texture":"#1","tintindex":0},"down":{"uv":[11.84375,0.0,11.609375,0.171875],"rotation":0,"texture":"#1","tintindex":0}}},{"from":[17.0,-1.1194725,18.8],"to":[25.400002,4.880527,24.800001],"rotation":{"angle":-22.5,"axis":"x","origin":[8.0,4.880527,31.7]},"faces":{"east":{"uv":[8.953125,11.8125,9.125,11.984375],"rotation":0,"texture":"#1","tintindex":0},"south":{"uv":[11.65625,0.796875,11.890625,0.96875],"rotation":0,"texture":"#1","tintindex":0},"north":{"uv":[11.640625,9.484375,11.875,9.65625],"rotation":0,"texture":"#1","tintindex":0},"west":{"uv":[11.8125,9.078125,11.984375,9.25],"rotation":0,"texture":"#1","tintindex":0},"up":{"uv":[11.890625,2.203125,11.65625,2.03125],"rotation":0,"texture":"#1","tintindex":0},"down":{"uv":[11.890625,6.40625,11.65625,6.578125],"rotation":0,"texture":"#1","tintindex":0}}},{"from":[11.0,-2.9194736,12.8],"to":[17.0,6.680527,32.0],"rotation":{"angle":-22.5,"axis":"x","origin":[8.0,4.880527,31.7]},"faces":{"east":{"uv":[4.828125,8.875,5.359375,9.140625],"rotation":0,"texture":"#1","tintindex":0},"south":{"uv":[3.859375,11.59375,4.015625,11.859375],"rotation":0,"texture":"#1","tintindex":0},"north":{"uv":[11.546875,10.53125,11.703125,10.796875],"rotation":0,"texture":"#1","tintindex":0},"west":{"uv":[8.890625,2.21875,9.421875,2.484375],"rotation":0,"texture":"#1","tintindex":0},"up":{"uv":[4.0,11.140625,3.84375,10.609375],"rotation":0,"texture":"#1","tintindex":0},"down":{"uv":[3.125,10.625,2.96875,11.15625],"rotation":0,"texture":"#1","tintindex":0}}},{"from":[0.19999981,-14.919474,-6.6714287],"to":[15.8,10.280527,3.5],"rotation":{"angle":0.0,"axis":"y","origin":[7.4,-4.1194735,-6.1000004]},"faces":{"east":{"uv":[3.78125,7.265625,4.0625,7.953125],"rotation":0,"texture":"#1","tintindex":0},"south":{"uv":[2.21875,5.171875,2.640625,5.859375],"rotation":0,"texture":"#1","tintindex":0},"north":{"uv":[1.09375,4.796875,1.515625,5.484375],"rotation":0,"texture":"#1","tintindex":0},"west":{"uv":[6.34375,7.265625,6.625,7.953125],"rotation":0,"texture":"#1","tintindex":0},"up":{"uv":[9.9375,0.90625,9.515625,0.625],"rotation":0,"texture":"#1","tintindex":0},"down":{"uv":[9.953125,7.140625,9.53125,7.421875],"rotation":0,"texture":"#1","tintindex":0}}},{"from":[1.7142854,-2.5714293,5.250038],"to":[14.285715,12.857143,21.821468],"rotation":{"angle":22.5,"axis":"x","origin":[8.0,7.714286,16.392895]},"faces":{"east":{"uv":[7.375,5.671875,7.828125,6.09375],"rotation":0,"texture":"#1","tintindex":0},"south":{"uv":[1.15625,8.71875,1.5,9.140625],"rotation":0,"texture":"#1","tintindex":0},"north":{"uv":[7.59375,8.703125,7.9375,9.125],"rotation":0,"texture":"#1","tintindex":0},"west":{"uv":[7.4375,1.625,7.890625,2.046875],"rotation":0,"texture":"#1","tintindex":0},"up":{"uv":[4.265625,8.8125,3.921875,8.359375],"rotation":0,"texture":"#1","tintindex":0},"down":{"uv":[5.265625,8.421875,4.921875,8.875],"rotation":0,"texture":"#1","tintindex":0}}},{"from":[-14.285715,-7.1428576,5.250038],"to":[3.4285712,12.857143,20.107182],"rotation":{"angle":22.5,"axis":"z","origin":[8.0,7.714286,16.392895]},"faces":{"east":{"uv":[6.53125,1.25,6.9375,1.796875],"rotation":0,"texture":"#1","tintindex":0},"south":{"uv":[5.140625,5.828125,5.625,6.375],"rotation":0,"texture":"#1","tintindex":0},"north":{"uv":[4.03125,5.8125,4.515625,6.359375],"rotation":0,"texture":"#1","tintindex":0},"west":{"uv":[3.0625,6.5625,3.46875,7.109375],"rotation":0,"texture":"#1","tintindex":0},"up":{"uv":[7.671875,5.234375,7.1875,4.828125],"rotation":0,"texture":"#1","tintindex":0},"down":{"uv":[7.6875,0.0,7.203125,0.40625],"rotation":0,"texture":"#1","tintindex":0}}},{"from":[12.571428,-7.1428576,5.250038],"to":[30.285715,12.857143,20.107182],"rotation":{"angle":-22.5,"axis":"z","origin":[8.0,7.714286,16.392895]},"faces":{"east":{"uv":[6.625,2.34375,7.03125,2.890625],"rotation":0,"texture":"#1","tintindex":0},"south":{"uv":[1.28125,5.84375,1.765625,6.390625],"rotation":0,"texture":"#1","tintindex":0},"north":{"uv":[5.84375,0.0,6.328125,0.546875],"rotation":0,"texture":"#1","tintindex":0},"west":{"uv":[6.40625,6.71875,6.8125,7.265625],"rotation":0,"texture":"#1","tintindex":0},"up":{"uv":[0.484375,7.625,0.0,7.21875],"rotation":0,"texture":"#1","tintindex":0},"down":{"uv":[7.484375,7.234375,7.0,7.640625],"rotation":0,"texture":"#1","tintindex":0}}}],"display":{"head":{"translation":[0.0,-6.4,18.999847],"scale":[4.0,4.0,4.0]}}}