{"textures":{"1":"modelengine:entity/xiddri_rock"},"elements":[{"from":[2.9599996,-2.6236315,-12.845028],"to":[13.040001,14.176369,1.4349732],"rotation":{"angle":0.0,"axis":"y","origin":[8.84,13.336369,-18.725027]},"faces":{"east":{"uv":[1.3125,3.375,1.875,4.03125],"rotation":0,"texture":"#1","tintindex":0},"south":{"uv":[6.015625,6.078125,6.40625,6.734375],"rotation":0,"texture":"#1","tintindex":0},"north":{"uv":[5.625,6.078125,6.015625,6.734375],"rotation":0,"texture":"#1","tintindex":0},"west":{"uv":[0.0,3.421875,0.5625,4.078125],"rotation":0,"texture":"#1","tintindex":0},"up":{"uv":[5.953125,7.296875,5.5625,6.734375],"rotation":0,"texture":"#1","tintindex":0},"down":{"uv":[6.34375,6.734375,5.953125,7.296875],"rotation":0,"texture":"#1","tintindex":0}}},{"from":[-3.13,1.3663692,-6.3350267],"to":[1.0699997,11.446369,-2.555027],"rotation":{"angle":-22.5,"axis":"z","origin":[-5.0199995,5.776369,-4.4450264]},"faces":{"east":{"uv":[10.0,11.15625,10.140625,11.546875],"rotation":0,"texture":"#1","tintindex":0},"south":{"uv":[3.5625,10.90625,3.734375,11.296875],"rotation":0,"texture":"#1","tintindex":0},"north":{"uv":[10.90625,1.703125,11.078125,2.09375],"rotation":0,"texture":"#1","tintindex":0},"west":{"uv":[6.46875,11.265625,6.609375,11.65625],"rotation":0,"texture":"#1","tintindex":0},"up":{"uv":[12.0625,8.21875,11.890625,8.078125],"rotation":0,"texture":"#1","tintindex":0},"down":{"uv":[12.0625,8.21875,11.890625,8.359375],"rotation":0,"texture":"#1","tintindex":0}}},{"from":[-6.0699997,8.926369,-7.175028],"to":[-1.8699999,19.00637,0.8049736],"rotation":{"angle":-45.0,"axis":"z","origin":[-5.0199995,5.776369,-4.4450264]},"faces":{"east":{"uv":[9.546875,9.109375,9.859375,9.5],"rotation":0,"texture":"#1","tintindex":0},"south":{"uv":[2.6875,10.921875,2.859375,11.3125],"rotation":0,"texture":"#1","tintindex":0},"north":{"uv":[10.90625,7.109375,11.078125,7.5],"rotation":0,"texture":"#1","tintindex":0},"west":{"uv":[9.546875,9.5,9.859375,9.890625],"rotation":0,"texture":"#1","tintindex":0},"up":{"uv":[3.78125,7.953125,3.609375,7.640625],"rotation":0,"texture":"#1","tintindex":0},"down":{"uv":[10.671875,11.28125,10.5,11.59375],"rotation":0,"texture":"#1","tintindex":0}}},{"from":[-6.0699997,11.446369,0.38497305],"to":[-1.8699999,21.52637,8.364973],"rotation":{"angle":-45.0,"axis":"z","origin":[-5.0199995,8.29637,3.114973]},"faces":{"east":{"uv":[9.5625,2.0,9.875,2.390625],"rotation":0,"texture":"#1","tintindex":0},"south":{"uv":[7.609375,10.921875,7.78125,11.3125],"rotation":0,"texture":"#1","tintindex":0},"north":{"uv":[4.734375,10.921875,4.90625,11.3125],"rotation":0,"texture":"#1","tintindex":0},"west":{"uv":[3.671875,9.640625,3.984375,10.03125],"rotation":0,"texture":"#1","tintindex":0},"up":{"uv":[2.390625,11.625,2.21875,11.3125],"rotation":0,"texture":"#1","tintindex":0},"down":{"uv":[2.8125,11.3125,2.640625,11.625],"rotation":0,"texture":"#1","tintindex":0}}},{"from":[-3.13,3.8863688,1.2249732],"to":[1.0699997,13.96637,5.0049734],"rotation":{"angle":-22.5,"axis":"z","origin":[-5.0199995,8.29637,3.114973]},"faces":{"east":{"uv":[6.609375,11.265625,6.75,11.65625],"rotation":0,"texture":"#1","tintindex":0},"south":{"uv":[1.859375,10.9375,2.03125,11.328125],"rotation":0,"texture":"#1","tintindex":0},"north":{"uv":[9.421875,10.921875,9.59375,11.3125],"rotation":0,"texture":"#1","tintindex":0},"west":{"uv":[6.75,11.265625,6.890625,11.65625],"rotation":0,"texture":"#1","tintindex":0},"up":{"uv":[12.0625,8.875,11.890625,8.734375],"rotation":0,"texture":"#1","tintindex":0},"down":{"uv":[11.796875,11.890625,11.625,12.03125],"rotation":0,"texture":"#1","tintindex":0}}},{"from":[1.0699997,4.726369,7.3149734],"to":[6.07,14.80637,12.774973],"rotation":{"angle":-22.5,"axis":"z","origin":[-0.8199997,9.136369,10.044973]},"faces":{"east":{"uv":[5.34375,6.90625,5.5625,7.296875],"rotation":0,"texture":"#1","tintindex":0},"south":{"uv":[5.8125,10.71875,6.015625,11.109375],"rotation":0,"texture":"#1","tintindex":0},"north":{"uv":[5.609375,10.71875,5.8125,11.109375],"rotation":0,"texture":"#1","tintindex":0},"west":{"uv":[2.46875,10.5625,2.6875,10.953125],"rotation":0,"texture":"#1","tintindex":0},"up":{"uv":[11.6875,4.96875,11.484375,4.75],"rotation":0,"texture":"#1","tintindex":0},"down":{"uv":[11.6875,4.96875,11.484375,5.1875],"rotation":0,"texture":"#1","tintindex":0}}},{"from":[9.93,4.726369,7.3149734],"to":[14.93,14.80637,12.774973],"rotation":{"angle":22.5,"axis":"z","origin":[16.82,9.136369,10.044973]},"faces":{"east":{"uv":[3.34375,10.5625,3.5625,10.953125],"rotation":0,"texture":"#1","tintindex":0},"south":{"uv":[8.0625,10.71875,8.265625,11.109375],"rotation":0,"texture":"#1","tintindex":0},"north":{"uv":[7.859375,10.71875,8.0625,11.109375],"rotation":0,"texture":"#1","tintindex":0},"west":{"uv":[4.046875,10.5625,4.265625,10.953125],"rotation":0,"texture":"#1","tintindex":0},"up":{"uv":[11.6875,5.40625,11.484375,5.1875],"rotation":0,"texture":"#1","tintindex":0},"down":{"uv":[11.6875,9.6875,11.484375,9.90625],"rotation":0,"texture":"#1","tintindex":0}}},{"from":[17.869999,11.446369,0.38497305],"to":[22.07,21.52637,8.364973],"rotation":{"angle":45.0,"axis":"z","origin":[21.02,8.29637,3.114973]},"faces":{"east":{"uv":[2.859375,9.65625,3.171875,10.046875],"rotation":0,"texture":"#1","tintindex":0},"south":{"uv":[3.28125,10.953125,3.453125,11.34375],"rotation":0,"texture":"#1","tintindex":0},"north":{"uv":[2.46875,10.953125,2.640625,11.34375],"rotation":0,"texture":"#1","tintindex":0},"west":{"uv":[9.671875,1.609375,9.984375,2.0],"rotation":0,"texture":"#1","tintindex":0},"up":{"uv":[3.21875,11.625,3.046875,11.3125],"rotation":0,"texture":"#1","tintindex":0},"down":{"uv":[4.875,11.3125,4.703125,11.625],"rotation":0,"texture":"#1","tintindex":0}}},{"from":[17.869999,8.926369,-7.175028],"to":[22.07,19.00637,0.8049736],"rotation":{"angle":45.0,"axis":"z","origin":[21.02,5.776369,-4.4450264]},"faces":{"east":{"uv":[9.671875,4.390625,9.984375,4.78125],"rotation":0,"texture":"#1","tintindex":0},"south":{"uv":[5.234375,10.96875,5.40625,11.359375],"rotation":0,"texture":"#1","tintindex":0},"north":{"uv":[4.0,10.953125,4.171875,11.34375],"rotation":0,"texture":"#1","tintindex":0},"west":{"uv":[9.671875,4.78125,9.984375,5.171875],"rotation":0,"texture":"#1","tintindex":0},"up":{"uv":[7.78125,11.625,7.609375,11.3125],"rotation":0,"texture":"#1","tintindex":0},"down":{"uv":[1.953125,11.328125,1.78125,11.640625],"rotation":0,"texture":"#1","tintindex":0}}},{"from":[1.9099998,10.606369,10.6749735],"to":[5.27,15.646369,18.654974],"rotation":{"angle":-22.5,"axis":"z","origin":[-0.8199997,9.136369,10.044973]},"faces":{"east":{"uv":[11.046875,9.109375,11.359375,9.3125],"rotation":0,"texture":"#1","tintindex":0},"south":{"uv":[0.828125,11.890625,0.953125,12.09375],"rotation":0,"texture":"#1","tintindex":0},"north":{"uv":[11.890625,0.703125,12.015625,0.90625],"rotation":0,"texture":"#1","tintindex":0},"west":{"uv":[11.046875,9.3125,11.359375,9.515625],"rotation":0,"texture":"#1","tintindex":0},"up":{"uv":[8.703125,1.015625,8.578125,0.703125],"rotation":0,"texture":"#1","tintindex":0},"down":{"uv":[5.515625,11.671875,5.390625,11.984375],"rotation":0,"texture":"#1","tintindex":0}}},{"from":[10.73,10.606369,10.6749735],"to":[14.09,15.646369,18.654974],"rotation":{"angle":22.5,"axis":"z","origin":[16.82,9.136369,10.044973]},"faces":{"east":{"uv":[11.0625,6.78125,11.375,6.984375],"rotation":0,"texture":"#1","tintindex":0},"south":{"uv":[11.890625,2.1875,12.015625,2.390625],"rotation":0,"texture":"#1","tintindex":0},"north":{"uv":[11.890625,1.984375,12.015625,2.1875],"rotation":0,"texture":"#1","tintindex":0},"west":{"uv":[11.0625,10.671875,11.375,10.875],"rotation":0,"texture":"#1","tintindex":0},"up":{"uv":[5.640625,11.984375,5.515625,11.671875],"rotation":0,"texture":"#1","tintindex":0},"down":{"uv":[7.0625,11.671875,6.9375,11.984375],"rotation":0,"texture":"#1","tintindex":0}}},{"from":[14.93,1.3663692,-6.3350267],"to":[19.130001,11.446369,-2.555027],"rotation":{"angle":22.5,"axis":"z",