{"textures":{"1":"modelengine:entity/xiddri_rock"},"elements":[{"from":[4.5714283,7.785714,-7.8571434],"to":[4.5714283,10.071428,3.0],"rotation":{"angle":-22.5,"axis":"y","origin":[8.0,9.214286,-1.0]},"faces":{"east":{"uv":[3.375,0.5625,3.671875,0.625],"rotation":0,"texture":"#1","tintindex":0},"south":{"uv":[0.0,0.0,0.0,0.0625],"rotation":0,"texture":"#1","tintindex":0},"north":{"uv":[0.0,0.0,0.0,0.0625],"rotation":0,"texture":"#1","tintindex":0},"west":{"uv":[8.53125,2.21875,8.828125,2.28125],"rotation":0,"texture":"#1","tintindex":0},"up":{"uv":[0.0,0.296875,0.0,0.0],"rotation":0,"texture":"#1","tintindex":0},"down":{"uv":[0.0,0.0,0.0,0.296875],"rotation":0,"texture":"#1","tintindex":0}}},{"from":[11.428572,7.785714,-7.8571434],"to":[11.428572,10.071428,3.0],"rotation":{"angle":22.5,"axis":"y","origin":[8.0,9.214286,-1.0]},"faces":{"east":{"uv":[8.71875,0.640625,9.015625,0.703125],"rotation":0,"texture":"#1","tintindex":0},"south":{"uv":[0.0,0.0,0.0,0.0625],"rotation":0,"texture":"#1","tintindex":0},"north":{"uv":[0.0,0.0,0.0,0.0625],"rotation":0,"texture":"#1","tintindex":0},"west":{"uv":[9.046875,1.609375,9.34375,1.671875],"rotation":0,"texture":"#1","tintindex":0},"up":{"uv":[0.0,0.296875,0.0,0.0],"rotation":0,"texture":"#1","tintindex":0},"down":{"uv":[0.0,0.0,0.0,0.296875],"rotation":0,"texture":"#1","tintindex":0}}},{"from":[4.1,4.423384,-8.435753],"to":[11.9,8.023384,9.564247],"rotation":{"angle":0.0,"axis":"y","origin":[8.0,21.223385,8.364247]},"faces":{"east":{"uv":[9.421875,2.390625,9.921875,2.484375],"rotation":0,"texture":"#1","tintindex":0},"south":{"uv":[9.765625,3.5,9.984375,3.59375],"rotation":0,"texture":"#1","tintindex":0},"north":{"uv":[9.078125,4.5,9.296875,4.59375],"rotation":0,"texture":"#1","tintindex":0},"west":{"uv":[11.328125,10.234375,11.828125,10.328125],"rotation":0,"texture":"#1","tintindex":0},"up":{"uv":[3.375,5.78125,3.15625,5.28125],"rotation":0,"texture":"#1","tintindex":0},"down":{"uv":[10.25,2.3125,10.03125,2.8125],"rotation":0,"texture":"#1","tintindex":0}}},{"from":[5.3,2.0233846,-8.435753],"to":[10.7,6.8233843,-3.6357527],"rotation":{"angle":-22.5,"axis":"x","origin":[8.0,2.623384,-7.235753]},"faces":{"east":{"uv":[6.609375,12.046875,6.734375,12.171875],"rotation":0,"texture":"#1","tintindex":0},"south":{"uv":[3.671875,9.515625,3.8125,9.640625],"rotation":0,"texture":"#1","tintindex":0},"north":{"uv":[3.828125,9.140625,3.96875,9.265625],"rotation":0,"texture":"#1","tintindex":0},"west":{"uv":[8.5625,12.046875,8.6875,12.171875],"rotation":0,"texture":"#1","tintindex":0},"up":{"uv":[11.5625,2.359375,11.421875,2.234375],"rotation":0,"texture":"#1","tintindex":0},"down":{"uv":[12.140625,10.171875,12.0,10.296875],"rotation":0,"texture":"#1","tintindex":0}}},{"from":[6.1571426,-1.5480452,-7.5786104],"to":[9.842857,3.2519555,-5.0643244],"rotation":{"angle":0.0,"axis":"y","origin":[8.285714,2.623384,-7.235753]},"faces":{"east":{"uv":[7.6875,0.28125,7.75,0.40625],"rotation":0,"texture":"#1","tintindex":0},"south":{"uv":[11.71875,2.40625,11.8125,2.53125],"rotation":0,"texture":"#1","tintindex":0},"north":{"uv":[5.015625,11.5625,5.109375,11.6875],"rotation":0,"texture":"#1","tintindex":0},"west":{"uv":[4.578125,10.125,4.640625,10.25],"rotation":0,"texture":"#1","tintindex":0},"up":{"uv":[10.078125,5.171875,9.984375,5.109375],"rotation":0,"texture":"#1","tintindex":0},"down":{"uv":[10.546875,1.171875,10.453125,1.234375],"rotation":0,"texture":"#1","tintindex":0}}},{"from":[1.7142854,1.7142854,-1.7142859],"to":[6.285714,8.571428,10.285714],"rotation":{"angle":0.0,"axis":"y","origin":[8.0,8.0,8.0]},"faces":{"east":{"uv":[8.640625,5.53125,8.96875,5.71875],"rotation":0,"texture":"#1","tintindex":0},"south":{"uv":[8.375,11.90625,8.5,12.09375],"rotation":0,"texture":"#1","tintindex":0},"north":{"uv":[7.3125,11.90625,7.4375,12.09375],"rotation":0,"texture":"#1","tintindex":0},"west":{"uv":[10.421875,5.234375,10.75,5.421875],"rotation":0,"texture":"#1","tintindex":0},"up":{"uv":[3.15625,11.953125,3.03125,11.625],"rotation":0,"texture":"#1","tintindex":0},"down":{"uv":[6.46875,11.640625,6.34375,11.96875],"rotation":0,"texture":"#1","tintindex":0}}},{"from":[5.142857,1.7142854,-5.714287],"to":[10.857143,9.714286,6.285714],"rotation":{"angle":-22.5,"axis":"x","origin":[8.0,8.0,8.0]},"faces":{"east":{"uv":[8.703125,1.078125,9.03125,1.296875],"rotation":0,"texture":"#1","tintindex":0},"south":{"uv":[0.0,11.75,0.15625,11.96875],"rotation":0,"texture":"#1","tintindex":0},"north":{"uv":[11.734375,0.3125,11.890625,0.53125],"rotation":0,"texture":"#1","tintindex":0},"west":{"uv":[10.84375,0.8125,11.171875,1.03125],"rotation":0,"texture":"#1","tintindex":0},"up":{"uv":[11.484375,10.015625,11.328125,9.6875],"rotation":0,"texture":"#1","tintindex":0},"down":{"uv":[9.859375,11.328125,9.703125,11.65625],"rotation":0,"texture":"#1","tintindex":0}}},{"from":[2.2857141,4.8571424,-8.714287],"to":[5.714286,12.857143,-4.714286],"rotation":{"angle":-22.5,"axis":"x","origin":[8.0,8.0,8.0]},"faces":{"east":{"uv":[2.859375,10.921875,2.96875,11.140625],"rotation":0,"texture":"#1","tintindex":0},"south":{"uv":[11.984375,7.3125,12.078125,7.53125],"rotation":0,"texture":"#1","tintindex":0},"north":{"uv":[7.203125,11.984375,7.296875,12.203125],"rotation":0,"texture":"#1","tintindex":0},"west":{"uv":[7.3125,11.15625,7.421875,11.375],"rotation":0,"texture":"#1","tintindex":0},"up":{"uv":[9.515625,10.921875,9.421875,10.8125],"rotation":0,"texture":"#1","tintindex":0},"down":{"uv":[11.109375,3.140625,11.015625,3.25],"rotation":0,"texture":"#1","tintindex":0}}},{"from":[10.285714,4.8571424,-8.714287],"to":[13.714286,12.857143,-4.714286],"rotation":{"angle":-22.5,"axis":"x","origin":[8.0,8.0,8.0]},"faces":{"east":{"uv":[6.8125,11.90625,6.921875,12.125],"rotation":0,"texture":"#1","tintindex":0},"south":{"uv":[7.859375,11.984375,7.953125,12.203125],"rotation":0,"texture":"#1","tintindex":0},"north":{"uv":[7.765625,11.984375,7.859375,12.203125],"rotation":0,"texture":"#1","tintindex":0},"west":{"uv":[11.90625,6.875,12.015625,7.09375],"rotation":0,"texture":"#1","tintindex":0},"up":{"uv":[7.171875,11.15625,7.078125,11.046875],"rotation":0,"texture":"#1","tintindex":0},"down":{"uv":[11.40625,4.28125,11.3125,4.390625],"rotation":0,"texture":"#1","tintindex":0}}},{"from":[5.714286,-2.4697008,-9.977386],"to":[10.285714,4.387442,-2.5488157],"rotation":{"angle":22.5,"axis":"x","origin":[8.0,-2.1839867,-9.120245]},"faces":{"east":{"uv":[9.78125,11.671875,9.984375,11.859375],"rotation":0,"texture":"#1","tintindex":0},"south":{"uv":[11.90625,9.875,12.03125,10.0625],"rotation":0,"texture":"#1","tintindex":0},"north":{"uv":[9.625,11.90625,9.75,12.09375],"rotation":0,"texture":"#1","tintindex":0},"west":{"uv":[10.296875,11.671875,10.5,11.859375],"rotation":0,"texture":"#1","tintindex":0},"up":{"uv":[12.0,5.234375,11.875,5.03125],"rotation":0,"texture":"#1","tintindex":0},"down":{"uv":[12.0,7.53125,11.875,7.734375],"rotation":0,"texture":"#1","tintindex":0}}},{"from":[6.285714,-7.8982725,-9.691673],"to":[9.714286,-1.6125584,-5.120244],"rotation":{"angle":-22.5,"axis":"x","origin":[8.0,-2.1839867,-9.120245]},"faces":{"east":{"uv":[3.390625,3.78125,3.515625,3.953125],"rotation":0,"texture":"#1","tintindex":0},"south":{"uv":[12.03125,9.84375,12.125,10.015625],"rotation":0,"texture":"#1","tintindex":0},"north":{"uv":[9.21875,11.609375,9.3125,11.78125],"rotation":0,"texture":"#1","tintindex":0},"west":{"uv":[1.390625,11.359375,1.515625,11.53125],"rotation":0,"texture":"#1","tintindex":0},"up":{"uv":[12.15625,11.34375,12.0625,11.21875],"rotation":0,"texture":"#1","tintindex":0},"down":{"uv":[12.171875,4.234375,12.078125,4.359375],"rotation":0,"texture":"#1","tintindex":0}}},{"from":[9.714286,1.7142854,-1.7142859],"to":[14.285715,8.571428,10.285714],"rotation":{"angle":0.0,"axis":"y","origin":[8.0,8.0,8.0]},"faces":{"east":{"uv":[11.046875,3.890625,11.375,4.078125],"rotation":0,"texture":"#1","tintindex":0},"south":{"uv":[11.90625,10.421875,12.03125,10.609375],"rotation":0,