{"textures":{"1":"modelengine:entity/xiddri_rock"},"elements":[{"from":[4.9066668,3.8497543,-4.1261816],"to":[12.586667,11.529755,3.5538187],"rotation":{"angle":-22.5,"axis":"x","origin":[7.1466665,9.609755,-0.92618084]},"faces":{"east":{"uv":[2.53125,11.625,2.734375,11.828125],"rotation":0,"texture":"#1","tintindex":0},"south":{"uv":[11.625,2.734375,11.828125,2.9375],"rotation":0,"texture":"#1","tintindex":0},"north":{"uv":[2.15625,11.625,2.359375,11.828125],"rotation":0,"texture":"#1","tintindex":0},"west":{"uv":[4.625,11.625,4.828125,11.828125],"rotation":0,"texture":"#1","tintindex":0},"up":{"uv":[7.78125,11.828125,7.578125,11.625],"rotation":0,"texture":"#1","tintindex":0},"down":{"uv":[11.84375,1.0,11.640625,1.203125],"rotation":0,"texture":"#1","tintindex":0}}},{"from":[5.866667,4.489754,1.6338191],"to":[12.266666,10.889754,29.79382],"rotation":{"angle":0.0,"axis":"y","origin":[8.426666,33.929756,-0.92618084]},"faces":{"east":{"uv":[9.046875,1.4375,9.8125,1.609375],"rotation":0,"texture":"#1","tintindex":0},"south":{"uv":[11.8125,11.59375,11.984375,11.765625],"rotation":0,"texture":"#1","tintindex":0},"north":{"uv":[11.8125,9.25,11.984375,9.421875],"rotation":0,"texture":"#1","tintindex":0},"west":{"uv":[9.234375,6.515625,10.0,6.6875],"rotation":0,"texture":"#1","tintindex":0},"up":{"uv":[7.140625,9.828125,6.96875,9.0625],"rotation":0,"texture":"#1","tintindex":0},"down":{"uv":[5.84375,9.171875,5.671875,9.9375],"rotation":0,"texture":"#1","tintindex":0}}},{"from":[4.5866666,5.7697544,1.6338191],"to":[10.986667,12.169754,22.11382],"rotation":{"angle":0.0,"axis":"y","origin":[9.066667,5.129754,15.7138195]},"faces":{"east":{"uv":[10.25,2.21875,10.8125,2.390625],"rotation":0,"texture":"#1","tintindex":0},"south":{"uv":[0.53125,11.828125,0.703125,12.0],"rotation":0,"texture":"#1","tintindex":0},"north":{"uv":[11.8125,11.765625,11.984375,11.9375],"rotation":0,"texture":"#1","tintindex":0},"west":{"uv":[10.25,2.390625,10.8125,2.5625],"rotation":0,"texture":"#1","tintindex":0},"up":{"uv":[2.203125,5.84375,2.03125,5.28125],"rotation":0,"texture":"#1","tintindex":0},"down":{"uv":[4.328125,10.0,4.15625,10.5625],"rotation":0,"texture":"#1","tintindex":0}}},{"from":[4.0,1.1428566,-5.285718],"to":[13.714286,10.285714,3.8571396],"rotation":{"angle":-22.5,"axis":"x","origin":[8.857143,5.714286,-0.7142887]},"faces":{"east":{"uv":[11.078125,7.296875,11.328125,7.546875],"rotation":0,"texture":"#1","tintindex":0},"south":{"uv":[1.0,11.015625,1.265625,11.265625],"rotation":0,"texture":"#1","tintindex":0},"north":{"uv":[8.75,6.8125,9.015625,7.0625],"rotation":0,"texture":"#1","tintindex":0},"west":{"uv":[11.09375,2.375,11.34375,2.625],"rotation":0,"texture":"#1","tintindex":0},"up":{"uv":[11.28125,1.5625,11.015625,1.3125],"rotation":0,"texture":"#1","tintindex":0},"down":{"uv":[6.515625,11.015625,6.25,11.265625],"rotation":0,"texture":"#1","tintindex":0}}},{"from":[4.0,3.0,2.7142825],"to":[14.285715,13.857143,24.42857],"rotation":{"angle":22.5,"axis":"z","origin":[8.857143,5.714286,-0.7142887]},"faces":{"east":{"uv":[7.75,0.421875,8.34375,0.71875],"rotation":0,"texture":"#1","tintindex":0},"south":{"uv":[7.171875,10.578125,7.453125,10.875],"rotation":0,"texture":"#1","tintindex":0},"north":{"uv":[2.0625,10.578125,2.34375,10.875],"rotation":0,"texture":"#1","tintindex":0},"west":{"uv":[7.9375,2.0,8.53125,2.296875],"rotation":0,"texture":"#1","tintindex":0},"up":{"uv":[7.953125,8.703125,7.671875,8.109375],"rotation":0,"texture":"#1","tintindex":0},"down":{"uv":[7.046875,8.171875,6.765625,8.765625],"rotation":0,"texture":"#1","tintindex":0}}},{"from":[4.0,0.85714245,20.571426],"to":[14.285715,11.714286,32.0],"rotation":{"angle":22.5,"axis":"x","origin":[9.142858,8.428572,30.142855]},"faces":{"east":{"uv":[2.46875,10.265625,2.78125,10.5625],"rotation":0,"texture":"#1","tintindex":0},"south":{"uv":[10.59375,10.09375,10.875,10.390625],"rotation":0,"texture":"#1","tintindex":0},"north":{"uv":[10.59375,9.796875,10.875,10.09375],"rotation":0,"texture":"#1","tintindex":0},"west":{"uv":[3.34375,10.265625,3.65625,10.5625],"rotation":0,"texture":"#1","tintindex":0},"up":{"uv":[9.515625,10.8125,9.234375,10.5],"rotation":0,"texture":"#1","tintindex":0},"down":{"uv":[10.8125,8.609375,10.53125,8.921875],"rotation":0,"texture":"#1","tintindex":0}}},{"from":[4.0,14.285715,3.9999971],"to":[9.714286,20.57143,18.85714],"rotation":{"angle":22.5,"axis":"x","origin":[8.857143,5.714286,-0.7142887]},"faces":{"east":{"uv":[2.984375,3.78125,3.390625,3.953125],"rotation":0,"texture":"#1","tintindex":0},"south":{"uv":[11.46875,11.859375,11.625,12.03125],"rotation":0,"texture":"#1","tintindex":0},"north":{"uv":[11.84375,5.640625,12.0,5.8125],"rotation":0,"texture":"#1","tintindex":0},"west":{"uv":[1.875,3.84375,2.28125,4.015625],"rotation":0,"texture":"#1","tintindex":0},"up":{"uv":[5.140625,6.90625,4.984375,6.5],"rotation":0,"texture":"#1","tintindex":0},"down":{"uv":[11.25,4.859375,11.09375,5.265625],"rotation":0,"texture":"#1","tintindex":0}}}],"display":{"head":{"translation":[0.0,-6.4,32.57144],"scale":[4.0,4.0,4.0]}}}