{"textures":{"1":"modelengine:entity/xiddri_rock"},"elements":[{"from":[5.4399996,0.33820534,8.512024],"to":[11.84,10.578206,11.392024],"rotation":{"angle":-22.5,"axis":"x","origin":[8.0,5.4582057,8.512024]},"faces":{"east":{"uv":[2.859375,3.515625,2.9375,3.796875],"rotation":0,"texture":"#1","tintindex":0},"south":{"uv":[10.140625,11.375,10.3125,11.65625],"rotation":0,"texture":"#1","tintindex":0},"north":{"uv":[8.4375,11.375,8.609375,11.65625],"rotation":0,"texture":"#1","tintindex":0},"west":{"uv":[4.34375,2.765625,4.421875,3.046875],"rotation":0,"texture":"#1","tintindex":0},"up":{"uv":[7.859375,1.625,7.6875,1.546875],"rotation":0,"texture":"#1","tintindex":0},"down":{"uv":[4.15625,8.8125,3.984375,8.890625],"rotation":0,"texture":"#1","tintindex":0}}},{"from":[3.8399997,-7.4499207,9.283434],"to":[6.72,2.7900796,11.843433],"rotation":{"angle":-22.5,"axis":"z","origin":[8.64,-2.3299208,13.123434]},"faces":{"east":{"uv":[0.421875,7.625,0.484375,7.90625],"rotation":0,"texture":"#1","tintindex":0},"south":{"uv":[3.96875,4.71875,4.046875,5.0],"rotation":0,"texture":"#1","tintindex":0},"north":{"uv":[1.09375,4.46875,1.171875,4.75],"rotation":0,"texture":"#1","tintindex":0},"west":{"uv":[7.6875,0.0,7.75,0.28125],"rotation":0,"texture":"#1","tintindex":0},"up":{"uv":[10.984375,2.15625,10.90625,2.09375],"rotation":0,"texture":"#1","tintindex":0},"down":{"uv":[11.0,6.53125,10.921875,6.59375],"rotation":0,"texture":"#1","tintindex":0}}},{"from":[11.52,-5.8499203,8.963433],"to":[14.4,3.1100798,11.523434],"rotation":{"angle":22.5,"axis":"z","origin":[8.64,-2.3299208,13.123434]},"faces":{"east":{"uv":[0.25,12.046875,0.3125,12.296875],"rotation":0,"texture":"#1","tintindex":0},"south":{"uv":[7.59375,8.453125,7.671875,8.703125],"rotation":0,"texture":"#1","tintindex":0},"north":{"uv":[5.359375,1.703125,5.4375,1.953125],"rotation":0,"texture":"#1","tintindex":0},"west":{"uv":[1.046875,12.046875,1.109375,12.296875],"rotation":0,"texture":"#1","tintindex":0},"up":{"uv":[9.671875,10.984375,9.59375,10.921875],"rotation":0,"texture":"#1","tintindex":0},"down":{"uv":[9.75,10.921875,9.671875,10.984375],"rotation":0,"texture":"#1","tintindex":0}}},{"from":[7.68,-8.40992,8.643434],"to":[10.88,1.8300796,11.203434],"rotation":{"angle":22.5,"axis":"x","origin":[8.64,-2.3299208,13.123434]},"faces":{"east":{"uv":[7.765625,5.375,7.828125,5.65625],"rotation":0,"texture":"#1","tintindex":0},"south":{"uv":[3.53125,11.859375,3.625,12.140625],"rotation":0,"texture":"#1","tintindex":0},"north":{"uv":[4.421875,11.84375,4.515625,12.125],"rotation":0,"texture":"#1","tintindex":0},"west":{"uv":[0.359375,8.0625,0.421875,8.34375],"rotation":0,"texture":"#1","tintindex":0},"up":{"uv":[10.546875,6.65625,10.453125,6.59375],"rotation":0,"texture":"#1","tintindex":0},"down":{"uv":[2.15625,10.5,2.0625,10.5625],"rotation":0,"texture":"#1","tintindex":0}}},{"from":[8.0,-13.122522,7.200304],"to":[10.56,-5.442521,9.7603035],"rotation":{"angle":-22.5,"axis":"x","origin":[9.28,-6.722521,7.840304]},"faces":{"east":{"uv":[3.8125,12.078125,3.875,12.28125],"rotation":0,"texture":"#1","tintindex":0},"south":{"uv":[12.078125,4.03125,12.140625,4.234375],"rotation":0,"texture":"#1","tintindex":0},"north":{"uv":[3.75,12.078125,3.8125,12.28125],"rotation":0,"texture":"#1","tintindex":0},"west":{"uv":[12.078125,4.609375,12.140625,4.8125],"rotation":0,"texture":"#1","tintindex":0},"up":{"uv":[11.25,1.296875,11.1875,1.234375],"rotation":0,"texture":"#1","tintindex":0},"down":{"uv":[11.25,3.390625,11.1875,3.453125],"rotation":0,"texture":"#1","tintindex":0}}},{"from":[6.72,-0.9417944,5.9520245],"to":[10.56,10.578206,8.512024],"rotation":{"angle":-22.5,"axis":"x","origin":[8.0,5.4582057,8.512024]},"faces":{"east":{"uv":[4.28125,2.25,4.34375,2.5625],"rotation":0,"texture":"#1","tintindex":0},"south":{"uv":[8.25,9.25,8.359375,9.5625],"rotation":0,"texture":"#1","tintindex":0},"north":{"uv":[1.515625,4.796875,1.625,5.109375],"rotation":0,"texture":"#1","tintindex":0},"west":{"uv":[5.5625,6.375,5.625,6.6875],"rotation":0,"texture":"#1","tintindex":0},"up":{"uv":[4.265625,8.875,4.15625,8.8125],"rotation":0,"texture":"#1","tintindex":0},"down":{"uv":[2.71875,9.109375,2.609375,9.171875],"rotation":0,"texture":"#1","tintindex":0}}},{"from":[4.5714283,-1.1428576,4.0],"to":[13.714286,9.142858,13.142858],"rotation":{"angle":-22.5,"axis":"x","origin":[8.0,4.0,8.0]},"faces":{"east":{"uv":[10.875,1.03125,11.125,1.3125],"rotation":0,"texture":"#1","tintindex":0},"south":{"uv":[2.0625,10.875,2.3125,11.15625],"rotation":0,"texture":"#1","tintindex":0},"north":{"uv":[0.234375,10.859375,0.484375,11.140625],"rotation":0,"texture":"#1","tintindex":0},"west":{"uv":[10.875,4.078125,11.125,4.359375],"rotation":0,"texture":"#1","tintindex":0},"up":{"uv":[5.328125,3.78125,5.078125,3.53125],"rotation":0,"texture":"#1","tintindex":0},"down":{"uv":[11.328125,1.875,11.078125,2.125],"rotation":0,"texture":"#1","tintindex":0}}},{"from":[6.857143,-11.428572,6.285714],"to":[11.428572,0.0,11.428572],"rotation":{"angle":0.0,"axis":"y","origin":[8.0,4.0,8.0]},"faces":{"east":{"uv":[11.515625,6.40625,11.65625,6.71875],"rotation":0,"texture":"#1","tintindex":0},"south":{"uv":[7.1875,11.671875,7.3125,11.984375],"rotation":0,"texture":"#1","tintindex":0},"north":{"uv":[7.0625,11.671875,7.1875,11.984375],"rotation":0,"texture":"#1","tintindex":0},"west":{"uv":[11.203125,11.515625,11.34375,11.828125],"rotation":0,"texture":"#1","tintindex":0},"up":{"uv":[0.9375,8.4375,0.8125,8.296875],"rotation":0,"texture":"#1","tintindex":0},"down":{"uv":[11.8125,9.34375,11.6875,9.484375],"rotation":0,"texture":"#1","tintindex":0}}},{"from":[7.428571,-11.57143,9.0],"to":[10.857143,-7.5714293,15.857143],"rotation":{"angle":22.5,"axis":"x","origin":[8.857143,-5.714287,7.428571]},"faces":{"east":{"uv":[3.5625,1.1875,3.75,1.296875],"rotation":0,"texture":"#1","tintindex":0},"south":{"uv":[12.09375,9.265625,12.1875,9.375],"rotation":0,"texture":"#1","tintindex":0},"north":{"uv":[11.6875,5.53125,11.78125,5.640625],"rotation":0,"texture":"#1","tintindex":0},"west":{"uv":[9.984375,1.890625,10.171875,2.0],"rotation":0,"texture":"#1","tintindex":0},"up":{"uv":[12.109375,2.15625,12.015625,1.96875],"rotation":0,"texture":"#1","tintindex":0},"down":{"uv":[12.109375,2.15625,12.015625,2.34375],"rotation":0,"texture":"#1","tintindex":0}}},{"from":[5.714286,-5.5714293,8.0],"to":[10.285714,2.4285712,12.571428],"rotation":{"angle":-22.5,"axis":"z","origin":[2.2857141,5.142857,10.857143]},"faces":{"east":{"uv":[6.140625,11.84375,6.265625,12.0625],"rotation":0,"texture":"#1","tintindex":0},"south":{"uv":[9.984375,11.84375,10.109375,12.0625],"rotation":0,"texture":"#1","tintindex":0},"north":{"uv":[11.84375,4.359375,11.96875,4.578125],"rotation":0,"texture":"#1","tintindex":0},"west":{"uv":[2.375,11.859375,2.5,12.078125],"rotation":0,"texture":"#1","tintindex":0},"up":{"uv":[12.1875,3.53125,12.0625,3.40625],"rotation":0,"texture":"#1","tintindex":0},"down":{"uv":[12.1875,3.53125,12.0625,3.65625],"rotation":0,"texture":"#1","tintindex":0}}},{"from":[10.709866,-7.247097,7.5714283],"to":[15.281294,0.752903,12.142858],"rotation":{"angle":22.5,"axis":"z","origin":[4.9955797,-3.247097,10.285714]},"faces":{"east":{"uv":[3.28125,11.859375,3.40625,12.078125],"rotation":0,"texture":"#1","tintindex":0},"south":{"uv":[3.40625,11.859375,3.53125,12.078125],"rotation":0,"texture":"#1","tintindex":0},"north":{"uv":[3.15625,11.859375,3.28125,12.078125],"rotation":0,"texture":"#1","tintindex":0},"west":{"uv":[3.796875,11.859375,3.921875,12.078125],"rotation":0,"texture":"#1","tintindex":0},"up":{"uv":[4.390625,12.1875,4.265625,12.0625],"rotation":0,"texture":"#1","tintindex":0},"down":{"uv":[12.1875,4.359375,12.0625,4.484375],"rotation":0,"texture":"#1","tintindex":0}}},{"from":[2.7142854,-12.051554,7.9110227],"to":[6.142857,-8.051554,14.768166],"rotation":{"angle":45.0,"axis":"x","origin":[3.4285712,-10.337269,13.911023]},"faces":{"east":{"uv":[10.125,3.390625,10.3125,3.5],"rotation":0,"texture":"#1",