{"textures":{"1":"modelengine:entity/xiddri_rock"},"elements":[{"from":[5.142857,-12.395979,5.2213902],"to":[11.142858,12.804023,11.221391],"rotation":{"angle":0.0,"axis":"y","origin":[9.942858,40.404022,8.82139]},"faces":{"east":{"uv":[7.734375,9.5,7.90625,10.1875],"rotation":0,"texture":"#1","tintindex":0},"south":{"uv":[0.171875,9.5625,0.34375,10.25],"rotation":0,"texture":"#1","tintindex":0},"north":{"uv":[6.625,7.265625,6.796875,7.953125],"rotation":0,"texture":"#1","tintindex":0},"west":{"uv":[4.640625,9.5625,4.8125,10.25],"rotation":0,"texture":"#1","tintindex":0},"up":{"uv":[11.953125,4.1875,11.78125,4.015625],"rotation":0,"texture":"#1","tintindex":0},"down":{"uv":[11.984375,0.53125,11.8125,0.703125],"rotation":0,"texture":"#1","tintindex":0}}},{"from":[3.9428568,8.004023,4.02139],"to":[12.342857,15.204023,12.421391],"rotation":{"angle":0.0,"axis":"y","origin":[9.942858,40.404022,8.82139]},"faces":{"east":{"uv":[11.359375,0.59375,11.59375,0.796875],"rotation":0,"texture":"#1","tintindex":0},"south":{"uv":[11.375,6.734375,11.609375,6.9375],"rotation":0,"texture":"#1","tintindex":0},"north":{"uv":[11.34375,8.53125,11.578125,8.734375],"rotation":0,"texture":"#1","tintindex":0},"west":{"uv":[8.609375,11.390625,8.84375,11.59375],"rotation":0,"texture":"#1","tintindex":0},"up":{"uv":[11.4375,4.828125,11.203125,4.59375],"rotation":0,"texture":"#1","tintindex":0},"down":{"uv":[11.46875,8.765625,11.234375,9.0],"rotation":0,"texture":"#1","tintindex":0}}},{"from":[2.742857,2.0040226,6.42139],"to":[6.342857,12.804023,10.021391],"rotation":{"angle":0.0,"axis":"y","origin":[2.142857,4.404022,8.221391]},"faces":{"east":{"uv":[3.0625,6.25,3.15625,6.546875],"rotation":0,"texture":"#1","tintindex":0},"south":{"uv":[3.375,7.109375,3.46875,7.40625],"rotation":0,"texture":"#1","tintindex":0},"north":{"uv":[6.015625,1.375,6.109375,1.671875],"rotation":0,"texture":"#1","tintindex":0},"west":{"uv":[7.671875,4.9375,7.765625,5.234375],"rotation":0,"texture":"#1","tintindex":0},"up":{"uv":[11.4375,6.5,11.34375,6.40625],"rotation":0,"texture":"#1","tintindex":0},"down":{"uv":[11.5,8.265625,11.40625,8.359375],"rotation":0,"texture":"#1","tintindex":0}}},{"from":[0.1428566,7.20921,4.0],"to":[8.714286,16.352068,11.428572],"rotation":{"angle":22.5,"axis":"z","origin":[0.28571415,-1.0765047,7.714286]},"faces":{"east":{"uv":[0.796875,11.34375,1.0,11.59375],"rotation":0,"texture":"#1","tintindex":0},"south":{"uv":[11.109375,7.546875,11.34375,7.796875],"rotation":0,"texture":"#1","tintindex":0},"north":{"uv":[11.109375,6.25,11.34375,6.5],"rotation":0,"texture":"#1","tintindex":0},"west":{"uv":[11.34375,3.390625,11.546875,3.640625],"rotation":0,"texture":"#1","tintindex":0},"up":{"uv":[9.078125,11.59375,8.84375,11.390625],"rotation":0,"texture":"#1","tintindex":0},"down":{"uv":[11.640625,1.03125,11.40625,1.234375],"rotation":0,"texture":"#1","tintindex":0}}},{"from":[-4.7788963,0.4285717,-1.1428576],"to":[6.0782466,12.428572,14.285715],"rotation":{"angle":-45.0,"axis":"z","origin":[6.6496754,-0.5714283,7.714286]},"faces":{"east":{"uv":[9.078125,5.71875,9.5,6.046875],"rotation":0,"texture":"#1","tintindex":0},"south":{"uv":[10.234375,7.875,10.53125,8.203125],"rotation":0,"texture":"#1","tintindex":0},"north":{"uv":[10.234375,1.890625,10.53125,2.21875],"rotation":0,"texture":"#1","tintindex":0},"west":{"uv":[9.078125,6.046875,9.5,6.375],"rotation":0,"texture":"#1","tintindex":0},"up":{"uv":[9.71875,3.25,9.421875,2.828125],"rotation":0,"texture":"#1","tintindex":0},"down":{"uv":[9.71875,3.96875,9.421875,4.390625],"rotation":0,"texture":"#1","tintindex":0}}},{"from":[0.6496749,-14.571428,0.5714283],"to":[13.792532,6.571429,12.0],"rotation":{"angle":0.0,"axis":"y","origin":[6.6496754,-0.5714283,7.714286]},"faces":{"east":{"uv":[7.6875,7.53125,8.0,8.109375],"rotation":0,"texture":"#1","tintindex":0},"south":{"uv":[2.546875,6.90625,2.90625,7.484375],"rotation":0,"texture":"#1","tintindex":0},"north":{"uv":[0.765625,6.890625,1.125,7.46875],"rotation":0,"texture":"#1","tintindex":0},"west":{"uv":[1.34375,7.71875,1.65625,8.296875],"rotation":0,"texture":"#1","tintindex":0},"up":{"uv":[6.90625,10.171875,6.546875,9.859375],"rotation":0,"texture":"#1","tintindex":0},"down":{"uv":[7.265625,9.859375,6.90625,10.171875],"rotation":0,"texture":"#1","tintindex":0}}},{"from":[2.0842166,-14.707705,8.571428],"to":[15.227075,-2.7077045,20.0],"rotation":{"angle":22.5,"axis":"z","origin":[6.94136,-11.421991,12.571428]},"faces":{"east":{"uv":[8.140625,10.140625,8.453125,10.46875],"rotation":0,"texture":"#1","tintindex":0},"south":{"uv":[8.859375,9.734375,9.21875,10.0625],"rotation":0,"texture":"#1","tintindex":0},"north":{"uv":[9.71875,5.171875,10.078125,5.5],"rotation":0,"texture":"#1","tintindex":0},"west":{"uv":[1.234375,10.15625,1.546875,10.484375],"rotation":0,"texture":"#1","tintindex":0},"up":{"uv":[10.21875,8.09375,9.859375,7.78125],"rotation":0,"texture":"#1","tintindex":0},"down":{"uv":[10.21875,8.765625,9.859375,9.078125],"rotation":0,"texture":"#1","tintindex":0}}},{"from":[-2.7788963,-16.0,-1.7142859],"to":[10.363961,-4.0,9.714286],"rotation":{"angle":-22.5,"axis":"z","origin":[3.7925324,-8.571428,0.5714283]},"faces":{"east":{"uv":[5.8125,10.15625,6.125,10.484375],"rotation":0,"texture":"#1","tintindex":0},"south":{"uv":[9.765625,3.171875,10.125,3.5],"rotation":0,"texture":"#1","tintindex":0},"north":{"uv":[6.1875,9.75,6.546875,10.078125],"rotation":0,"texture":"#1","tintindex":0},"west":{"uv":[10.15625,8.40625,10.46875,8.734375],"rotation":0,"texture":"#1","tintindex":0},"up":{"uv":[10.21875,9.390625,9.859375,9.078125],"rotation":0,"texture":"#1","tintindex":0},"down":{"uv":[10.21875,9.390625,9.859375,9.703125],"rotation":0,"texture":"#1","tintindex":0}}},{"from":[4.6496754,-14.571428,3.2857141],"to":[17.792534,-0.28571415,14.714286],"rotation":{"angle":-22.5,"axis":"x","origin":[6.6496754,-0.5714283,7.714286]},"faces":{"east":{"uv":[6.625,9.46875,6.9375,9.859375],"rotation":0,"texture":"#1","tintindex":0},"south":{"uv":[8.9375,3.703125,9.296875,4.09375],"rotation":0,"texture":"#1","tintindex":0},"north":{"uv":[8.359375,8.765625,8.71875,9.15625],"rotation":0,"texture":"#1","tintindex":0},"west":{"uv":[0.34375,9.5,0.65625,9.890625],"rotation":0,"texture":"#1","tintindex":0},"up":{"uv":[10.21875,10.015625,9.859375,9.703125],"rotation":0,"texture":"#1","tintindex":0},"down":{"uv":[10.234375,0.0,9.875,0.3125],"rotation":0,"texture":"#1","tintindex":0}}}],"display":{"head":{"translation":[0.0,-22.665411,0.0],"scale":[4.0,4.0,4.0]}}}