{"textures":{"1":"modelengine:entity/xiddri_rock"},"elements":[{"from":[3.5199995,2.5600019,2.8891668],"to":[9.92,12.800003,11.849167],"rotation":{"angle":0.0,"axis":"y","origin":[8.0,1.9200015,8.969168]},"faces":{"east":{"uv":[8.28125,1.71875,8.53125,2.0],"rotation":0,"texture":"#1","tintindex":0},"south":{"uv":[10.828125,11.359375,11.0,11.640625],"rotation":0,"texture":"#1","tintindex":0},"north":{"uv":[11.359375,3.09375,11.53125,3.375],"rotation":0,"texture":"#1","tintindex":0},"west":{"uv":[10.84375,7.875,11.09375,8.15625],"rotation":0,"texture":"#1","tintindex":0},"up":{"uv":[1.09375,5.46875,0.921875,5.21875],"rotation":0,"texture":"#1","tintindex":0},"down":{"uv":[8.28125,1.296875,8.109375,1.546875],"rotation":0,"texture":"#1","tintindex":0}}},{"from":[4.8,-8.32,4.489167],"to":[11.2,10.880002,13.449167],"rotation":{"angle":0.0,"axis":"y","origin":[20.16,-41.6,-44.150833]},"faces":{"east":{"uv":[4.359375,8.890625,4.609375,9.421875],"rotation":0,"texture":"#1","tintindex":0},"south":{"uv":[3.171875,10.34375,3.34375,10.875],"rotation":0,"texture":"#1","tintindex":0},"north":{"uv":[4.328125,10.3125,4.5,10.84375],"rotation":0,"texture":"#1","tintindex":0},"west":{"uv":[8.359375,9.15625,8.609375,9.6875],"rotation":0,"texture":"#1","tintindex":0},"up":{"uv":[0.171875,10.25,0.0,10.0],"rotation":0,"texture":"#1","tintindex":0},"down":{"uv":[11.6875,1.578125,11.515625,1.828125],"rotation":0,"texture":"#1","tintindex":0}}},{"from":[6.08,-16.0,0.64916706],"to":[12.4800005,10.880002,8.329167],"rotation":{"angle":-22.5,"axis":"x","origin":[8.0,1.2800016,3.8491669]},"faces":{"east":{"uv":[5.6875,8.4375,5.890625,9.171875],"rotation":0,"texture":"#1","tintindex":0},"south":{"uv":[4.171875,9.265625,4.34375,10.0],"rotation":0,"texture":"#1","tintindex":0},"north":{"uv":[0.0,9.265625,0.171875,10.0],"rotation":0,"texture":"#1","tintindex":0},"west":{"uv":[7.953125,8.515625,8.15625,9.25],"rotation":0,"texture":"#1","tintindex":0},"up":{"uv":[0.53125,11.921875,0.359375,11.71875],"rotation":0,"texture":"#1","tintindex":0},"down":{"uv":[11.890625,2.203125,11.71875,2.40625],"rotation":0,"texture":"#1","tintindex":0}}},{"from":[-0.8571434,2.0560818,0.85714245],"to":[10.571428,15.770369,14.0],"rotation":{"angle":22.5,"axis":"x","origin":[8.0,8.484653,8.0]},"faces":{"east":{"uv":[2.25,9.125,2.609375,9.5],"rotation":0,"texture":"#1","tintindex":0},"south":{"uv":[9.21875,9.796875,9.53125,10.171875],"rotation":0,"texture":"#1","tintindex":0},"north":{"uv":[5.84375,9.78125,6.15625,10.15625],"rotation":0,"texture":"#1","tintindex":0},"west":{"uv":[7.546875,9.125,7.90625,9.5],"rotation":0,"texture":"#1","tintindex":0},"up":{"uv":[0.65625,10.25,0.34375,9.890625],"rotation":0,"texture":"#1","tintindex":0},"down":{"uv":[9.84375,9.890625,9.53125,10.25],"rotation":0,"texture":"#1","tintindex":0}}},{"from":[1.9999995,-15.434616,-1.9968204],"to":[13.428572,8.565385,11.146037],"rotation":{"angle":-22.5,"axis":"x","origin":[4.8571424,1.7082415,4.574609]},"faces":{"east":{"uv":[4.515625,5.8125,4.875,6.46875],"rotation":0,"texture":"#1","tintindex":0},"south":{"uv":[4.609375,6.921875,4.921875,7.578125],"rotation":0,"texture":"#1","tintindex":0},"north":{"uv":[4.296875,6.921875,4.609375,7.578125],"rotation":0,"texture":"#1","tintindex":0},"west":{"uv":[0.921875,6.234375,1.28125,6.890625],"rotation":0,"texture":"#1","tintindex":0},"up":{"uv":[0.96875,10.265625,0.65625,9.90625],"rotation":0,"texture":"#1","tintindex":0},"down":{"uv":[2.828125,9.90625,2.515625,10.265625],"rotation":0,"texture":"#1","tintindex":0}}},{"from":[2.5714283,-4.5167866,11.020302],"to":[15.142858,6.911785,20.163158],"rotation":{"angle":45.0,"axis":"x","origin":[7.714286,4.626071,17.591732]},"faces":{"east":{"uv":[1.40625,10.796875,1.65625,11.109375],"rotation":0,"texture":"#1","tintindex":0},"south":{"uv":[10.0625,3.84375,10.40625,4.15625],"rotation":0,"texture":"#1","tintindex":0},"north":{"uv":[10.0625,2.8125,10.40625,3.125],"rotation":0,"texture":"#1","tintindex":0},"west":{"uv":[10.796875,3.453125,11.046875,3.765625],"rotation":0,"texture":"#1","tintindex":0},"up":{"uv":[10.875,9.796875,10.53125,9.546875],"rotation":0,"texture":"#1","tintindex":0},"down":{"uv":[10.890625,0.0,10.546875,0.25],"rotation":0,"texture":"#1","tintindex":0}}},{"from":[6.857143,-11.440792,10.532557],"to":[14.285715,-3.440793,19.103985],"rotation":{"angle":45.0,"axis":"x","origin":[6.857143,-4.869364,17.3897]},"faces":{"east":{"uv":[11.328125,10.015625,11.5625,10.234375],"rotation":0,"texture":"#1","tintindex":0},"south":{"uv":[11.484375,11.234375,11.6875,11.453125],"rotation":0,"texture":"#1","tintindex":0},"north":{"uv":[11.484375,11.015625,11.6875,11.234375],"rotation":0,"texture":"#1","tintindex":0},"west":{"uv":[11.34375,2.359375,11.578125,2.578125],"rotation":0,"texture":"#1","tintindex":0},"up":{"uv":[11.203125,11.65625,11.0,11.421875],"rotation":0,"texture":"#1","tintindex":0},"down":{"uv":[3.859375,11.4375,3.65625,11.671875],"rotation":0,"texture":"#1","tintindex":0}}}],"display":{"head":{"translation":[0.0,-8.3386135,0.0],"scale":[4.0,4.0,4.0]}}}