{"textures":{"1":"modelengine:entity/xiddri_rock"},"elements":[{"from":[3.1999998,8.794813,-6.8928957],"to":[12.8,16.294813,9.9071045],"rotation":{"angle":0.0,"axis":"y","origin":[8.0,8.794813,-9.292896]},"faces":{"east":{"uv":[10.25,6.15625,10.703125,6.359375],"rotation":0,"texture":"#1","tintindex":0},"south":{"uv":[1.515625,11.328125,1.78125,11.53125],"rotation":0,"texture":"#1","tintindex":0},"north":{"uv":[11.3125,4.078125,11.578125,4.28125],"rotation":0,"texture":"#1","tintindex":0},"west":{"uv":[10.328125,0.625,10.78125,0.828125],"rotation":0,"texture":"#1","tintindex":0},"up":{"uv":[9.953125,7.140625,9.6875,6.6875],"rotation":0,"texture":"#1","tintindex":0},"down":{"uv":[8.515625,9.6875,8.25,10.140625],"rotation":0,"texture":"#1","tintindex":0}}},{"from":[7.939697,5.255116,-7.492895],"to":[16.339699,13.655116,9.307105],"rotation":{"angle":45.0,"axis":"z","origin":[13.939697,2.855116,59.107105]},"faces":{"east":{"uv":[4.453125,1.421875,4.90625,1.65625],"rotation":0,"texture":"#1","tintindex":0},"south":{"uv":[11.1875,2.859375,11.421875,3.09375],"rotation":0,"texture":"#1","tintindex":0},"north":{"uv":[11.1875,2.125,11.421875,2.359375],"rotation":0,"texture":"#1","tintindex":0},"west":{"uv":[4.90625,1.703125,5.359375,1.9375],"rotation":0,"texture":"#1","tintindex":0},"up":{"uv":[6.390625,10.53125,6.15625,10.078125],"rotation":0,"texture":"#1","tintindex":0},"down":{"uv":[10.3125,10.015625,10.078125,10.46875],"rotation":0,"texture":"#1","tintindex":0}}},{"from":[-0.2857151,-1.7142859,-9.1428585],"to":[16.285715,14.285715,6.857143],"rotation":{"angle":0.0,"axis":"y","origin":[7.142857,8.0,8.0]},"faces":{"east":{"uv":[7.328125,3.140625,7.765625,3.578125],"rotation":0,"texture":"#1","tintindex":0},"south":{"uv":[7.0,6.359375,7.453125,6.796875],"rotation":0,"texture":"#1","tintindex":0},"north":{"uv":[6.984375,1.84375,7.4375,2.28125],"rotation":0,"texture":"#1","tintindex":0},"west":{"uv":[7.328125,5.234375,7.765625,5.671875],"rotation":0,"texture":"#1","tintindex":0},"up":{"uv":[7.453125,7.234375,7.0,6.796875],"rotation":0,"texture":"#1","tintindex":0},"down":{"uv":[7.484375,2.28125,7.03125,2.71875],"rotation":0,"texture":"#1","tintindex":0}}},{"from":[2.5714283,10.857143,-4.5714293],"to":[13.428572,21.142857,6.857143],"rotation":{"angle":0.0,"axis":"y","origin":[7.714286,8.0,8.0]},"faces":{"east":{"uv":[1.40625,10.515625,1.71875,10.796875],"rotation":0,"texture":"#1","tintindex":0},"south":{"uv":[10.578125,1.109375,10.875,1.390625],"rotation":0,"texture":"#1","tintindex":0},"north":{"uv":[0.34375,10.578125,0.640625,10.859375],"rotation":0,"texture":"#1","tintindex":0},"west":{"uv":[10.515625,2.96875,10.828125,3.25],"rotation":0,"texture":"#1","tintindex":0},"up":{"uv":[9.8125,10.5625,9.515625,10.25],"rotation":0,"texture":"#1","tintindex":0},"down":{"uv":[0.890625,10.265625,0.59375,10.578125],"rotation":0,"texture":"#1","tintindex":0}}}],"display":{"head":{"translation":[0.0,-6.4,0.0],"scale":[4.0,4.0,4.0]}}}