{"textures":{"1":"modelengine:entity/xiddri_rock"},"elements":[{"from":[4.0,0.5714283,4.5714283],"to":[8.571428,10.857143,10.285714],"rotation":{"angle":-45.0,"axis":"z","origin":[8.0,6.0,8.0]},"faces":{"east":{"uv":[9.3125,11.5,9.46875,11.78125],"rotation":0,"texture":"#1","tintindex":0},"south":{"uv":[8.03125,11.703125,8.15625,11.984375],"rotation":0,"texture":"#1","tintindex":0},"north":{"uv":[7.90625,11.703125,8.03125,11.984375],"rotation":0,"texture":"#1","tintindex":0},"west":{"uv":[9.46875,11.5,9.625,11.78125],"rotation":0,"texture":"#1","tintindex":0},"up":{"uv":[0.65625,12.15625,0.53125,12.0],"rotation":0,"texture":"#1","tintindex":0},"down":{"uv":[2.03125,12.0,1.90625,12.15625],"rotation":0,"texture":"#1","tintindex":0}}},{"from":[2.1166048,-2.173315,5.142857],"to":[6.688033,4.826685,9.714286],"rotation":{"angle":0.0,"axis":"y","origin":[2.545176,2.969542,7.428571]},"faces":{"east":{"uv":[11.796875,11.9375,11.921875,12.125],"rotation":0,"texture":"#1","tintindex":0},"south":{"uv":[11.921875,11.9375,12.046875,12.125],"rotation":0,"texture":"#1","tintindex":0},"north":{"uv":[11.9375,10.984375,12.0625,11.171875],"rotation":0,"texture":"#1","tintindex":0},"west":{"uv":[11.953125,2.75,12.078125,2.9375],"rotation":0,"texture":"#1","tintindex":0},"up":{"uv":[2.34375,12.1875,2.21875,12.0625],"rotation":0,"texture":"#1","tintindex":0},"down":{"uv":[12.1875,3.28125,12.0625,3.40625],"rotation":0,"texture":"#1","tintindex":0}}},{"from":[1.4714284,2.1090984,5.792819],"to":[5.0714283,9.309099,9.392818],"rotation":{"angle":-45.0,"axis":"z","origin":[6.5714283,2.1090984,8.192819]},"faces":{"east":{"uv":[12.0,7.53125,12.09375,7.734375],"rotation":0,"texture":"#1","tintindex":0},"south":{"uv":[8.140625,12.0,8.234375,12.203125],"rotation":0,"texture":"#1","tintindex":0},"north":{"uv":[12.0,5.5625,12.09375,5.765625],"rotation":0,"texture":"#1","tintindex":0},"west":{"uv":[12.0,9.3125,12.09375,9.515625],"rotation":0,"texture":"#1","tintindex":0},"up":{"uv":[12.21875,10.015625,12.125,9.921875],"rotation":0,"texture":"#1","tintindex":0},"down":{"uv":[12.21875,10.421875,12.125,10.515625],"rotation":0,"texture":"#1","tintindex":0}}},{"from":[3.2714286,-0.5909023,6.0928187],"to":[5.6714287,5.4090986,9.092819],"rotation":{"angle":0.0,"axis":"y","origin":[6.5714283,2.1090984,8.192819]},"faces":{"east":{"uv":[12.0625,10.59375,12.140625,10.765625],"rotation":0,"texture":"#1","tintindex":0},"south":{"uv":[10.75,5.234375,10.8125,5.40625],"rotation":0,"texture":"#1","tintindex":0},"north":{"uv":[10.53125,9.796875,10.59375,9.96875],"rotation":0,"texture":"#1","tintindex":0},"west":{"uv":[12.0625,10.765625,12.140625,10.9375],"rotation":0,"texture":"#1","tintindex":0},"up":{"uv":[5.15625,0.515625,5.09375,0.4375],"rotation":0,"texture":"#1","tintindex":0},"down":{"uv":[7.0,6.640625,6.9375,6.71875],"rotation":0,"texture":"#1","tintindex":0}}}],"display":{"head":{"translation":[0.0,-6.4,0.0],"scale":[4.0,4.0,4.0]}}}