{"textures":{"1":"modelengine:entity/xiddri_rock"},"elements":[{"from":[5.232,-15.187632,4.7509727],"to":[10.272,9.004369,9.790974],"rotation":{"angle":0.0,"axis":"y","origin":[6.24,7.996369,7.7749734]},"faces":{"east":{"uv":[7.484375,7.0,7.6875,7.9375],"rotation":0,"texture":"#1","tintindex":0},"south":{"uv":[0.9375,7.5,1.140625,8.4375],"rotation":0,"texture":"#1","tintindex":0},"north":{"uv":[5.125,7.484375,5.328125,8.421875],"rotation":0,"texture":"#1","tintindex":0},"west":{"uv":[1.140625,7.5,1.34375,8.4375],"rotation":0,"texture":"#1","tintindex":0},"up":{"uv":[9.21875,11.8125,9.015625,11.609375],"rotation":0,"texture":"#1","tintindex":0},"down":{"uv":[2.15625,11.625,1.953125,11.828125],"rotation":0,"texture":"#1","tintindex":0}}},{"from":[3.9720001,2.956369,2.734973],"to":[12.036,10.012369,12.814974],"rotation":{"angle":22.5,"axis":"z","origin":[6.24,7.996369,7.7749734]},"faces":{"east":{"uv":[9.953125,6.96875,10.34375,7.25],"rotation":0,"texture":"#1","tintindex":0},"south":{"uv":[6.0625,10.53125,6.375,10.8125],"rotation":0,"texture":"#1","tintindex":0},"north":{"uv":[0.890625,10.53125,1.203125,10.8125],"rotation":0,"texture":"#1","tintindex":0},"west":{"uv":[9.984375,1.609375,10.375,1.890625],"rotation":0,"texture":"#1","tintindex":0},"up":{"uv":[3.671875,9.90625,3.359375,9.515625],"rotation":0,"texture":"#1","tintindex":0},"down":{"uv":[5.140625,9.515625,4.828125,9.90625],"rotation":0,"texture":"#1","tintindex":0}}},{"from":[6.300379,-2.47674,3.7429733],"to":[12.348379,5.5872602,11.806973],"rotation":{"angle":0.0,"axis":"y","origin":[8.820378,-0.20873928,7.270973]},"faces":{"east":{"uv":[10.234375,0.0,10.546875,0.3125],"rotation":0,"texture":"#1","tintindex":0},"south":{"uv":[9.1875,10.8125,9.421875,11.125],"rotation":0,"texture":"#1","tintindex":0},"north":{"uv":[10.8125,8.921875,11.046875,9.234375],"rotation":0,"texture":"#1","tintindex":0},"west":{"uv":[10.234375,0.3125,10.546875,0.625],"rotation":0,"texture":"#1","tintindex":0},"up":{"uv":[11.046875,9.546875,10.8125,9.234375],"rotation":0,"texture":"#1","tintindex":0},"down":{"uv":[0.234375,10.828125,0.0,11.140625],"rotation":0,"texture":"#1","tintindex":0}}},{"from":[7.3083787,-10.540739,3.9949732],"to":[11.340379,-2.47674,10.546973],"rotation":{"angle":0.0,"axis":"y","origin":[8.820378,-0.20873928,7.270973]},"faces":{"east":{"uv":[10.765625,1.390625,11.015625,1.703125],"rotation":0,"texture":"#1","tintindex":0},"south":{"uv":[5.390625,11.359375,5.546875,11.671875],"rotation":0,"texture":"#1","tintindex":0},"north":{"uv":[5.234375,11.359375,5.390625,11.671875],"rotation":0,"texture":"#1","tintindex":0},"west":{"uv":[10.78125,0.5,11.03125,0.8125],"rotation":0,"texture":"#1","tintindex":0},"up":{"uv":[4.296875,11.921875,4.140625,11.671875],"rotation":0,"texture":"#1","tintindex":0},"down":{"uv":[5.390625,11.671875,5.234375,11.921875],"rotation":0,"texture":"#1","tintindex":0}}},{"from":[4.1978188,9.036369,8.204524],"to":[14.277819,15.08437,14.252524],"rotation":{"angle":-45.0,"axis":"y","origin":[12.009819,9.036369,8.456524]},"faces":{"east":{"uv":[1.0,11.265625,1.234375,11.5],"rotation":0,"texture":"#1","tintindex":0},"south":{"uv":[10.421875,5.59375,10.8125,5.828125],"rotation":0,"texture":"#1","tintindex":0},"north":{"uv":[10.421875,5.0,10.8125,5.234375],"rotation":0,"texture":"#1","tintindex":0},"west":{"uv":[6.234375,11.265625,6.46875,11.5],"rotation":0,"texture":"#1","tintindex":0},"up":{"uv":[10.8125,6.0625,10.421875,5.828125],"rotation":0,"texture":"#1","tintindex":0},"down":{"uv":[10.84375,6.359375,10.453125,6.59375],"rotation":0,"texture":"#1","tintindex":0}}},{"from":[8.508379,-9.84074,9.494973],"to":[9.740378,-1.7767401,13.246973],"rotation":{"angle":45.0,"axis":"x","origin":[9.124378,-6.5087385,12.270973]},"faces":{"east":{"uv":[2.140625,4.015625,2.28125,4.328125],"rotation":0,"texture":"#1","tintindex":0},"south":{"uv":[2.71875,8.421875,2.765625,8.734375],"rotation":0,"texture":"#1","tintindex":0},"north":{"uv":[7.953125,8.109375,8.0,8.421875],"rotation":0,"texture":"#1","tintindex":0},"west":{"uv":[0.5625,11.515625,0.703125,11.828125],"rotation":0,"texture":"#1","tintindex":0},"up":{"uv":[4.6875,9.5625,4.640625,9.421875],"rotation":0,"texture":"#1","tintindex":0},"down":{"uv":[2.6875,10.953125,2.640625,11.09375],"rotation":0,"texture":"#1","tintindex":0}}},{"from":[8.0,8.5,3.9],"to":[18.0,18.1,13.1],"rotation":{"angle":22.5,"axis":"z","origin":[13.4,10.1,9.0]},"faces":{"east":{"uv":[0.34375,9.125,0.703125,9.5],"rotation":0,"texture":"#1","tintindex":0},"south":{"uv":[8.703125,0.703125,9.09375,1.078125],"rotation":0,"texture":"#1","tintindex":0},"north":{"uv":[8.65625,1.296875,9.046875,1.671875],"rotation":0,"texture":"#1","tintindex":0},"west":{"uv":[1.890625,9.125,2.25,9.5],"rotation":0,"texture":"#1","tintindex":0},"up":{"uv":[9.421875,5.71875,9.03125,5.359375],"rotation":0,"texture":"#1","tintindex":0},"down":{"uv":[9.4375,1.078125,9.046875,1.4375],"rotation":0,"texture":"#1","tintindex":0}}},{"from":[4.7,-7.3,7.9],"to":[15.5,11.9,17.1],"rotation":{"angle":0.0,"axis":"y","origin":[13.4,10.1,9.0]},"faces":{"east":{"uv":[5.796875,2.53125,6.15625,3.28125],"rotation":0,"texture":"#1","tintindex":0},"south":{"uv":[4.46875,4.640625,4.890625,5.390625],"rotation":0,"texture":"#1","tintindex":0},"north":{"uv":[4.046875,4.625,4.46875,5.375],"rotation":0,"texture":"#1","tintindex":0},"west":{"uv":[3.15625,5.8125,3.515625,6.5625],"rotation":0,"texture":"#1","tintindex":0},"up":{"uv":[8.953125,2.078125,8.53125,1.71875],"rotation":0,"texture":"#1","tintindex":0},"down":{"uv":[4.6875,8.53125,4.265625,8.890625],"rotation":0,"texture":"#1","tintindex":0}}},{"from":[-2.1000004,-3.3000002,1.0999999],"to":[8.7,7.9,10.3],"rotation":{"angle":22.5,"axis":"z","origin":[13.4,10.1,9.0]},"faces":{"east":{"uv":[8.390625,6.625,8.75,7.0625],"rotation":0,"texture":"#1","tintindex":0},"south":{"uv":[3.1875,7.640625,3.609375,8.078125],"rotation":0,"texture":"#1","tintindex":0},"north":{"uv":[0.0,7.625,0.421875,8.0625],"rotation":0,"texture":"#1","tintindex":0},"west":{"uv":[2.09375,8.421875,2.453125,8.859375],"rotation":0,"texture":"#1","tintindex":0},"up":{"uv":[3.546875,8.90625,3.125,8.546875],"rotation":0,"texture":"#1","tintindex":0},"down":{"uv":[9.015625,3.015625,8.59375,3.375],"rotation":0,"texture":"#1","tintindex":0}}},{"from":[3.5,-15.300001,3.1],"to":[13.5,-3.6999998,12.3],"rotation":{"angle":0.0,"axis":"y","origin":[13.4,10.1,9.0]},"faces":{"east":{"uv":[8.265625,5.71875,8.625,6.171875],"rotation":0,"texture":"#1","tintindex":0},"south":{"uv":[7.875,6.28125,8.265625,6.734375],"rotation":0,"texture":"#1","tintindex":0},"north":{"uv":[7.875,5.828125,8.265625,6.28125],"rotation":0,"texture":"#1","tintindex":0},"west":{"uv":[8.265625,6.171875,8.625,6.625],"rotation":0,"texture":"#1","tintindex":0},"up":{"uv":[1.890625,9.421875,1.5,9.0625],"rotation":0,"texture":"#1","tintindex":0},"down":{"uv":[6.28125,9.0625,5.890625,9.421875],"rotation":0,"texture":"#1","tintindex":0}}},{"from":[14.3,18.900002,10.7],"to":[19.1,27.7,18.7],"rotation":{"angle":0.0,"axis":"y","origin":[16.5,27.9,14.5]},"faces":{"east":{"uv":[3.65625,10.03125,3.96875,10.375],"rotation":0,"texture":"#1","tintindex":0},"south":{"uv":[9.0,11.046875,9.1875,11.390625],"rotation":0,"texture":"#1","tintindex":0},"north":{"uv":[8.8125,11.046875,9.0,11.390625],"rotation":0,"texture":"#1","tintindex":0},"west":{"uv":[2.828125,10.046875,3.140625,10.390625],"rotation":0,"texture":"#1","tintindex":0},"up":{"uv":[11.25,11.421875,11.0625,11.109375],"rotation":0,"texture":"#1","tintindex":0},"down":{"uv":[11.3125,4.078125,11.125,4.390625],"rotation":0,"texture":"#1","tintindex":0}}},{"from":[13.5,9.9,9.9],"to":[19.5,21.900002,19.1],"rotation":{"angle":22.5,"axis":"x","origin":[16.1,19.5,12.5]},"faces":{"east":{"uv":[0.0,8.0625,0.359375,8.53125],"rotation":0,"texture":"#1","tintindex":0},"south":{"uv":[9.84375,10.015625,10.078125,10.484375],"rotation":0,"texture":"#1","tintindex":0},"north":{"uv":[7.90625,10.015625,8.140625,10.484375],