{"textures":{"1":"modelengine:entity/xiddri_rock"},"elements":[{"from":[8.857143,-0.57142925,2.2857141],"to":[15.714286,7.5714283,13.285715],"rotation":{"angle":-22.5,"axis":"z","origin":[17.428572,1.9999995,7.142857]},"faces":{"east":{"uv":[6.78125,11.046875,7.078125,11.265625],"rotation":0,"texture":"#1","tintindex":0},"south":{"uv":[2.734375,11.65625,2.921875,11.875],"rotation":0,"texture":"#1","tintindex":0},"north":{"uv":[11.65625,1.203125,11.84375,1.421875],"rotation":0,"texture":"#1","tintindex":0},"west":{"uv":[11.046875,8.546875,11.34375,8.765625],"rotation":0,"texture":"#1","tintindex":0},"up":{"uv":[2.21875,11.453125,2.03125,11.15625],"rotation":0,"texture":"#1","tintindex":0},"down":{"uv":[3.046875,11.15625,2.859375,11.453125],"rotation":0,"texture":"#1","tintindex":0}}},{"from":[7.8285713,4.6519556,3.307104],"to":[12.628572,9.451956,11.707105],"rotation":{"angle":0.0,"axis":"y","origin":[9.028571,34.651955,8.107104]},"faces":{"east":{"uv":[10.546875,0.5,10.78125,0.625],"rotation":0,"texture":"#1","tintindex":0},"south":{"uv":[12.0625,1.8125,12.1875,1.9375],"rotation":0,"texture":"#1","tintindex":0},"north":{"uv":[1.75,12.0625,1.875,12.1875],"rotation":0,"texture":"#1","tintindex":0},"west":{"uv":[11.78125,0.171875,12.015625,0.296875],"rotation":0,"texture":"#1","tintindex":0},"up":{"uv":[11.953125,6.25,11.828125,6.015625],"rotation":0,"texture":"#1","tintindex":0},"down":{"uv":[7.65625,11.828125,7.53125,12.0625],"rotation":0,"texture":"#1","tintindex":0}}},{"from":[11.1285715,0.1519556,5.7071047],"to":[14.728571,6.451956,9.307105],"rotation":{"angle":22.5,"axis":"z","origin":[12.028572,2.2519555,7.5071044]},"faces":{"east":{"uv":[12.046875,2.9375,12.140625,3.109375],"rotation":0,"texture":"#1","tintindex":0},"south":{"uv":[12.046875,3.109375,12.140625,3.28125],"rotation":0,"texture":"#1","tintindex":0},"north":{"uv":[2.6875,12.046875,2.78125,12.21875],"rotation":0,"texture":"#1","tintindex":0},"west":{"uv":[12.046875,3.65625,12.140625,3.828125],"rotation":0,"texture":"#1","tintindex":0},"up":{"uv":[12.21875,3.921875,12.125,3.828125],"rotation":0,"texture":"#1","tintindex":0},"down":{"uv":[12.21875,3.921875,12.125,4.015625],"rotation":0,"texture":"#1","tintindex":0}}},{"from":[8.428572,0.7519555,2.407104],"to":[12.028572,5.5519557,6.0071044],"rotation":{"angle":22.5,"axis":"x","origin":[10.228572,2.2519555,5.1071043]},"faces":{"east":{"uv":[12.09375,5.0625,12.1875,5.1875],"rotation":0,"texture":"#1","tintindex":0},"south":{"uv":[12.09375,5.515625,12.1875,5.640625],"rotation":0,"texture":"#1","tintindex":0},"north":{"uv":[12.09375,4.9375,12.1875,5.0625],"rotation":0,"texture":"#1","tintindex":0},"west":{"uv":[12.09375,5.640625,12.1875,5.765625],"rotation":0,"texture":"#1","tintindex":0},"up":{"uv":[4.484375,12.21875,4.390625,12.125],"rotation":0,"texture":"#1","tintindex":0},"down":{"uv":[12.21875,5.890625,12.125,5.984375],"rotation":0,"texture":"#1","tintindex":0}}},{"from":[8.428572,0.4519558,9.307105],"to":[12.028572,5.251956,12.9071045],"rotation":{"angle":-22.5,"axis":"x","origin":[10.228572,2.2519555,5.1071043]},"faces":{"east":{"uv":[12.09375,7.53125,12.1875,7.65625],"rotation":0,"texture":"#1","tintindex":0},"south":{"uv":[7.640625,12.09375,7.734375,12.21875],"rotation":0,"texture":"#1","tintindex":0},"north":{"uv":[7.296875,12.09375,7.390625,12.21875],"rotation":0,"texture":"#1","tintindex":0},"west":{"uv":[8.34375,12.09375,8.4375,12.21875],"rotation":0,"texture":"#1","tintindex":0},"up":{"uv":[12.21875,9.921875,12.125,9.828125],"rotation":0,"texture":"#1","tintindex":0},"down":{"uv":[9.96875,12.125,9.875,12.21875],"rotation":0,"texture":"#1","tintindex":0}}},{"from":[6.6285715,3.4519558,4.8071046],"to":[10.228572,10.651956,10.207105],"rotation":{"angle":22.5,"axis":"z","origin":[10.828571,4.6519556,7.5071044]},"faces":{"east":{"uv":[11.203125,11.828125,11.34375,12.03125],"rotation":0,"texture":"#1","tintindex":0},"south":{"uv":[12.0,5.03125,12.09375,5.234375],"rotation":0,"texture":"#1","tintindex":0},"north":{"uv":[12.0,4.828125,12.09375,5.03125],"rotation":0,"texture":"#1","tintindex":0},"west":{"uv":[11.828125,11.21875,11.96875,11.421875],"rotation":0,"texture":"#1","tintindex":0},"up":{"uv":[12.15625,11.078125,12.0625,10.9375],"rotation":0,"texture":"#1","tintindex":0},"down":{"uv":[12.15625,11.078125,12.0625,11.21875],"rotation":0,"texture":"#1","tintindex":0}}}],"display":{"head":{"translation":[0.0,-6.4,0.0],"scale":[4.0,4.0,4.0]}}}