{"textures":{"1":"modelengine:entity/xiddri_rock"},"elements":[{"from":[1.7142854,0.85714245,20.571426],"to":[12.0,11.714286,32.0],"rotation":{"angle":22.5,"axis":"x","origin":[6.857143,8.428572,30.142855]},"faces":{"east":{"uv":[4.75,10.265625,5.0625,10.5625],"rotation":0,"texture":"#1","tintindex":0},"south":{"uv":[3.5625,10.609375,3.84375,10.90625],"rotation":0,"texture":"#1","tintindex":0},"north":{"uv":[10.59375,10.390625,10.875,10.6875],"rotation":0,"texture":"#1","tintindex":0},"west":{"uv":[10.296875,4.703125,10.609375,5.0],"rotation":0,"texture":"#1","tintindex":0},"up":{"uv":[10.8125,9.234375,10.53125,8.921875],"rotation":0,"texture":"#1","tintindex":0},"down":{"uv":[10.8125,9.234375,10.53125,9.546875],"rotation":0,"texture":"#1","tintindex":0}}},{"from":[1.7142854,3.0,2.7142825],"to":[12.0,13.857143,24.42857],"rotation":{"angle":-22.5,"axis":"z","origin":[7.142857,5.714286,-0.7142887]},"faces":{"east":{"uv":[6.171875,7.953125,6.765625,8.25],"rotation":0,"texture":"#1","tintindex":0},"south":{"uv":[2.6875,10.625,2.96875,10.921875],"rotation":0,"texture":"#1","tintindex":0},"north":{"uv":[10.609375,4.703125,10.890625,5.0],"rotation":0,"texture":"#1","tintindex":0},"west":{"uv":[7.984375,0.71875,8.578125,1.015625],"rotation":0,"texture":"#1","tintindex":0},"up":{"uv":[7.328125,8.765625,7.046875,8.171875],"rotation":0,"texture":"#1","tintindex":0},"down":{"uv":[8.46875,2.296875,8.1875,2.890625],"rotation":0,"texture":"#1","tintindex":0}}},{"from":[2.2857141,1.1428566,-5.285718],"to":[12.0,10.285714,3.8571396],"rotation":{"angle":-22.5,"axis":"x","origin":[7.142857,5.714286,-0.7142887]},"faces":{"east":{"uv":[11.09375,6.0,11.34375,6.25],"rotation":0,"texture":"#1","tintindex":0},"south":{"uv":[11.015625,6.53125,11.28125,6.78125],"rotation":0,"texture":"#1","tintindex":0},"north":{"uv":[6.515625,11.015625,6.78125,11.265625],"rotation":0,"texture":"#1","tintindex":0},"west":{"uv":[11.09375,7.875,11.34375,8.125],"rotation":0,"texture":"#1","tintindex":0},"up":{"uv":[11.296875,0.640625,11.03125,0.390625],"rotation":0,"texture":"#1","tintindex":0},"down":{"uv":[10.625,11.03125,10.359375,11.28125],"rotation":0,"texture":"#1","tintindex":0}}},{"from":[6.285714,14.285715,3.9999971],"to":[12.0,20.57143,18.85714],"rotation":{"angle":22.5,"axis":"x","origin":[7.142857,5.714286,-0.7142887]},"faces":{"east":{"uv":[10.859375,8.375,11.265625,8.546875],"rotation":0,"texture":"#1","tintindex":0},"south":{"uv":[2.703125,11.875,2.859375,12.046875],"rotation":0,"texture":"#1","tintindex":0},"north":{"uv":[0.15625,11.875,0.3125,12.046875],"rotation":0,"texture":"#1","tintindex":0},"west":{"uv":[10.890625,0.0,11.296875,0.171875],"rotation":0,"texture":"#1","tintindex":0},"up":{"uv":[11.25,5.671875,11.09375,5.265625],"rotation":0,"texture":"#1","tintindex":0},"down":{"uv":[0.796875,11.109375,0.640625,11.515625],"rotation":0,"texture":"#1","tintindex":0}}},{"from":[3.413333,3.8497543,-4.1261816],"to":[11.093333,11.529755,3.5538187],"rotation":{"angle":-22.5,"axis":"x","origin":[8.853333,9.609755,-0.92618084]},"faces":{"east":{"uv":[11.640625,1.828125,11.84375,2.03125],"rotation":0,"texture":"#1","tintindex":0},"south":{"uv":[4.3125,11.640625,4.515625,11.84375],"rotation":0,"texture":"#1","tintindex":0},"north":{"uv":[1.703125,11.640625,1.90625,11.84375],"rotation":0,"texture":"#1","tintindex":0},"west":{"uv":[11.640625,4.4375,11.84375,4.640625],"rotation":0,"texture":"#1","tintindex":0},"up":{"uv":[11.84375,5.84375,11.640625,5.640625],"rotation":0,"texture":"#1","tintindex":0},"down":{"uv":[6.34375,11.640625,6.140625,11.84375],"rotation":0,"texture":"#1","tintindex":0}}},{"from":[3.733333,4.489754,1.6338191],"to":[10.133333,10.889754,29.79382],"rotation":{"angle":0.0,"axis":"y","origin":[7.5733333,33.929756,-0.92618084]},"faces":{"east":{"uv":[9.265625,2.484375,10.03125,2.65625],"rotation":0,"texture":"#1","tintindex":0},"south":{"uv":[2.078125,11.828125,2.25,12.0],"rotation":0,"texture":"#1","tintindex":0},"north":{"uv":[1.90625,11.828125,2.078125,12.0],"rotation":0,"texture":"#1","tintindex":0},"west":{"uv":[9.265625,2.65625,10.03125,2.828125],"rotation":0,"texture":"#1","tintindex":0},"up":{"uv":[8.078125,10.015625,7.90625,9.25],"rotation":0,"texture":"#1","tintindex":0},"down":{"uv":[8.25,9.25,8.078125,10.015625],"rotation":0,"texture":"#1","tintindex":0}}},{"from":[5.0133333,5.7697544,1.6338191],"to":[11.413334,12.169754,22.11382],"rotation":{"angle":0.0,"axis":"y","origin":[6.9333334,5.129754,15.7138195]},"faces":{"east":{"uv":[10.25,2.5625,10.8125,2.734375],"rotation":0,"texture":"#1","tintindex":0},"south":{"uv":[11.828125,2.578125,12.0,2.75],"rotation":0,"texture":"#1","tintindex":0},"north":{"uv":[2.53125,11.828125,2.703125,12.0],"rotation":0,"texture":"#1","tintindex":0},"west":{"uv":[10.25,5.421875,10.8125,5.59375],"rotation":0,"texture":"#1","tintindex":0},"up":{"uv":[4.75,10.8125,4.578125,10.25],"rotation":0,"texture":"#1","tintindex":0},"down":{"uv":[10.421875,5.59375,10.25,6.15625],"rotation":0,"texture":"#1","tintindex":0}}}],"display":{"head":{"translation":[0.0,-6.4,32.57144],"scale":[4.0,4.0,4.0]}}}