{"textures":{"1":"modelengine:entity/xiddri_rock"},"elements":[{"from":[7.285714,7.20921,4.0],"to":[15.857143,16.352068,11.428572],"rotation":{"angle":-22.5,"axis":"z","origin":[15.714286,-1.0765047,7.714286]},"faces":{"east":{"uv":[11.34375,3.640625,11.546875,3.890625],"rotation":0,"texture":"#1","tintindex":0},"south":{"uv":[10.828125,11.109375,11.0625,11.359375],"rotation":0,"texture":"#1","tintindex":0},"north":{"uv":[7.96875,11.109375,8.203125,11.359375],"rotation":0,"texture":"#1","tintindex":0},"west":{"uv":[3.921875,11.34375,4.125,11.59375],"rotation":0,"texture":"#1","tintindex":0},"up":{"uv":[11.640625,5.84375,11.40625,5.640625],"rotation":0,"texture":"#1","tintindex":0},"down":{"uv":[11.640625,8.0625,11.40625,8.265625],"rotation":0,"texture":"#1","tintindex":0}}},{"from":[9.921753,0.4285717,-1.1428576],"to":[20.778896,12.428572,14.285715],"rotation":{"angle":45.0,"axis":"z","origin":[9.350325,-0.5714283,7.714286]},"faces":{"east":{"uv":[9.09375,0.640625,9.515625,0.96875],"rotation":0,"texture":"#1","tintindex":0},"south":{"uv":[0.296875,10.25,0.59375,10.578125],"rotation":0,"texture":"#1","tintindex":0},"north":{"uv":[0.0,10.25,0.296875,10.578125],"rotation":0,"texture":"#1","tintindex":0},"west":{"uv":[9.109375,7.171875,9.53125,7.5],"rotation":0,"texture":"#1","tintindex":0},"up":{"uv":[4.640625,9.84375,4.34375,9.421875],"rotation":0,"texture":"#1","tintindex":0},"down":{"uv":[9.71875,5.296875,9.421875,5.71875],"rotation":0,"texture":"#1","tintindex":0}}},{"from":[2.2074676,-14.571428,0.5714283],"to":[15.350325,6.571429,12.0],"rotation":{"angle":0.0,"axis":"y","origin":[9.350325,-0.5714283,7.714286]},"faces":{"east":{"uv":[1.65625,7.71875,1.96875,8.296875],"rotation":0,"texture":"#1","tintindex":0},"south":{"uv":[1.125,6.921875,1.484375,7.5],"rotation":0,"texture":"#1","tintindex":0},"north":{"uv":[4.984375,6.90625,5.34375,7.484375],"rotation":0,"texture":"#1","tintindex":0},"west":{"uv":[1.96875,7.71875,2.28125,8.296875],"rotation":0,"texture":"#1","tintindex":0},"up":{"uv":[10.234375,0.625,9.875,0.3125],"rotation":0,"texture":"#1","tintindex":0},"down":{"uv":[10.234375,2.0,9.875,2.3125],"rotation":0,"texture":"#1","tintindex":0}}},{"from":[5.636039,-16.0,-1.7142859],"to":[18.778896,-4.0,9.714286],"rotation":{"angle":22.5,"axis":"z","origin":[12.207468,-8.571428,0.5714283]},"faces":{"east":{"uv":[6.390625,10.171875,6.703125,10.5],"rotation":0,"texture":"#1","tintindex":0},"south":{"uv":[5.140625,9.796875,5.5,10.125],"rotation":0,"texture":"#1","tintindex":0},"north":{"uv":[9.78125,0.90625,10.140625,1.234375],"rotation":0,"texture":"#1","tintindex":0},"west":{"uv":[6.703125,10.171875,7.015625,10.5],"rotation":0,"texture":"#1","tintindex":0},"up":{"uv":[10.234375,8.40625,9.875,8.09375],"rotation":0,"texture":"#1","tintindex":0},"down":{"uv":[2.515625,9.890625,2.15625,10.203125],"rotation":0,"texture":"#1","tintindex":0}}},{"from":[-1.7925329,-14.571428,3.2857141],"to":[11.350325,-0.28571415,14.714286],"rotation":{"angle":-22.5,"axis":"x","origin":[9.350325,-0.5714283,7.714286]},"faces":{"east":{"uv":[0.65625,9.515625,0.96875,9.90625],"rotation":0,"texture":"#1","tintindex":0},"south":{"uv":[9.03125,4.96875,9.390625,5.359375],"rotation":0,"texture":"#1","tintindex":0},"north":{"uv":[7.1875,9.015625,7.546875,9.40625],"rotation":0,"texture":"#1","tintindex":0},"west":{"uv":[2.546875,9.515625,2.859375,9.90625],"rotation":0,"texture":"#1","tintindex":0},"up":{"uv":[10.25,5.8125,9.890625,5.5],"rotation":0,"texture":"#1","tintindex":0},"down":{"uv":[10.25,5.8125,9.890625,6.125],"rotation":0,"texture":"#1","tintindex":0}}},{"from":[0.7729254,-14.707705,8.571428],"to":[13.915783,-2.7077045,20.0],"rotation":{"angle":-22.5,"axis":"z","origin":[9.05864,-11.421991,12.571428]},"faces":{"east":{"uv":[9.203125,10.171875,9.515625,10.5],"rotation":0,"texture":"#1","tintindex":0},"south":{"uv":[0.96875,9.8125,1.328125,10.140625],"rotation":0,"texture":"#1","tintindex":0},"north":{"uv":[9.796875,8.4375,10.15625,8.765625],"rotation":0,"texture":"#1","tintindex":0},"west":{"uv":[1.546875,10.1875,1.859375,10.515625],"rotation":0,"texture":"#1","tintindex":0},"up":{"uv":[10.25,6.4375,9.890625,6.125],"rotation":0,"texture":"#1","tintindex":0},"down":{"uv":[7.625,9.890625,7.265625,10.203125],"rotation":0,"texture":"#1","tintindex":0}}},{"from":[4.8571424,-12.395979,5.2213902],"to":[10.857143,12.804023,11.221391],"rotation":{"angle":0.0,"axis":"y","origin":[6.0571427,40.404022,8.82139]},"faces":{"east":{"uv":[3.171875,9.65625,3.34375,10.34375],"rotation":0,"texture":"#1","tintindex":0},"south":{"uv":[8.515625,9.71875,8.6875,10.40625],"rotation":0,"texture":"#1","tintindex":0},"north":{"uv":[3.984375,9.640625,4.15625,10.328125],"rotation":0,"texture":"#1","tintindex":0},"west":{"uv":[8.6875,9.71875,8.859375,10.40625],"rotation":0,"texture":"#1","tintindex":0},"up":{"uv":[11.984375,2.578125,11.8125,2.40625],"rotation":0,"texture":"#1","tintindex":0},"down":{"uv":[11.984375,4.1875,11.8125,4.359375],"rotation":0,"texture":"#1","tintindex":0}}},{"from":[3.6571426,8.004023,4.02139],"to":[12.057143,15.204023,12.421391],"rotation":{"angle":0.0,"axis":"y","origin":[6.0571427,40.404022,8.82139]},"faces":{"east":{"uv":[11.421875,0.796875,11.65625,1.0],"rotation":0,"texture":"#1","tintindex":0},"south":{"uv":[11.421875,1.234375,11.65625,1.4375],"rotation":0,"texture":"#1","tintindex":0},"north":{"uv":[9.078125,11.40625,9.3125,11.609375],"rotation":0,"texture":"#1","tintindex":0},"west":{"uv":[11.421875,2.03125,11.65625,2.234375],"rotation":0,"texture":"#1","tintindex":0},"up":{"uv":[11.484375,5.53125,11.25,5.296875],"rotation":0,"texture":"#1","tintindex":0},"down":{"uv":[11.484375,11.046875,11.25,11.28125],"rotation":0,"texture":"#1","tintindex":0}}},{"from":[9.657143,2.0040226,6.42139],"to":[13.257143,12.804023,10.021391],"rotation":{"angle":0.0,"axis":"y","origin":[13.857143,4.404022,8.221391]},"faces":{"east":{"uv":[4.171875,10.953125,4.265625,11.25],"rotation":0,"texture":"#1","tintindex":0},"south":{"uv":[8.15625,11.703125,8.25,12.0],"rotation":0,"texture":"#1","tintindex":0},"north":{"uv":[4.828125,8.53125,4.921875,8.828125],"rotation":0,"texture":"#1","tintindex":0},"west":{"uv":[9.125,11.8125,9.21875,12.109375],"rotation":0,"texture":"#1","tintindex":0},"up":{"uv":[1.515625,12.21875,1.421875,12.125],"rotation":0,"texture":"#1","tintindex":0},"down":{"uv":[12.21875,2.390625,12.125,2.484375],"rotation":0,"texture":"#1","tintindex":0}}}],"display":{"head":{"translation":[0.0,-22.665411,0.0],"scale":[4.0,4.0,4.0]}}}