{"textures":{"1":"modelengine:entity/xiddri_rock"},"elements":[{"from":[6.242857,0.30909872,5.564247],"to":[9.842857,8.709099,9.1642475],"rotation":{"angle":22.5,"axis":"z","origin":[7.4428573,8.109098,8.264248]},"faces":{"east":{"uv":[11.984375,4.125,12.078125,4.359375],"rotation":0,"texture":"#1","tintindex":0},"south":{"uv":[5.390625,11.984375,5.484375,12.21875],"rotation":0,"texture":"#1","tintindex":0},"north":{"uv":[11.96875,11.171875,12.0625,11.40625],"rotation":0,"texture":"#1","tintindex":0},"west":{"uv":[5.484375,11.984375,5.578125,12.21875],"rotation":0,"texture":"#1","tintindex":0},"up":{"uv":[12.21875,7.75,12.125,7.65625],"rotation":0,"texture":"#1","tintindex":0},"down":{"uv":[12.21875,7.75,12.125,7.84375],"rotation":0,"texture":"#1","tintindex":0}}},{"from":[6.0714283,-1.1428576,5.5],"to":[11.214286,9.714286,10.642858],"rotation":{"angle":22.5,"axis":"z","origin":[8.357142,6.857143,2.642857]},"faces":{"east":{"uv":[11.59375,0.3125,11.734375,0.609375],"rotation":0,"texture":"#1","tintindex":0},"south":{"uv":[0.703125,11.59375,0.84375,11.890625],"rotation":0,"texture":"#1","tintindex":0},"north":{"uv":[11.578125,8.265625,11.71875,8.5625],"rotation":0,"texture":"#1","tintindex":0},"west":{"uv":[0.84375,11.59375,0.984375,11.890625],"rotation":0,"texture":"#1","tintindex":0},"up":{"uv":[12.125,2.53125,11.984375,2.390625],"rotation":0,"texture":"#1","tintindex":0},"down":{"uv":[12.125,8.578125,11.984375,8.71875],"rotation":0,"texture":"#1","tintindex":0}}},{"from":[7.0593104,-7.0310287,5.642857],"to":[11.773597,2.683258,9.642858],"rotation":{"angle":-22.5,"axis":"z","origin":[8.273596,-1.602457,7.5]},"faces":{"east":{"uv":[11.828125,10.6875,11.9375,10.953125],"rotation":0,"texture":"#1","tintindex":0},"south":{"uv":[1.53125,11.78125,1.65625,12.046875],"rotation":0,"texture":"#1","tintindex":0},"north":{"uv":[0.984375,11.78125,1.109375,12.046875],"rotation":0,"texture":"#1","tintindex":0},"west":{"uv":[11.828125,10.953125,11.9375,11.21875],"rotation":0,"texture":"#1","tintindex":0},"up":{"uv":[11.828125,6.40625,11.703125,6.296875],"rotation":0,"texture":"#1","tintindex":0},"down":{"uv":[11.828125,10.6875,11.703125,10.796875],"rotation":0,"texture":"#1","tintindex":0}}},{"from":[8.2301655,-5.8391905,6.1642475],"to":[10.930166,1.6608095,8.564247],"rotation":{"angle":-22.5,"axis":"z","origin":[12.130166,-1.6391907,7.3642473]},"faces":{"east":{"uv":[3.265625,12.078125,3.328125,12.28125],"rotation":0,"texture":"#1","tintindex":0},"south":{"uv":[12.046875,5.953125,12.125,6.15625],"rotation":0,"texture":"#1","tintindex":0},"north":{"uv":[12.046875,3.828125,12.125,4.03125],"rotation":0,"texture":"#1","tintindex":0},"west":{"uv":[3.328125,12.078125,3.390625,12.28125],"rotation":0,"texture":"#1","tintindex":0},"up":{"uv":[10.921875,6.59375,10.84375,6.53125],"rotation":0,"texture":"#1","tintindex":0},"down":{"uv":[10.9375,8.546875,10.859375,8.609375],"rotation":0,"texture":"#1","tintindex":0}}}],"display":{"head":{"translation":[0.0,-6.4,0.0],"scale":[4.0,4.0,4.0]}}}