{"textures":{"1":"modelengine:entity/xiddri_rock"},"elements":[{"from":[0.44000006,10.540369,-1.3210268],"to":[15.559999,17.59637,5.734973],"rotation":{"angle":-22.5,"axis":"x","origin":[8.0,13.252369,2.206973]},"faces":{"east":{"uv":[9.75,10.71875,10.03125,11.0],"rotation":0,"texture":"#1","tintindex":0},"south":{"uv":[8.109375,1.015625,8.703125,1.296875],"rotation":0,"texture":"#1","tintindex":0},"north":{"uv":[8.03125,7.203125,8.625,7.484375],"rotation":0,"texture":"#1","tintindex":0},"west":{"uv":[6.375,10.734375,6.65625,11.015625],"rotation":0,"texture":"#1","tintindex":0},"up":{"uv":[5.921875,8.4375,5.328125,8.15625],"rotation":0,"texture":"#1","tintindex":0},"down":{"uv":[8.765625,0.0,8.171875,0.28125],"rotation":0,"texture":"#1","tintindex":0}}},{"from":[-0.56799984,1.5688691,1.3256478],"to":[16.568,12.65687,12.413649],"rotation":{"angle":0.0,"axis":"y","origin":[8.0,18.20087,8.885648]},"faces":{"east":{"uv":[7.25,1.1875,7.6875,1.625],"rotation":0,"texture":"#1","tintindex":0},"south":{"uv":[5.078125,3.09375,5.75,3.53125],"rotation":0,"texture":"#1","tintindex":0},"north":{"uv":[0.0,4.953125,0.671875,5.390625],"rotation":0,"texture":"#1","tintindex":0},"west":{"uv":[1.484375,7.28125,1.921875,7.71875],"rotation":0,"texture":"#1","tintindex":0},"up":{"uv":[5.765625,0.4375,5.09375,0.0],"rotation":0,"texture":"#1","tintindex":0},"down":{"uv":[5.796875,0.9375,5.125,1.375],"rotation":0,"texture":"#1","tintindex":0}}},{"from":[2.7919998,-6.831131,5.525648],"to":[13.208,1.7368693,16.613647],"rotation":{"angle":0.0,"axis":"y","origin":[8.84,18.20087,8.885648]},"faces":{"east":{"uv":[0.34375,8.796875,0.78125,9.125],"rotation":0,"texture":"#1","tintindex":0},"south":{"uv":[2.609375,9.1875,3.015625,9.515625],"rotation":0,"texture":"#1","tintindex":0},"north":{"uv":[1.09375,9.171875,1.5,9.5],"rotation":0,"texture":"#1","tintindex":0},"west":{"uv":[3.546875,8.8125,3.984375,9.140625],"rotation":0,"texture":"#1","tintindex":0},"up":{"uv":[8.171875,3.46875,7.765625,3.03125],"rotation":0,"texture":"#1","tintindex":0},"down":{"uv":[8.171875,4.9375,7.765625,5.375],"rotation":0,"texture":"#1","tintindex":0}}},{"from":[5.3120003,-5.3611317,3.6356478],"to":[10.688,3.2068696,8.003648],"rotation":{"angle":-22.5,"axis":"x","origin":[8.0,-2.5471306,3.5096478]},"faces":{"east":{"uv":[1.328125,9.8125,1.5,10.140625],"rotation":0,"texture":"#1","tintindex":0},"south":{"uv":[9.59375,11.0,9.796875,11.328125],"rotation":0,"texture":"#1","tintindex":0},"north":{"uv":[6.796875,7.828125,7.0,8.15625],"rotation":0,"texture":"#1","tintindex":0},"west":{"uv":[0.0,11.140625,0.171875,11.46875],"rotation":0,"texture":"#1","tintindex":0},"up":{"uv":[11.890625,8.90625,11.6875,8.734375],"rotation":0,"texture":"#1","tintindex":0},"down":{"uv":[11.90625,9.875,11.703125,10.046875],"rotation":0,"texture":"#1","tintindex":0}}},{"from":[-4.6000004,1.5688691,1.3256478],"to":[-0.56799984,12.65687,12.413649],"rotation":{"angle":22.5,"axis":"x","origin":[-2.5839996,7.1128693,6.869648]},"faces":{"east":{"uv":[1.921875,7.28125,2.359375,7.71875],"rotation":0,"texture":"#1","tintindex":0},"south":{"uv":[0.765625,6.375,0.921875,6.8125],"rotation":0,"texture":"#1","tintindex":0},"north":{"uv":[0.484375,5.875,0.640625,6.3125],"rotation":0,"texture":"#1","tintindex":0},"west":{"uv":[5.34375,7.296875,5.78125,7.734375],"rotation":0,"texture":"#1","tintindex":0},"up":{"uv":[10.1875,11.15625,10.03125,10.71875],"rotation":0,"texture":"#1","tintindex":0},"down":{"uv":[4.421875,10.84375,4.265625,11.28125],"rotation":0,"texture":"#1","tintindex":0}}},{"from":[16.568,1.5688691,1.3256478],"to":[20.6,12.65687,12.413649],"rotation":{"angle":22.5,"axis":"x","origin":[18.584,7.1128693,6.869648]},"faces":{"east":{"uv":[5.78125,7.296875,6.21875,7.734375],"rotation":0,"texture":"#1","tintindex":0},"south":{"uv":[2.3125,10.875,2.46875,11.3125],"rotation":0,"texture":"#1","tintindex":0},"north":{"uv":[0.484375,10.859375,0.640625,11.296875],"rotation":0,"texture":"#1","tintindex":0},"west":{"uv":[7.3125,0.40625,7.75,0.84375],"rotation":0,"texture":"#1","tintindex":0},"up":{"uv":[3.28125,11.3125,3.125,10.875],"rotation":0,"texture":"#1","tintindex":0},"down":{"uv":[10.828125,10.890625,10.671875,11.328125],"rotation":0,"texture":"#1","tintindex":0}}},{"from":[7.496,17.94887,3.8456478],"to":[8.504,20.97287,11.909648],"rotation":{"angle":-22.5,"axis":"x","origin":[8.0,21.224869,7.373648]},"faces":{"east":{"uv":[8.859375,10.375,9.171875,10.5],"rotation":0,"texture":"#1","tintindex":0},"south":{"uv":[9.671875,5.171875,9.71875,5.296875],"rotation":0,"texture":"#1","tintindex":0},"north":{"uv":[7.90625,9.125,7.953125,9.25],"rotation":0,"texture":"#1","tintindex":0},"west":{"uv":[11.484375,5.40625,11.796875,5.53125],"rotation":0,"texture":"#1","tintindex":0},"up":{"uv":[3.15625,6.15625,3.109375,5.84375],"rotation":0,"texture":"#1","tintindex":0},"down":{"uv":[3.515625,6.5625,3.46875,6.875],"rotation":0,"texture":"#1","tintindex":0}}},{"from":[-1.5760002,14.76437,3.7189732],"to":[8.504,20.81237,9.7669735],"rotation":{"angle":22.5,"axis":"z","origin":[8.0,13.252369,2.206973]},"faces":{"east":{"uv":[7.078125,11.15625,7.3125,11.390625],"rotation":0,"texture":"#1","tintindex":0},"south":{"uv":[8.734375,8.09375,9.125,8.328125],"rotation":0,"texture":"#1","tintindex":0},"north":{"uv":[8.203125,4.703125,8.59375,4.9375],"rotation":0,"texture":"#1","tintindex":0},"west":{"uv":[11.171875,2.625,11.40625,2.859375],"rotation":0,"texture":"#1","tintindex":0},"up":{"uv":[10.71875,3.625,10.328125,3.390625],"rotation":0,"texture":"#1","tintindex":0},"down":{"uv":[10.734375,6.671875,10.34375,6.90625],"rotation":0,"texture":"#1","tintindex":0}}},{"from":[7.496,14.76437,3.7189732],"to":[17.576,20.81237,9.7669735],"rotation":{"angle":-22.5,"axis":"z","origin":[8.0,13.252369,2.206973]},"faces":{"east":{"uv":[11.171875,5.671875,11.40625,5.90625],"rotation":0,"texture":"#1","tintindex":0},"south":{"uv":[10.375,1.46875,10.765625,1.703125],"rotation":0,"texture":"#1","tintindex":0},"north":{"uv":[10.34375,6.90625,10.734375,7.140625],"rotation":0,"texture":"#1","tintindex":0},"west":{"uv":[11.171875,8.125,11.40625,8.359375],"rotation":0,"texture":"#1","tintindex":0},"up":{"uv":[4.046875,10.609375,3.65625,10.375],"rotation":0,"texture":"#1","tintindex":0},"down":{"uv":[3.171875,10.390625,2.78125,10.625],"rotation":0,"texture":"#1","tintindex":0}}},{"from":[-6.867999,8.716369,-3.8410273],"to":[3.212,16.780369,4.222973],"rotation":{"angle":22.5,"axis":"y","origin":[8.0,13.252369,2.206973]},"faces":{"east":{"uv":[10.21875,7.25,10.53125,7.5625],"rotation":0,"texture":"#1","tintindex":0},"south":{"uv":[9.46875,8.796875,9.859375,9.109375],"rotation":0,"texture":"#1","tintindex":0},"north":{"uv":[9.46875,7.78125,9.859375,8.09375],"rotation":0,"texture":"#1","tintindex":0},"west":{"uv":[10.21875,7.5625,10.53125,7.875],"rotation":0,"texture":"#1","tintindex":0},"up":{"uv":[9.875,0.3125,9.484375,0.0],"rotation":0,"texture":"#1","tintindex":0},"down":{"uv":[9.875,0.3125,9.484375,0.625],"rotation":0,"texture":"#1","tintindex":0}}},{"from":[12.788,8.716369,-3.8410273],"to":[22.868,16.780369,4.222973],"rotation":{"angle":-22.5,"axis":"y","origin":[8.0,13.252369,2.206973]},"faces":{"east":{"uv":[10.21875,8.734375,10.53125,9.046875],"rotation":0,"texture":"#1","tintindex":0},"south":{"uv":[1.84375,9.5,2.234375,9.8125],"rotation":0,"texture":"#1","tintindex":0},"north":{"uv":[1.09375,9.5,1.484375,9.8125],"rotation":0,"texture":"#1","tintindex":0},"west":{"uv":[10.21875,9.046875,10.53125,9.359375],"rotation":0,"texture":"#1","tintindex":0},"up":{"uv":[9.890625,6.03125,9.5,5.71875],"rotation":0,"texture":"#1","tintindex":0},"down":{"uv":[9.890625,6.03125,9.5,6.34375],"rotation":0,"texture":"#1","tintindex":0}}},{"from":[-2.4000006,10.8,-3.6000004],"to":[18.400002,21.6,14.8],"rotation":{"angle":-22.5,"axis":"x","origin":[8.0,16.2,3.1999998]},"faces":{"east":{"uv":[2.21875,4.75,2.9375,5.171875],"rotation":0,"texture":"#1","tintindex":0},