{"textures":{"1":"modelengine:entity/xiddri_rock"},"elements":[{"from":[3.3142858,5.2524915,-13.019405],"to":[12.685715,13.206778,29.220592],"rotation":{"angle":0.0,"axis":"y","origin":[8.0,-46.381794,-68.05941]},"faces":{"east":{"uv":[5.84375,0.546875,7.0,0.765625],"rotation":0,"texture":"#1","tintindex":0},"south":{"uv":[11.203125,0.171875,11.453125,0.390625],"rotation":0,"texture":"#1","tintindex":0},"north":{"uv":[11.171875,0.8125,11.421875,1.03125],"rotation":0,"texture":"#1","tintindex":0},"west":{"uv":[6.0,4.59375,7.15625,4.8125],"rotation":0,"texture":"#1","tintindex":0},"up":{"uv":[0.921875,6.375,0.671875,5.21875],"rotation":0,"texture":"#1","tintindex":0},"down":{"uv":[5.140625,5.34375,4.890625,6.5],"rotation":0,"texture":"#1","tintindex":0}}},{"from":[1.7142854,2.8571424,-10.285715],"to":[14.285715,15.428572,32.0],"rotation":{"angle":0.0,"axis":"y","origin":[8.0,8.0,-12.57143]},"faces":{"east":{"uv":[2.59375,1.296875,3.75,1.640625],"rotation":0,"texture":"#1","tintindex":0},"south":{"uv":[9.71875,3.953125,10.0625,4.296875],"rotation":0,"texture":"#1","tintindex":0},"north":{"uv":[9.71875,2.828125,10.0625,3.171875],"rotation":0,"texture":"#1","tintindex":0},"west":{"uv":[2.59375,1.640625,3.75,1.984375],"rotation":0,"texture":"#1","tintindex":0},"up":{"uv":[2.9375,3.140625,2.59375,1.984375],"rotation":0,"texture":"#1","tintindex":0},"down":{"uv":[2.28125,2.6875,1.9375,3.84375],"rotation":0,"texture":"#1","tintindex":0}}},{"from":[0.28571415,7.428571,-10.285715],"to":[15.714286,20.0,4.0],"rotation":{"angle":-22.5,"axis":"x","origin":[7.714286,9.142858,-3.1428585]},"faces":{"east":{"uv":[9.140625,8.09375,9.53125,8.4375],"rotation":0,"texture":"#1","tintindex":0},"south":{"uv":[8.71875,8.328125,9.140625,8.671875],"rotation":0,"texture":"#1","tintindex":0},"north":{"uv":[1.5,8.71875,1.921875,9.0625],"rotation":0,"texture":"#1","tintindex":0},"west":{"uv":[0.703125,9.171875,1.09375,9.515625],"rotation":0,"texture":"#1","tintindex":0},"up":{"uv":[8.625,4.703125,8.203125,4.3125],"rotation":0,"texture":"#1","tintindex":0},"down":{"uv":[8.640625,5.328125,8.21875,5.71875],"rotation":0,"texture":"#1","tintindex":0}}}],"display":{"head":{"translation":[0.0,-6.4,82.28572],"scale":[4.0,4.0,4.0]}}}