{"textures":{"1":"modelengine:entity/xiddri_rock"},"elements":[{"from":[5.3028574,5.6182055,-9.636547],"to":[10.697143,11.012491,28.032028],"rotation":{"angle":0.0,"axis":"y","origin":[8.0,8.315349,9.197739]},"faces":{"east":{"uv":[8.53125,2.078125,9.5625,2.21875],"rotation":0,"texture":"#1","tintindex":0},"south":{"uv":[11.984375,11.546875,12.125,11.6875],"rotation":0,"texture":"#1","tintindex":0},"north":{"uv":[11.984375,11.40625,12.125,11.546875],"rotation":0,"texture":"#1","tintindex":0},"west":{"uv":[8.625,6.375,9.65625,6.515625],"rotation":0,"texture":"#1","tintindex":0},"up":{"uv":[0.34375,9.5625,0.203125,8.53125],"rotation":0,"texture":"#1","tintindex":0},"down":{"uv":[4.828125,8.53125,4.6875,9.5625],"rotation":0,"texture":"#1","tintindex":0}}},{"from":[4.5714283,3.0857139,-8.571428],"to":[11.428572,13.3714285,32.0],"rotation":{"angle":0.0,"axis":"y","origin":[8.0,7.0857143,-51.428574]},"faces":{"east":{"uv":[4.890625,4.640625,6.0,4.921875],"rotation":0,"texture":"#1","tintindex":0},"south":{"uv":[5.953125,11.328125,6.140625,11.609375],"rotation":0,"texture":"#1","tintindex":0},"north":{"uv":[1.15625,8.4375,1.34375,8.71875],"rotation":0,"texture":"#1","tintindex":0},"west":{"uv":[4.90625,1.421875,6.015625,1.703125],"rotation":0,"texture":"#1","tintindex":0},"up":{"uv":[0.765625,7.484375,0.578125,6.375],"rotation":0,"texture":"#1","tintindex":0},"down":{"uv":[7.0,6.71875,6.8125,7.828125],"rotation":0,"texture":"#1","tintindex":0}}},{"from":[1.1428566,6.2285714,-10.285715],"to":[14.857143,19.942858,2.2857141],"rotation":{"angle":-45.0,"axis":"x","origin":[8.571428,8.228572,-2.2857141]},"faces":{"east":{"uv":[3.828125,9.265625,4.171875,9.640625],"rotation":0,"texture":"#1","tintindex":0},"south":{"uv":[8.921875,4.59375,9.296875,4.96875],"rotation":0,"texture":"#1","tintindex":0},"north":{"uv":[3.09375,8.90625,3.46875,9.28125],"rotation":0,"texture":"#1","tintindex":0},"west":{"uv":[3.015625,9.28125,3.359375,9.65625],"rotation":0,"texture":"#1","tintindex":0},"up":{"uv":[9.671875,3.96875,9.296875,3.625],"rotation":0,"texture":"#1","tintindex":0},"down":{"uv":[9.671875,4.5,9.296875,4.84375],"rotation":0,"texture":"#1","tintindex":0}}}],"display":{"head":{"translation":[0.0,-6.4,70.03429],"scale":[4.0,4.0,4.0]}}}