{"textures":{"0":"modelengine:entity/toro_deep_creature"},"elements":[{"from":[-1.7142859,-6.000001,4.428571],"to":[17.714287,7.142857,13.571428],"rotation":{"angle":22.5,"axis":"x","origin":[6.857143,0.5714283,7.428571]},"faces":{"east":{"uv":[2.25,4.84375,2.75,5.5625],"rotation":0,"texture":"#0","tintindex":0},"south":{"uv":[0.0,2.59375,1.0625,3.3125],"rotation":0,"texture":"#0","tintindex":0},"north":{"uv":[2.5625,1.9375,3.625,2.65625],"rotation":0,"texture":"#0","tintindex":0},"west":{"uv":[2.75,4.84375,3.25,5.5625],"rotation":0,"texture":"#0","tintindex":0},"up":{"uv":[4.5,1.625,3.4375,1.125],"rotation":0,"texture":"#0","tintindex":0},"down":{"uv":[4.6875,1.625,3.625,2.125],"rotation":0,"texture":"#0","tintindex":0}}},{"from":[0.0,1.2857141,6.285714],"to":[16.0,8.142858,15.428572],"rotation":{"angle":-22.5,"axis":"x","origin":[6.857143,0.5714283,7.428571]},"faces":{"east":{"uv":[0.5625,3.3125,1.0625,3.6875],"rotation":0,"texture":"#0","tintindex":0},"south":{"uv":[4.875,0.0,5.75,0.375],"rotation":0,"texture":"#0","tintindex":0},"north":{"uv":[4.84375,3.125,5.71875,3.5],"rotation":0,"texture":"#0","tintindex":0},"west":{"uv":[6.5,5.8125,7.0,6.1875],"rotation":0,"texture":"#0","tintindex":0},"up":{"uv":[4.84375,3.59375,3.96875,3.09375],"rotation":0,"texture":"#0","tintindex":0},"down":{"uv":[4.875,0.0,4.0,0.5],"rotation":0,"texture":"#0","tintindex":0}}},{"from":[-1.1428576,0.28571415,2.5714283],"to":[17.142857,8.857143,11.714286],"rotation":{"angle":-22.5,"axis":"x","origin":[6.857143,0.5714283,7.428571]},"faces":{"east":{"uv":[2.5,5.9375,3.0,6.40625],"rotation":0,"texture":"#0","tintindex":0},"south":{"uv":[3.96875,2.625,4.96875,3.09375],"rotation":0,"texture":"#0","tintindex":0},"north":{"uv":[3.4375,3.78125,4.4375,4.25],"rotation":0,"texture":"#0","tintindex":0},"west":{"uv":[0.875,5.96875,1.375,6.4375],"rotation":0,"texture":"#0","tintindex":0},"up":{"uv":[4.625,2.625,3.625,2.125],"rotation":0,"texture":"#0","tintindex":0},"down":{"uv":[3.4375,3.78125,2.4375,4.28125],"rotation":0,"texture":"#0","tintindex":0}}},{"from":[-1.7142859,3.3818474,-4.606538],"to":[1.1428566,6.23899,4.5363207],"rotation":{"angle":-22.5,"axis":"y","origin":[-0.2857151,4.8104186,-1.7493944]},"faces":{"east":{"uv":[7.8125,5.78125,8.3125,5.9375],"rotation":0,"texture":"#0","tintindex":0},"south":{"uv":[8.71875,5.65625,8.875,5.8125],"rotation":0,"texture":"#0","tintindex":0},"north":{"uv":[6.5,3.75,6.65625,3.90625],"rotation":0,"texture":"#0","tintindex":0},"west":{"uv":[7.96875,2.6875,8.46875,2.84375],"rotation":0,"texture":"#0","tintindex":0},"up":{"uv":[7.0625,8.375,6.90625,7.875],"rotation":0,"texture":"#0","tintindex":0},"down":{"uv":[2.5625,7.96875,2.40625,8.46875],"rotation":0,"texture":"#0","tintindex":0}}},{"from":[-1.1428576,-0.6181526,-3.4636803],"to":[1.7142854,2.2389898,5.6791773],"rotation":{"angle":-22.5,"axis":"y","origin":[-0.2857151,4.8104186,-1.7493944]},"faces":{"east":{"uv":[7.96875,6.875,8.46875,7.03125],"rotation":0,"texture":"#0","tintindex":0},"south":{"uv":[8.75,1.1875,8.90625,1.34375],"rotation":0,"texture":"#0","tintindex":0},"north":{"uv":[8.71875,6.5,8.875,6.65625],"rotation":0,"texture":"#0","tintindex":0},"west":{"uv":[8.0,0.0,8.5,0.15625],"rotation":0,"texture":"#0","tintindex":0},"up":{"uv":[4.40625,8.46875,4.25,7.96875],"rotation":0,"texture":"#0","tintindex":0},"down":{"uv":[0.9375,8.0,0.78125,8.5],"rotation":0,"texture":"#0","tintindex":0}}},{"from":[14.285715,-0.6181526,-3.4636803],"to":[17.142857,2.2389898,5.6791773],"rotation":{"angle":22.5,"axis":"y","origin":[16.285715,4.8104186,-1.7493944]},"faces":{"east":{"uv":[8.0,0.15625,8.5,0.3125],"rotation":0,"texture":"#0","tintindex":0},"south":{"uv":[4.375,8.75,4.53125,8.90625],"rotation":0,"texture":"#0","tintindex":0},"north":{"uv":[8.75,2.375,8.90625,2.53125],"rotation":0,"texture":"#0","tintindex":0},"west":{"uv":[8.0,1.625,8.5,1.78125],"rotation":0,"texture":"#0","tintindex":0},"up":{"uv":[1.09375,8.5,0.9375,8.0],"rotation":0,"texture":"#0","tintindex":0},"down":{"uv":[2.0625,8.0,1.90625,8.5],"rotation":0,"texture":"#0","tintindex":0}}},{"from":[-1.7988863,-5.761011,3.1201138],"to":[1.0582566,-2.9038677,7.8343997],"rotation":{"angle":-45.0,"axis":"x","origin":[-0.94174385,-4.3324394,3.262971]},"faces":{"east":{"uv":[6.25,1.5625,6.5,1.71875],"rotation":0,"texture":"#0","tintindex":0},"south":{"uv":[7.125,8.75,7.28125,8.90625],"rotation":0,"texture":"#0","tintindex":0},"north":{"uv":[8.75,5.8125,8.90625,5.96875],"rotation":0,"texture":"#0","tintindex":0},"west":{"uv":[6.25,3.75,6.5,3.90625],"rotation":0,"texture":"#0","tintindex":0},"up":{"uv":[5.875,3.5,5.71875,3.25],"rotation":0,"texture":"#0","tintindex":0},"down":{"uv":[2.34375,8.53125,2.1875,8.78125],"rotation":0,"texture":"#0","tintindex":0}}},{"from":[-1.0846004,-5.3324394,-0.7370291],"to":[1.7725425,-2.475296,3.9772568],"rotation":{"angle":-45.0,"axis":"y","origin":[-0.94174385,-4.3324394,3.262971]},"faces":{"east":{"uv":[8.5,1.78125,8.75,1.9375],"rotation":0,"texture":"#0","tintindex":0},"south":{"uv":[8.0625,8.75,8.21875,8.90625],"rotation":0,"texture":"#0","tintindex":0},"north":{"uv":[8.75,7.375,8.90625,7.53125],"rotation":0,"texture":"#0","tintindex":0},"west":{"uv":[8.5,2.40625,8.75,2.5625],"rotation":0,"texture":"#0","tintindex":0},"up":{"uv":[2.71875,8.78125,2.5625,8.53125],"rotation":0,"texture":"#0","tintindex":0},"down":{"uv":[8.6875,3.0625,8.53125,3.3125],"rotation":0,"texture":"#0","tintindex":0}}},{"from":[14.857143,3.3818474,-4.606538],"to":[17.714287,6.23899,4.5363207],"rotation":{"angle":22.5,"axis":"y","origin":[16.285715,4.8104186,-1.7493944]},"faces":{"east":{"uv":[8.0,1.78125,8.5,1.9375],"rotation":0,"texture":"#0","tintindex":0},"south":{"uv":[8.78125,1.34375,8.9375,1.5],"rotation":0,"texture":"#0","tintindex":0},"north":{"uv":[8.78125,0.53125,8.9375,0.6875],"rotation":0,"texture":"#0","tintindex":0},"west":{"uv":[8.0,4.90625,8.5,5.0625],"rotation":0,"texture":"#0","tintindex":0},"up":{"uv":[2.21875,8.5,2.0625,8.0],"rotation":0,"texture":"#0","tintindex":0},"down":{"uv":[5.59375,8.0,5.4375,8.5],"rotation":0,"texture":"#0","tintindex":0}}},{"from":[14.941744,-5.761011,3.1201138],"to":[17.798885,-2.9038677,7.8343997],"rotation":{"angle":-45.0,"axis":"x","origin":[16.941744,-4.3324394,3.262971]},"faces":{"east":{"uv":[8.53125,3.3125,8.78125,3.46875],"rotation":0,"texture":"#0","tintindex":0},"south":{"uv":[2.5625,8.78125,2.71875,8.9375],"rotation":0,"texture":"#0","tintindex":0},"north":{"uv":[2.15625,8.78125,2.3125,8.9375],"rotation":0,"texture":"#0","tintindex":0},"west":{"uv":[8.53125,3.46875,8.78125,3.625],"rotation":0,"texture":"#0","tintindex":0},"up":{"uv":[8.6875,3.875,8.53125,3.625],"rotation":0,"texture":"#0","tintindex":0},"down":{"uv":[8.6875,4.28125,8.53125,4.53125],"rotation":0,"texture":"#0","tintindex":0}}},{"from":[14.227457,-5.3324394,-0.7370291],"to":[17.0846,-2.475296,3.9772568],"rotation":{"angle":45.0,"axis":"y","origin":[16.941744,-4.3324394,3.262971]},"faces":{"east":{"uv":[8.53125,4.53125,8.78125,4.6875],"rotation":0,"texture":"#0","tintindex":0},"south":{"uv":[8.78125,3.46875,8.9375,3.625],"rotation":0,"texture":"#0","tintindex":0},"north":{"uv":[8.78125,3.3125,8.9375,3.46875],"rotation":0,"texture":"#0","tintindex":0},"west":{"uv":[8.53125,4.6875,8.78125,4.84375],"rotation":0,"texture":"#0","tintindex":0},"up":{"uv":[8.6875,6.40625,8.53125,6.15625],"rotation":0,"texture":"#0","tintindex":0},"down":{"uv":[6.71875,8.53125,6.5625,8.78125],"rotation":0,"texture":"#0","tintindex":0}}}],"display":{"head":{"translation":[0.0,-6.4,0.0],"scale":[4.0,4.0,4.0]}}}