{"textures":{"0":"modelengine:entity/toro_deep_creature"},"elements":[{"from":[-6.285715,1.7578096,-4.8571434],"to":[22.285715,13.186382,7.142857],"rotation":{"angle":-22.5,"axis":"x","origin":[8.0,12.043524,-12.285715]},"faces":{"east":{"uv":[4.0,0.5,4.65625,1.125],"rotation":0,"texture":"#0","tintindex":0},"south":{"uv":[1.5625,0.0,3.125,0.625],"rotation":0,"texture":"#0","tintindex":0},"north":{"uv":[0.0,1.3125,1.5625,1.9375],"rotation":0,"texture":"#0","tintindex":0},"west":{"uv":[0.5625,4.28125,1.21875,4.90625],"rotation":0,"texture":"#0","tintindex":0},"up":{"uv":[1.5625,0.65625,0.0,0.0],"rotation":0,"texture":"#0","tintindex":0},"down":{"uv":[1.5625,0.65625,0.0,1.3125],"rotation":0,"texture":"#0","tintindex":0}}},{"from":[-4.000001,9.85714,5.2052393],"to":[4.0,22.42857,12.062383],"rotation":{"angle":22.5,"axis":"x","origin":[8.0,15.571426,13.776669]},"faces":{"east":{"uv":[5.6875,0.375,6.0625,1.0625],"rotation":0,"texture":"#0","tintindex":0},"south":{"uv":[3.8125,5.46875,4.25,6.15625],"rotation":0,"texture":"#0","tintindex":0},"north":{"uv":[5.40625,1.75,5.84375,2.4375],"rotation":0,"texture":"#0","tintindex":0},"west":{"uv":[5.09375,5.71875,5.46875,6.40625],"rotation":0,"texture":"#0","tintindex":0},"up":{"uv":[7.125,3.65625,6.6875,3.28125],"rotation":0,"texture":"#0","tintindex":0},"down":{"uv":[7.15625,1.5625,6.71875,1.9375],"rotation":0,"texture":"#0","tintindex":0}}},{"from":[-0.8571434,23.999998,7.9195256],"to":[5.428571,32.0,13.633812],"rotation":{"angle":22.5,"axis":"z","origin":[8.0,15.571426,13.776669]},"faces":{"east":{"uv":[7.0,2.375,7.3125,2.8125],"rotation":0,"texture":"#0","tintindex":0},"south":{"uv":[6.96875,6.1875,7.3125,6.625],"rotation":0,"texture":"#0","tintindex":0},"north":{"uv":[4.875,6.96875,5.21875,7.40625],"rotation":0,"texture":"#0","tintindex":0},"west":{"uv":[4.25,7.0,4.5625,7.4375],"rotation":0,"texture":"#0","tintindex":0},"up":{"uv":[7.8125,5.9375,7.46875,5.625],"rotation":0,"texture":"#0","tintindex":0},"down":{"uv":[7.6875,7.5625,7.34375,7.875],"rotation":0,"texture":"#0","tintindex":0}}},{"from":[10.571428,23.999998,7.9195256],"to":[16.857143,32.0,13.633812],"rotation":{"angle":-22.5,"axis":"z","origin":[8.0,15.571426,13.776669]},"faces":{"east":{"uv":[7.03125,0.0,7.34375,0.4375],"rotation":0,"texture":"#0","tintindex":0},"south":{"uv":[1.15625,7.0,1.5,7.4375],"rotation":0,"texture":"#0","tintindex":0},"north":{"uv":[0.8125,7.0,1.15625,7.4375],"rotation":0,"texture":"#0","tintindex":0},"west":{"uv":[7.03125,4.6875,7.34375,5.125],"rotation":0,"texture":"#0","tintindex":0},"up":{"uv":[3.25,7.90625,2.90625,7.59375],"rotation":0,"texture":"#0","tintindex":0},"down":{"uv":[4.21875,7.59375,3.875,7.90625],"rotation":0,"texture":"#0","tintindex":0}}},{"from":[12.0,9.85714,5.2052393],"to":[20.0,22.42857,12.062383],"rotation":{"angle":22.5,"axis":"x","origin":[8.0,15.571426,13.776669]},"faces":{"east":{"uv":[5.46875,5.8125,5.84375,6.5],"rotation":0,"texture":"#0","tintindex":0},"south":{"uv":[0.4375,5.5,0.875,6.1875],"rotation":0,"texture":"#0","tintindex":0},"north":{"uv":[0.0,5.5,0.4375,6.1875],"rotation":0,"texture":"#0","tintindex":0},"west":{"uv":[5.84375,1.75,6.21875,2.4375],"rotation":0,"texture":"#0","tintindex":0},"up":{"uv":[7.09375,7.25,6.65625,6.875],"rotation":0,"texture":"#0","tintindex":0},"down":{"uv":[2.09375,6.90625,1.65625,7.28125],"rotation":0,"texture":"#0","tintindex":0}}},{"from":[-3.7142859,0.07113123,0.024926662],"to":[19.714287,12.071133,12.024927],"rotation":{"angle":0.0,"axis":"y","origin":[8.285714,2.9282742,6.0249267]},"faces":{"east":{"uv":[3.4375,4.25,4.09375,4.90625],"rotation":0,"texture":"#0","tintindex":0},"south":{"uv":[1.5625,1.28125,2.84375,1.9375],"rotation":0,"texture":"#0","tintindex":0},"north":{"uv":[1.5625,0.625,2.84375,1.28125],"rotation":0,"texture":"#0","tintindex":0},"west":{"uv":[4.09375,4.25,4.75,4.90625],"rotation":0,"texture":"#0","tintindex":0},"up":{"uv":[1.28125,2.59375,0.0,1.9375],"rotation":0,"texture":"#0","tintindex":0},"down":{"uv":[2.5625,1.9375,1.28125,2.59375],"rotation":0,"texture":"#0","tintindex":0}}},{"from":[-2.285715,-0.5279045,-3.7142859],"to":[1.7142854,10.900667,0.28571415],"rotation":{"angle":0.0,"axis":"y","origin":[8.0,12.043524,-12.285715]},"faces":{"east":{"uv":[0.3125,7.0625,0.53125,7.6875],"rotation":0,"texture":"#0","tintindex":0},"south":{"uv":[0.53125,7.0625,0.75,7.6875],"rotation":0,"texture":"#0","tintindex":0},"north":{"uv":[3.28125,7.0,3.5,7.625],"rotation":0,"texture":"#0","tintindex":0},"west":{"uv":[7.09375,6.625,7.3125,7.25],"rotation":0,"texture":"#0","tintindex":0},"up":{"uv":[8.59375,6.15625,8.375,5.9375],"rotation":0,"texture":"#0","tintindex":0},"down":{"uv":[8.625,2.84375,8.40625,3.0625],"rotation":0,"texture":"#0","tintindex":0}}},{"from":[14.285715,-0.5279045,-3.7142859],"to":[18.285715,10.900667,0.28571415],"rotation":{"angle":0.0,"axis":"y","origin":[8.0,12.043524,-12.285715]},"faces":{"east":{"uv":[7.15625,3.28125,7.375,3.90625],"rotation":0,"texture":"#0","tintindex":0},"south":{"uv":[7.1875,0.4375,7.40625,1.0625],"rotation":0,"texture":"#0","tintindex":0},"north":{"uv":[7.15625,1.5625,7.375,2.1875],"rotation":0,"texture":"#0","tintindex":0},"west":{"uv":[5.8125,7.1875,6.03125,7.8125],"rotation":0,"texture":"#0","tintindex":0},"up":{"uv":[8.0625,8.625,7.84375,8.40625],"rotation":0,"texture":"#0","tintindex":0},"down":{"uv":[8.65625,0.3125,8.4375,0.53125],"rotation":0,"texture":"#0","tintindex":0}}},{"from":[6.0,-0.9680004,-3.5317268],"to":[10.0,10.460571,0.46827316],"rotation":{"angle":22.5,"axis":"x","origin":[8.0,4.7462854,-1.5317268]},"faces":{"east":{"uv":[7.25,5.125,7.46875,5.75],"rotation":0,"texture":"#0","tintindex":0},"south":{"uv":[6.65625,7.25,6.875,7.875],"rotation":0,"texture":"#0","tintindex":0},"north":{"uv":[7.25,3.90625,7.46875,4.53125],"rotation":0,"texture":"#0","tintindex":0},"west":{"uv":[6.875,7.25,7.09375,7.875],"rotation":0,"texture":"#0","tintindex":0},"up":{"uv":[8.65625,2.15625,8.4375,1.9375],"rotation":0,"texture":"#0","tintindex":0},"down":{"uv":[5.9375,8.4375,5.71875,8.65625],"rotation":0,"texture":"#0","tintindex":0}}}],"display":{"head":{"translation":[0.0,55.14019,0.0],"scale":[4.0,4.0,4.0]}}}