{"textures":{"0":"modelengine:entity/toro_deep_creature"},"elements":[{"from":[-0.57142925,8.0,5.142857],"to":[16.57143,12.0,15.428572],"rotation":{"angle":0.0,"axis":"y","origin":[8.571428,-17.142859,8.0]},"faces":{"east":{"uv":[7.46875,4.0625,8.03125,4.28125],"rotation":0,"texture":"#0","tintindex":0},"south":{"uv":[6.25,1.34375,7.1875,1.5625],"rotation":0,"texture":"#0","tintindex":0},"north":{"uv":[6.21875,2.15625,7.15625,2.375],"rotation":0,"texture":"#0","tintindex":0},"west":{"uv":[7.46875,4.28125,8.03125,4.5],"rotation":0,"texture":"#0","tintindex":0},"up":{"uv":[1.5,4.28125,0.5625,3.71875],"rotation":0,"texture":"#0","tintindex":0},"down":{"uv":[2.4375,3.78125,1.5,4.34375],"rotation":0,"texture":"#0","tintindex":0}}},{"from":[2.5714283,4.0,5.142857],"to":[13.428572,12.571428,15.428572],"rotation":{"angle":-22.5,"axis":"x","origin":[8.285714,6.0,10.285714]},"faces":{"east":{"uv":[3.25,5.5,3.8125,5.96875],"rotation":0,"texture":"#0","tintindex":0},"south":{"uv":[5.5625,2.4375,6.15625,2.90625],"rotation":0,"texture":"#0","tintindex":0},"north":{"uv":[0.875,5.5,1.46875,5.96875],"rotation":0,"texture":"#0","tintindex":0},"west":{"uv":[5.59375,3.9375,6.15625,4.40625],"rotation":0,"texture":"#0","tintindex":0},"up":{"uv":[4.40625,5.46875,3.8125,4.90625],"rotation":0,"texture":"#0","tintindex":0},"down":{"uv":[5.5625,2.5625,4.96875,3.125],"rotation":0,"texture":"#0","tintindex":0}}}],"display":{"head":{"translation":[0.0,-6.4,0.0],"scale":[4.0,4.0,4.0]}}}