{"textures":{"0":"modelengine:entity/toro_deep_creature"},"elements":[{"from":[-0.57142925,1.7142854,-1.1428576],"to":[1.7142854,9.714286,8.0],"rotation":{"angle":0.0,"axis":"y","origin":[7.714286,7.142857,8.285714]},"faces":{"east":{"uv":[6.15625,3.90625,6.65625,4.34375],"rotation":0,"texture":"#0","tintindex":0},"south":{"uv":[1.28125,8.25,1.40625,8.6875],"rotation":0,"texture":"#0","tintindex":0},"north":{"uv":[0.125,8.1875,0.25,8.625],"rotation":0,"texture":"#0","tintindex":0},"west":{"uv":[0.34375,6.1875,0.84375,6.625],"rotation":0,"texture":"#0","tintindex":0},"up":{"uv":[5.40625,1.5625,5.28125,1.0625],"rotation":0,"texture":"#0","tintindex":0},"down":{"uv":[1.53125,8.0625,1.40625,8.5625],"rotation":0,"texture":"#0","tintindex":0}}},{"from":[13.714286,1.7142854,-1.1428576],"to":[16.0,9.714286,8.0],"rotation":{"angle":0.0,"axis":"y","origin":[7.714286,7.142857,8.285714]},"faces":{"east":{"uv":[5.84375,6.1875,6.34375,6.625],"rotation":0,"texture":"#0","tintindex":0},"south":{"uv":[7.46875,8.25,7.59375,8.6875],"rotation":0,"texture":"#0","tintindex":0},"north":{"uv":[7.34375,8.25,7.46875,8.6875],"rotation":0,"texture":"#0","tintindex":0},"west":{"uv":[6.21875,1.71875,6.71875,2.15625],"rotation":0,"texture":"#0","tintindex":0},"up":{"uv":[1.65625,8.5625,1.53125,8.0625],"rotation":0,"texture":"#0","tintindex":0},"down":{"uv":[1.78125,8.0625,1.65625,8.5625],"rotation":0,"texture":"#0","tintindex":0}}},{"from":[1.7142854,1.7142854,-1.7142859],"to":[13.714286,4.0,8.571428],"rotation":{"angle":0.0,"axis":"y","origin":[7.714286,7.142857,8.285714]},"faces":{"east":{"uv":[7.84375,8.0,8.40625,8.125],"rotation":0,"texture":"#0","tintindex":0},"south":{"uv":[7.75,3.625,8.40625,3.75],"rotation":0,"texture":"#0","tintindex":0},"north":{"uv":[7.6875,4.78125,8.34375,4.90625],"rotation":0,"texture":"#0","tintindex":0},"west":{"uv":[8.03125,1.03125,8.59375,1.15625],"rotation":0,"texture":"#0","tintindex":0},"up":{"uv":[3.09375,4.84375,2.4375,4.28125],"rotation":0,"texture":"#0","tintindex":0},"down":{"uv":[1.875,4.34375,1.21875,4.90625],"rotation":0,"texture":"#0","tintindex":0}}},{"from":[1.7142854,1.7142854,-2.1142864],"to":[13.714286,8.571428,-0.40000057],"rotation":{"angle":0.0,"axis":"y","origin":[7.714286,7.142857,8.285714]},"faces":{"east":{"uv":[1.375,5.96875,1.46875,6.34375],"rotation":0,"texture":"#0","tintindex":0},"south":{"uv":[5.84375,5.8125,6.5,6.1875],"rotation":0,"texture":"#0","tintindex":0},"north":{"uv":[5.75,0.0,6.40625,0.375],"rotation":0,"texture":"#0","tintindex":0},"west":{"uv":[1.40625,7.4375,1.5,7.8125],"rotation":0,"texture":"#0","tintindex":0},"up":{"uv":[8.625,7.125,7.96875,7.03125],"rotation":0,"texture":"#0","tintindex":0},"down":{"uv":[8.71875,0.90625,8.0625,1.0],"rotation":0,"texture":"#0","tintindex":0}}},{"from":[9.142858,8.571428,-2.1142864],"to":[11.428572,9.142858,-0.40000057],"rotation":{"angle":0.0,"axis":"y","origin":[7.714286,7.142857,8.285714]},"faces":{"east":{"uv":[0.9375,3.6875,1.03125,3.71875],"rotation":0,"texture":"#0","tintindex":0},"south":{"uv":[0.5625,3.6875,0.6875,3.71875],"rotation":0,"texture":"#0","tintindex":0},"north":{"uv":[3.625,2.625,3.75,2.65625],"rotation":0,"texture":"#0","tintindex":0},"west":{"uv":[3.75,2.625,3.84375,2.65625],"rotation":0,"texture":"#0","tintindex":0},"up":{"uv":[5.46875,6.5,5.34375,6.40625],"rotation":0,"texture":"#0","tintindex":0},"down":{"uv":[1.34375,6.4375,1.21875,6.53125],"rotation":0,"texture":"#0","tintindex":0}}},{"from":[4.0,8.571428,-2.1142864],"to":[6.285714,9.142858,-0.40000057],"rotation":{"angle":0.0,"axis":"y","origin":[7.714286,7.142857,8.285714]},"faces":{"east":{"uv":[3.84375,2.625,3.9375,2.65625],"rotation":0,"texture":"#0","tintindex":0},"south":{"uv":[0.8125,3.6875,0.9375,3.71875],"rotation":0,"texture":"#0","tintindex":0},"north":{"uv":[0.6875,3.6875,0.8125,3.71875],"rotation":0,"texture":"#0","tintindex":0},"west":{"uv":[4.5,1.59375,4.59375,1.625],"rotation":0,"texture":"#0","tintindex":0},"up":{"uv":[6.8125,3.75,6.6875,3.65625],"rotation":0,"texture":"#0","tintindex":0},"down":{"uv":[6.9375,3.65625,6.8125,3.75],"rotation":0,"texture":"#0","tintindex":0}}},{"from":[1.7142854,4.0,7.428571],"to":[13.714286,12.0,10.857143],"rotation":{"angle":0.0,"axis":"y","origin":[7.714286,7.142857,8.285714]},"faces":{"east":{"uv":[2.25,4.34375,2.4375,4.78125],"rotation":0,"texture":"#0","tintindex":0},"south":{"uv":[1.84375,5.5625,2.5,6.0],"rotation":0,"texture":"#0","tintindex":0},"north":{"uv":[5.21875,3.5,5.875,3.9375],"rotation":0,"texture":"#0","tintindex":0},"west":{"uv":[0.375,4.4375,0.5625,4.875],"rotation":0,"texture":"#0","tintindex":0},"up":{"uv":[3.5,1.9375,2.84375,1.75],"rotation":0,"texture":"#0","tintindex":0},"down":{"uv":[8.0,4.90625,7.34375,5.09375],"rotation":0,"texture":"#0","tintindex":0}}}],"display":{"head":{"translation":[0.0,-6.4,0.0],"scale":[4.0,4.0,4.0]}}}