{"textures":{"0":"modelengine:entity/toro_deep_creature"},"elements":[{"from":[2.5093818,1.8571424,6.223667],"to":[9.366525,5.8571424,10.223667],"rotation":{"angle":45.0,"axis":"z","origin":[3.4203887,6.175932,8.223667]},"faces":{"east":{"uv":[8.46875,6.8125,8.6875,7.03125],"rotation":0,"texture":"#0","tintindex":0},"south":{"uv":[2.875,7.90625,3.25,8.125],"rotation":0,"texture":"#0","tintindex":0},"north":{"uv":[6.71875,1.9375,7.09375,2.15625],"rotation":0,"texture":"#0","tintindex":0},"west":{"uv":[6.96875,8.46875,7.1875,8.6875],"rotation":0,"texture":"#0","tintindex":0},"up":{"uv":[8.28125,3.96875,7.90625,3.75],"rotation":0,"texture":"#0","tintindex":0},"down":{"uv":[4.25,7.90625,3.875,8.125],"rotation":0,"texture":"#0","tintindex":0}}},{"from":[3.1987247,0.095564365,6.795096],"to":[6.6272964,5.2384214,9.652239],"rotation":{"angle":0.0,"axis":"y","origin":[3.4203887,1.0330749,8.223667]},"faces":{"east":{"uv":[1.5,7.0,1.65625,7.28125],"rotation":0,"texture":"#0","tintindex":0},"south":{"uv":[0.4375,8.34375,0.625,8.625],"rotation":0,"texture":"#0","tintindex":0},"north":{"uv":[8.3125,7.71875,8.5,8.0],"rotation":0,"texture":"#0","tintindex":0},"west":{"uv":[6.28125,8.40625,6.4375,8.6875],"rotation":0,"texture":"#0","tintindex":0},"up":{"uv":[7.375,3.25,7.1875,3.09375],"rotation":0,"texture":"#0","tintindex":0},"down":{"uv":[8.34375,6.21875,8.15625,6.375],"rotation":0,"texture":"#0","tintindex":0}}},{"from":[3.1875558,-4.8795404,7.0808105],"to":[6.330413,0.40617466,9.366525],"rotation":{"angle":22.5,"axis":"z","origin":[3.4203887,1.0330749,8.223667]},"faces":{"east":{"uv":[8.625,2.78125,8.75,3.0625],"rotation":0,"texture":"#0","tintindex":0},"south":{"uv":[8.34375,3.34375,8.53125,3.625],"rotation":0,"texture":"#0","tintindex":0},"north":{"uv":[8.34375,3.0625,8.53125,3.34375],"rotation":0,"texture":"#0","tintindex":0},"west":{"uv":[3.5,8.625,3.625,8.90625],"rotation":0,"texture":"#0","tintindex":0},"up":{"uv":[3.3125,0.625,3.125,0.5],"rotation":0,"texture":"#0","tintindex":0},"down":{"uv":[5.0625,0.375,4.875,0.5],"rotation":0,"texture":"#0","tintindex":0}}}],"display":{"head":{"translation":[0.0,-6.4,0.0],"scale":[4.0,4.0,4.0]}}}