{"textures":{"0":"modelengine:entity/toro_deep_creature"},"elements":[{"from":[3.4285712,2.2857141,3.142857],"to":[11.428572,10.857143,12.285715],"rotation":{"angle":22.5,"axis":"z","origin":[5.142857,7.714286,6.285714]},"faces":{"east":{"uv":[3.0,5.96875,3.5,6.4375],"rotation":0,"texture":"#0","tintindex":0},"south":{"uv":[2.71875,6.4375,3.15625,6.90625],"rotation":0,"texture":"#0","tintindex":0},"north":{"uv":[6.34375,5.34375,6.78125,5.8125],"rotation":0,"texture":"#0","tintindex":0},"west":{"uv":[1.84375,6.0,2.34375,6.46875],"rotation":0,"texture":"#0","tintindex":0},"up":{"uv":[6.6875,1.34375,6.25,0.84375],"rotation":0,"texture":"#0","tintindex":0},"down":{"uv":[6.6875,3.25,6.25,3.75],"rotation":0,"texture":"#0","tintindex":0}}},{"from":[6.443755,-11.956913,3.7142854],"to":[8.729469,-7.385483,6.5714283],"rotation":{"angle":0.0,"axis":"y","origin":[0.3008976,4.4716606,7.714286]},"faces":{"east":{"uv":[8.53125,7.125,8.6875,7.375],"rotation":0,"texture":"#0","tintindex":0},"south":{"uv":[6.03125,7.1875,6.15625,7.4375],"rotation":0,"texture":"#0","tintindex":0},"north":{"uv":[6.96875,6.625,7.09375,6.875],"rotation":0,"texture":"#0","tintindex":0},"west":{"uv":[8.3125,8.53125,8.46875,8.78125],"rotation":0,"texture":"#0","tintindex":0},"up":{"uv":[3.03125,7.5625,2.90625,7.40625],"rotation":0,"texture":"#0","tintindex":0},"down":{"uv":[9.0,0.21875,8.875,0.375],"rotation":0,"texture":"#0","tintindex":0}}},{"from":[3.0151834,-11.956913,3.7142854],"to":[4.7294693,-9.099768,5.428571],"rotation":{"angle":0.0,"axis":"y","origin":[0.3008976,4.4716606,7.714286]},"faces":{"east":{"uv":[8.875,6.5,8.96875,6.65625],"rotation":0,"texture":"#0","tintindex":0},"south":{"uv":[8.875,6.65625,8.96875,6.8125],"rotation":0,"texture":"#0","tintindex":0},"north":{"uv":[8.875,6.34375,8.96875,6.5],"rotation":0,"texture":"#0","tintindex":0},"west":{"uv":[6.8125,8.875,6.90625,9.03125],"rotation":0,"texture":"#0","tintindex":0},"up":{"uv":[7.5625,2.1875,7.46875,2.09375],"rotation":0,"texture":"#0","tintindex":0},"down":{"uv":[3.96875,7.5,3.875,7.59375],"rotation":0,"texture":"#0","tintindex":0}}},{"from":[3.5866122,-6.242625,3.7142854],"to":[9.872327,4.0430894,10.571428],"rotation":{"angle":0.0,"axis":"y","origin":[0.3008976,4.4716606,7.714286]},"faces":{"east":{"uv":[1.21875,6.4375,0.84375,7.0],"rotation":0,"texture":"#0","tintindex":0},"south":{"uv":[7.0,2.375,6.65625,2.9375],"rotation":0,"texture":"#0","tintindex":0},"north":{"uv":[6.15625,6.625,5.8125,7.1875],"rotation":0,"texture":"#0","tintindex":0},"west":{"uv":[5.34375,6.40625,4.96875,6.96875],"rotation":0,"texture":"#0","tintindex":0},"up":{"uv":[7.375,1.71875,7.71875,1.34375],"rotation":0,"texture":"#0","tintindex":0},"down":{"uv":[7.375,1.71875,7.71875,2.09375],"rotation":0,"texture":"#0","tintindex":0}}},{"from":[1.8723264,-11.385483,4.285714],"to":[8.158041,6.3288035,11.142858],"rotation":{"angle":0.0,"axis":"y","origin":[0.3008976,4.4716606,7.714286]},"faces":{"east":{"uv":[5.125,4.0625,4.75,5.03125],"rotation":0,"texture":"#0","tintindex":0},"south":{"uv":[5.40625,1.59375,5.0625,2.5625],"rotation":0,"texture":"#0","tintindex":0},"north":{"uv":[5.09375,5.03125,4.75,6.0],"rotation":0,"texture":"#0","tintindex":0},"west":{"uv":[5.0625,1.59375,4.6875,2.5625],"rotation":0,"texture":"#0","tintindex":0},"up":{"uv":[7.34375,4.90625,7.6875,4.53125],"rotation":0,"texture":"#0","tintindex":0},"down":{"uv":[7.34375,7.1875,7.6875,7.5625],"rotation":0,"texture":"#0","tintindex":0}}},{"from":[1.3008976,-11.956913,6.0],"to":[3.0151834,-7.385483,7.714286],"rotation":{"angle":0.0,"axis":"y","origin":[0.3008976,4.4716606,7.714286]},"faces":{"east":{"uv":[8.8125,2.96875,8.90625,3.21875],"rotation":0,"texture":"#0","tintindex":0},"south":{"uv":[3.21875,8.8125,3.3125,9.0625],"rotation":0,"texture":"#0","tintindex":0},"north":{"uv":[8.8125,1.90625,8.90625,2.15625],"rotation":0,"texture":"#0","tintindex":0},"west":{"uv":[8.8125,3.625,8.90625,3.875],"rotation":0,"texture":"#0","tintindex":0},"up":{"uv":[7.65625,2.1875,7.5625,2.09375],"rotation":0,"texture":"#0","tintindex":0},"down":{"uv":[7.75,2.09375,7.65625,2.1875],"rotation":0,"texture":"#0","tintindex":0}}},{"from":[1.3008976,-11.956913,9.428572],"to":[3.5866122,-4.5283394,11.714286],"rotation":{"angle":0.0,"axis":"y","origin":[0.3008976,4.4716606,7.714286]},"faces":{"east":{"uv":[5.125,8.3125,5.25,8.71875],"rotation":0,"texture":"#0","tintindex":0},"south":{"uv":[6.15625,8.3125,6.28125,8.71875],"rotation":0,"texture":"#0","tintindex":0},"north":{"uv":[4.96875,6.0,5.09375,6.40625],"rotation":0,"texture":"#0","tintindex":0},"west":{"uv":[0.625,8.34375,0.75,8.75],"rotation":0,"texture":"#0","tintindex":0},"up":{"uv":[3.4375,0.625,3.3125,0.5],"rotation":0,"texture":"#0","tintindex":0},"down":{"uv":[5.1875,0.375,5.0625,0.5],"rotation":0,"texture":"#0","tintindex":0}}},{"from":[6.443755,-11.956913,9.428572],"to":[8.729469,-7.956911,11.714286],"rotation":{"angle":0.0,"axis":"y","origin":[0.3008976,4.4716606,7.714286]},"faces":{"east":{"uv":[1.78125,8.71875,1.90625,8.9375],"rotation":0,"texture":"#0","tintindex":0},"south":{"uv":[2.78125,8.71875,2.90625,8.9375],"rotation":0,"texture":"#0","tintindex":0},"north":{"uv":[7.6875,8.6875,7.8125,8.90625],"rotation":0,"texture":"#0","tintindex":0},"west":{"uv":[2.90625,8.71875,3.03125,8.9375],"rotation":0,"texture":"#0","tintindex":0},"up":{"uv":[5.53125,2.5625,5.40625,2.4375],"rotation":0,"texture":"#0","tintindex":0},"down":{"uv":[4.75,5.875,4.625,6.0],"rotation":0,"texture":"#0","tintindex":0}}},{"from":[3.4437551,-1.671196,6.0],"to":[8.015183,9.185946,9.428572],"rotation":{"angle":45.0,"axis":"z","origin":[-0.1276741,2.3288035,7.714286]},"faces":{"east":{"uv":[6.46875,7.4375,6.65625,8.03125],"rotation":0,"texture":"#0","tintindex":0},"south":{"uv":[3.03125,7.0,3.28125,7.59375],"rotation":0,"texture":"#0","tintindex":0},"north":{"uv":[2.40625,6.96875,2.65625,7.5625],"rotation":0,"texture":"#0","tintindex":0},"west":{"uv":[2.21875,7.46875,2.40625,8.0625],"rotation":0,"texture":"#0","tintindex":0},"up":{"uv":[4.6875,4.25,4.4375,4.0625],"rotation":0,"texture":"#0","tintindex":0},"down":{"uv":[3.75,5.96875,3.5,6.15625],"rotation":0,"texture":"#0","tintindex":0}}},{"from":[-2.4133883,-1.5283394,6.0],"to":[4.443755,3.0430894,9.428572],"rotation":{"angle":-22.5,"axis":"z","origin":[-0.1276741,2.3288035,7.714286]},"faces":{"east":{"uv":[4.21875,8.46875,4.40625,8.71875],"rotation":0,"texture":"#0","tintindex":0},"south":{"uv":[1.40625,7.8125,1.78125,8.0625],"rotation":0,"texture":"#0","tintindex":0},"north":{"uv":[7.78125,2.21875,8.15625,2.46875],"rotation":0,"texture":"#0","tintindex":0},"west":{"uv":[2.0,8.5,2.1875,8.75],"rotation":0,"texture":"#0","tintindex":0},"up":{"uv":[4.34375,3.78125,3.96875,3.59375],"rotation":0,"texture":"#0","tintindex":0},"down":{"uv":[8.40625,1.15625,8.03125,1.34375],"rotation":0,"texture":"#0","tintindex":0}}}],"display":{"head":{"translation":[0.0,-6.4,0.0],"scale":[4.0,4.0,4.0]}}}