{"textures":{"0":"modelengine:entity/toro_deep_creature"},"elements":[{"from":[6.6334753,1.8571424,6.223667],"to":[13.490618,5.8571424,10.223667],"rotation":{"angle":-45.0,"axis":"z","origin":[12.579611,6.175932,8.223667]},"faces":{"east":{"uv":[8.5,0.0,8.71875,0.21875],"rotation":0,"texture":"#0","tintindex":0},"south":{"uv":[7.9375,7.78125,8.3125,8.0],"rotation":0,"texture":"#0","tintindex":0},"north":{"uv":[7.9375,7.5625,8.3125,7.78125],"rotation":0,"texture":"#0","tintindex":0},"west":{"uv":[0.75,8.5,0.96875,8.71875],"rotation":0,"texture":"#0","tintindex":0},"up":{"uv":[8.34375,2.6875,7.96875,2.46875],"rotation":0,"texture":"#0","tintindex":0},"down":{"uv":[8.34375,6.375,7.96875,6.59375],"rotation":0,"texture":"#0","tintindex":0}}},{"from":[9.372704,0.095564365,6.795096],"to":[12.801275,5.2384214,9.652239],"rotation":{"angle":0.0,"axis":"y","origin":[12.579611,1.0330749,8.223667]},"faces":{"east":{"uv":[4.75,8.5,4.90625,8.78125],"rotation":0,"texture":"#0","tintindex":0},"south":{"uv":[8.34375,4.59375,8.53125,4.875],"rotation":0,"texture":"#0","tintindex":0},"north":{"uv":[3.4375,8.34375,3.625,8.625],"rotation":0,"texture":"#0","tintindex":0},"west":{"uv":[8.5,4.875,8.65625,5.15625],"rotation":0,"texture":"#0","tintindex":0},"up":{"uv":[8.875,6.5,8.6875,6.34375],"rotation":0,"texture":"#0","tintindex":0},"down":{"uv":[8.875,6.6875,8.6875,6.84375],"rotation":0,"texture":"#0","tintindex":0}}},{"from":[9.669587,-4.8795404,7.0808105],"to":[12.812445,0.40617466,9.366525],"rotation":{"angle":-22.5,"axis":"z","origin":[12.579611,1.0330749,8.223667]},"faces":{"east":{"uv":[8.625,7.375,8.75,7.65625],"rotation":0,"texture":"#0","tintindex":0},"south":{"uv":[8.34375,7.125,8.53125,7.40625],"rotation":0,"texture":"#0","tintindex":0},"north":{"uv":[8.34375,6.21875,8.53125,6.5],"rotation":0,"texture":"#0","tintindex":0},"west":{"uv":[7.8125,8.625,7.9375,8.90625],"rotation":0,"texture":"#0","tintindex":0},"up":{"uv":[6.34375,6.75,6.15625,6.625],"rotation":0,"texture":"#0","tintindex":0},"down":{"uv":[7.1875,2.8125,7.0,2.9375],"rotation":0,"texture":"#0","tintindex":0}}}],"display":{"head":{"translation":[0.0,-6.4,0.0],"scale":[4.0,4.0,4.0]}}}