{"textures":{"0":"modelengine:entity/dark_imp"},"elements":[{"from":[5.142857,7.1198335,2.634532],"to":[10.857143,12.83412,8.348818],"rotation":{"angle":0.0,"axis":"y","origin":[8.0,9.976976,5.491675]},"faces":{"east":{"uv":[4.25,0.0,5.5,1.25],"rotation":0,"texture":"#0","tintindex":0},"south":{"uv":[0.0,4.375,1.25,5.625],"rotation":0,"texture":"#0","tintindex":0},"north":{"uv":[1.625,4.125,2.875,5.375],"rotation":0,"texture":"#0","tintindex":0},"west":{"uv":[3.0,5.0,4.25,6.25],"rotation":0,"texture":"#0","tintindex":0},"up":{"uv":[5.625,6.25,4.375,5.0],"rotation":0,"texture":"#0","tintindex":0},"down":{"uv":[6.625,1.375,5.375,2.625],"rotation":0,"texture":"#0","tintindex":0}}},{"from":[7.142857,8.8890295,0.91023207],"to":[8.857143,10.603315,7.1959467],"rotation":{"angle":-22.5,"axis":"x","origin":[8.0,9.746172,4.05309]},"faces":{"east":{"uv":[0.0,9.875,1.375,10.25],"rotation":0,"texture":"#0","tintindex":0},"south":{"uv":[2.5,11.5,2.875,11.875],"rotation":0,"texture":"#0","tintindex":0},"north":{"uv":[11.5,2.375,11.875,2.75],"rotation":0,"texture":"#0","tintindex":0},"west":{"uv":[9.875,3.25,11.25,3.625],"rotation":0,"texture":"#0","tintindex":0},"up":{"uv":[5.875,10.75,5.5,9.375],"rotation":0,"texture":"#0","tintindex":0},"down":{"uv":[4.25,9.75,3.875,11.125],"rotation":0,"texture":"#0","tintindex":0}}},{"from":[5.285714,11.38278,1.1678138],"to":[7.5714283,14.239923,4.596385],"rotation":{"angle":45.0,"axis":"x","origin":[6.428571,12.811351,2.8820996]},"faces":{"east":{"uv":[6.0,9.75,6.75,10.375],"rotation":0,"texture":"#0","tintindex":0},"south":{"uv":[10.0,10.625,10.5,11.25],"rotation":0,"texture":"#0","tintindex":0},"north":{"uv":[10.625,6.625,11.125,7.25],"rotation":0,"texture":"#0","tintindex":0},"west":{"uv":[8.625,10.0,9.375,10.625],"rotation":0,"texture":"#0","tintindex":0},"up":{"uv":[11.125,1.5,10.625,0.75],"rotation":0,"texture":"#0","tintindex":0},"down":{"uv":[11.125,4.25,10.625,5.0],"rotation":0,"texture":"#0","tintindex":0}}},{"from":[5.3,13.013382,0.65976334],"to":[7.0142856,16.441954,2.3740492],"rotation":{"angle":0.0,"axis":"y","origin":[6.1571426,14.727667,1.5169063]},"faces":{"east":{"uv":[5.5,10.875,5.875,11.625],"rotation":0,"texture":"#0","tintindex":0},"south":{"uv":[7.625,10.875,8.0,11.625],"rotation":0,"texture":"#0","tintindex":0},"north":{"uv":[0.625,10.875,1.0,11.625],"rotation":0,"texture":"#0","tintindex":0},"west":{"uv":[2.0,11.0,2.375,11.75],"rotation":0,"texture":"#0","tintindex":0},"up":{"uv":[5.25,11.875,4.875,11.5],"rotation":0,"texture":"#0","tintindex":0},"down":{"uv":[11.875,5.25,11.5,5.625],"rotation":0,"texture":"#0","tintindex":0}}},{"from":[5.3142858,15.5357895,1.7045794],"to":[5.885714,18.964361,2.8474364],"rotation":{"angle":45.0,"axis":"x","origin":[5.6,17.250076,2.2760077]},"faces":{"east":{"uv":[2.625,5.5,2.875,6.25],"rotation":0,"texture":"#0","tintindex":0},"south":{"uv":[0.875,8.5,1.0,9.25],"rotation":0,"texture":"#0","tintindex":0},"north":{"uv":[1.375,4.375,1.5,5.125],"rotation":0,"texture":"#0","tintindex":0},"west":{"uv":[4.375,9.75,4.625,10.5],"rotation":0,"texture":"#0","tintindex":0},"up":{"uv":[5.5,4.5,5.375,4.25],"rotation":0,"texture":"#0","tintindex":0},"down":{"uv":[5.5,4.625,5.375,4.875],"rotation":0,"texture":"#0","tintindex":0}}},{"from":[4.615941,9.996849,2.5773892],"to":[8.044513,11.139707,2.5773892],"rotation":{"angle":-22.5,"axis":"z","origin":[6.3302264,10.568278,2.5773892]},"faces":{"east":{"uv":[5.25,1.375,5.25,1.625],"rotation":0,"texture":"#0","tintindex":0},"south":{"uv":[7.5,2.375,6.75,2.625],"rotation":0,"texture":"#0","tintindex":0},"north":{"uv":[6.75,2.375,7.5,2.625],"rotation":0,"texture":"#0","tintindex":0},"west":{"uv":[5.25,1.75,5.25,2.0],"rotation":0,"texture":"#0","tintindex":0},"up":{"uv":[6.375,1.125,5.625,1.125],"rotation":0,"texture":"#0","tintindex":0},"down":{"uv":[6.375,1.25,5.625,1.25],"rotation":0,"texture":"#0","tintindex":0}}},{"from":[5.3571424,9.134119,2.6059604],"to":[7.1571426,10.448405,2.6059604],"rotation":{"angle":0.0,"axis":"y","origin":[6.257143,9.791263,2.6059604]},"faces":{"east":{"uv":[5.625,4.25,5.625,4.75],"rotation":0,"texture":"#0","tintindex":0},"south":{"uv":[11.875,0.0,11.375,0.5],"rotation":0,"texture":"#0","tintindex":0},"north":{"uv":[11.375,0.0,11.875,0.5],"rotation":0,"texture":"#0","tintindex":0},"west":{"uv":[1.25,5.75,1.25,6.25],"rotation":0,"texture":"#0","tintindex":0},"up":{"uv":[8.625,2.125,8.125,2.125],"rotation":0,"texture":"#0","tintindex":0},"down":{"uv":[8.625,2.25,8.125,2.25],"rotation":0,"texture":"#0","tintindex":0}}},{"from":[0.828742,8.0373745,4.920246],"to":[5.9715996,14.32309,4.920246],"rotation":{"angle":-22.5,"axis":"z","origin":[3.4001708,11.180232,4.920246]},"faces":{"east":{"uv":[9.0,11.5,9.0,12.875],"rotation":0,"texture":"#0","tintindex":0},"south":{"uv":[6.5,2.75,5.375,4.125],"rotation":0,"texture":"#0","tintindex":0},"north":{"uv":[5.375,2.75,6.5,4.125],"rotation":0,"texture":"#0","tintindex":0},"west":{"uv":[1.0,11.75,1.0,13.125],"rotation":0,"texture":"#0","tintindex":0},"up":{"uv":[4.625,8.875,3.5,8.875],"rotation":0,"texture":"#0","tintindex":0},"down":{"uv":[11.25,2.875,10.125,2.875],"rotation":0,"texture":"#0","tintindex":0}}},{"from":[8.842857,9.134119,2.6059604],"to":[10.642858,10.448405,2.6059604],"rotation":{"angle":0.0,"axis":"y","origin":[9.742857,9.791263,2.6059604]},"faces":{"east":{"uv":[1.25,5.75,1.25,6.25],"rotation":0,"texture":"#0","tintindex":0},"south":{"uv":[11.375,0.0,11.875,0.5],"rotation":0,"texture":"#0","tintindex":0},"north":{"uv":[11.875,0.0,11.375,0.5],"rotation":0,"texture":"#0","tintindex":0},"west":{"uv":[5.625,4.25,5.625,4.75],"rotation":0,"texture":"#0","tintindex":0},"up":{"uv":[8.125,2.125,8.625,2.125],"rotation":0,"texture":"#0","tintindex":0},"down":{"uv":[8.125,2.25,8.625,2.25],"rotation":0,"texture":"#0","tintindex":0}}},{"from":[7.9554877,9.996849,2.5773892],"to":[11.384059,11.139707,2.5773892],"rotation":{"angle":22.5,"axis":"z","origin":[9.669773,10.568278,2.5773892]},"faces":{"east":{"uv":[5.25,1.75,5.25,2.0],"rotation":0,"texture":"#0","tintindex":0},"south":{"uv":[6.75,2.375,7.5,2.625],"rotation":0,"texture":"#0","tintindex":0},"north":{"uv":[7.5,2.375,6.75,2.625],"rotation":0,"texture":"#0","tintindex":0},"west":{"uv":[5.25,1.375,5.25,1.625],"rotation":0,"texture":"#0","tintindex":0},"up":{"uv":[5.625,1.125,6.375,1.125],"rotation":0,"texture":"#0","tintindex":0},"down":{"uv":[5.625,1.25,6.375,1.25],"rotation":0,"texture":"#0","tintindex":0}}},{"from":[10.114286,15.5357895,1.7045794],"to":[10.685715,18.964361,2.8474364],"rotation":{"angle":45.0,"axis":"x","origin":[10.4,17.250076,2.2760077]},"faces":{"east":{"uv":[4.625,9.75,4.375,10.5],"rotation":0,"texture":"#0","tintindex":0},"south":{"uv":[1.0,8.5,0.875,9.25],"rotation":0,"texture":"#0","tintindex":0},"north":{"uv":[1.5,4.375,1.375,5.125],"rotation":0,"texture":"#0","tintindex":0},"west":{"uv":[2.875,5.5,2.625,6.25],"rotation":0,"texture":"#0","tintindex":0},"up":{"uv":[5.375,4.5,5.5,4.25],"rotation":0,"texture":"#0","tintindex":0},"down":{"uv":[5.375,4.625,5.5,4.875],"rotation":0,"texture":"#0","tintindex":0}}},{"from":[8.428572,11.38278,1.1678138],"to":[10.714286,14.239923,4.596385],"rotation":{"angle":45.0,"axis":"x","origin":[9.571428,12.811351,2.8820996]},"faces":{"east":{"uv":[9.375,10.0,8.625,10.625],"rotation":0,"texture":"#0","tintindex":0},"south":{"uv":[10.5,10.625,10.0,11.25],"rotation":0,"texture":"#0","tintindex":0},"north":{"uv":[11.125,6.625,10.625,7.25],"rotation":0,"texture":"#0","tintindex":0},"west":{"uv":[6.75,9.75,6.0,10.375],"rotation":0,"texture":"#0","tintindex":0},"up":{"uv":[10.625,1.5,11.125,0.75],"rotation":0,"texture":"#0","tintindex":0},"down":{"uv":[10.625,4.25,11.125,5.0],"rotation":0,"texture":"#0","tintindex":0}}},{"from":[8.985714,13.013382,0.65976334],"to":[10.7,16.441954,2.3740492],"rotation":{"angle":0.0,"axis":"y","origin":[9.842857,14.727667,1.5169063]},"faces":{"east":{"uv":[2.375,11.0,2.0,11.75],"rotation":0,"texture":"#0","tintindex":0},