{"textures":{"0":"modelengine:entity/dark_imp"},"elements":[{"from":[5.1285715,5.5438805,3.3186727],"to":[10.8714285,8.401023,8.46153],"rotation":{"angle":-22.5,"axis":"x","origin":[8.0,6.9724517,5.8901014]},"faces":{"east":{"uv":[9.375,1.125,10.5,1.75],"rotation":0,"texture":"#0","tintindex":0},"south":{"uv":[3.375,9.0,4.625,9.625],"rotation":0,"texture":"#0","tintindex":0},"north":{"uv":[2.0,9.0,3.25,9.625],"rotation":0,"texture":"#0","tintindex":0},"west":{"uv":[9.375,4.625,10.5,5.25],"rotation":0,"texture":"#0","tintindex":0},"up":{"uv":[7.875,3.875,6.625,2.75],"rotation":0,"texture":"#0","tintindex":0},"down":{"uv":[8.0,1.125,6.75,2.25],"rotation":0,"texture":"#0","tintindex":0}}},{"from":[5.142857,7.5924034,2.5872564],"to":[5.142857,9.306689,4.3015423],"rotation":{"angle":-22.5,"axis":"x","origin":[5.142857,8.449547,3.4443994]},"faces":{"east":{"uv":[7.375,11.5,7.0,11.875],"rotation":0,"texture":"#0","tintindex":0},"south":{"uv":[4.75,7.75,4.75,8.125],"rotation":0,"texture":"#0","tintindex":0},"north":{"uv":[1.125,7.75,1.125,8.125],"rotation":0,"texture":"#0","tintindex":0},"west":{"uv":[7.0,11.5,7.375,11.875],"rotation":0,"texture":"#0","tintindex":0},"up":{"uv":[4.875,8.125,4.875,7.75],"rotation":0,"texture":"#0","tintindex":0},"down":{"uv":[5.0,7.75,5.0,8.125],"rotation":0,"texture":"#0","tintindex":0}}},{"from":[5.142857,7.271312,2.6496706],"to":[10.857143,8.985598,2.6496706],"rotation":{"angle":-22.5,"axis":"x","origin":[8.0,8.128455,2.6496706]},"faces":{"east":{"uv":[1.25,6.375,1.25,6.75],"rotation":0,"texture":"#0","tintindex":0},"south":{"uv":[11.375,2.375,10.125,2.75],"rotation":0,"texture":"#0","tintindex":0},"north":{"uv":[10.125,2.375,11.375,2.75],"rotation":0,"texture":"#0","tintindex":0},"west":{"uv":[1.125,7.25,1.125,7.625],"rotation":0,"texture":"#0","tintindex":0},"up":{"uv":[12.625,8.75,11.375,8.75],"rotation":0,"texture":"#0","tintindex":0},"down":{"uv":[13.0,11.375,11.75,11.375],"rotation":0,"texture":"#0","tintindex":0}}},{"from":[10.857143,7.5924034,2.5872564],"to":[10.857143,9.306689,4.3015423],"rotation":{"angle":-22.5,"axis":"x","origin":[10.857143,8.449547,3.4443994]},"faces":{"east":{"uv":[7.375,11.5,7.0,11.875],"rotation":0,"texture":"#0","tintindex":0},"south":{"uv":[4.75,7.75,4.75,8.125],"rotation":0,"texture":"#0","tintindex":0},"north":{"uv":[1.125,7.75,1.125,8.125],"rotation":0,"texture":"#0","tintindex":0},"west":{"uv":[7.0,11.5,7.375,11.875],"rotation":0,"texture":"#0","tintindex":0},"up":{"uv":[4.875,8.125,4.875,7.75],"rotation":0,"texture":"#0","tintindex":0},"down":{"uv":[5.0,7.75,5.0,8.125],"rotation":0,"texture":"#0","tintindex":0}}}],"display":{"head":{"translation":[0.0,-6.4,0.0],"scale":[4.0,4.0,4.0]}}}