{"textures":{"0":"modelengine:entity/dark_imp"},"elements":[{"from":[5.438095,7.794702,4.98483],"to":[7.152381,9.508987,8.413402],"rotation":{"angle":22.5,"axis":"x","origin":[6.295238,8.651845,6.6991158]},"faces":{"east":{"uv":[6.5,11.0,7.25,11.375],"rotation":0,"texture":"#0","tintindex":0},"south":{"uv":[8.0,11.75,8.375,12.125],"rotation":0,"texture":"#0","tintindex":0},"north":{"uv":[7.5,11.75,7.875,12.125],"rotation":0,"texture":"#0","tintindex":0},"west":{"uv":[1.125,11.125,1.875,11.5],"rotation":0,"texture":"#0","tintindex":0},"up":{"uv":[3.75,11.75,3.375,11.0],"rotation":0,"texture":"#0","tintindex":0},"down":{"uv":[11.625,0.75,11.25,1.5],"rotation":0,"texture":"#0","tintindex":0}}},{"from":[6.295238,9.062441,3.586598],"to":[6.295238,10.776727,5.300884],"rotation":{"angle":22.5,"axis":"x","origin":[6.295238,9.919583,4.443741]},"faces":{"east":{"uv":[12.25,5.75,11.875,6.125],"rotation":0,"texture":"#0","tintindex":0},"south":{"uv":[6.625,12.0,6.625,12.375],"rotation":0,"texture":"#0","tintindex":0},"north":{"uv":[7.5,11.0,7.5,11.375],"rotation":0,"texture":"#0","tintindex":0},"west":{"uv":[11.875,5.75,12.25,6.125],"rotation":0,"texture":"#0","tintindex":0},"up":{"uv":[6.75,12.375,6.75,12.0],"rotation":0,"texture":"#0","tintindex":0},"down":{"uv":[6.875,12.0,6.875,12.375],"rotation":0,"texture":"#0","tintindex":0}}},{"from":[8.009523,9.062441,3.586598],"to":[8.009523,10.776727,5.300884],"rotation":{"angle":22.5,"axis":"x","origin":[8.009523,9.919583,4.443741]},"faces":{"east":{"uv":[12.25,5.75,11.875,6.125],"rotation":0,"texture":"#0","tintindex":0},"south":{"uv":[6.625,12.0,6.625,12.375],"rotation":0,"texture":"#0","tintindex":0},"north":{"uv":[7.5,11.0,7.5,11.375],"rotation":0,"texture":"#0","tintindex":0},"west":{"uv":[11.875,5.75,12.25,6.125],"rotation":0,"texture":"#0","tintindex":0},"up":{"uv":[6.75,12.375,6.75,12.0],"rotation":0,"texture":"#0","tintindex":0},"down":{"uv":[6.875,12.0,6.875,12.375],"rotation":0,"texture":"#0","tintindex":0}}},{"from":[7.152381,7.794702,4.98483],"to":[8.866667,9.508987,8.413402],"rotation":{"angle":22.5,"axis":"x","origin":[8.009523,8.651845,6.6991158]},"faces":{"east":{"uv":[6.5,11.0,7.25,11.375],"rotation":0,"texture":"#0","tintindex":0},"south":{"uv":[8.0,11.75,8.375,12.125],"rotation":0,"texture":"#0","tintindex":0},"north":{"uv":[7.5,11.75,7.875,12.125],"rotation":0,"texture":"#0","tintindex":0},"west":{"uv":[1.125,11.125,1.875,11.5],"rotation":0,"texture":"#0","tintindex":0},"up":{"uv":[3.75,11.75,3.375,11.0],"rotation":0,"texture":"#0","tintindex":0},"down":{"uv":[11.625,0.75,11.25,1.5],"rotation":0,"texture":"#0","tintindex":0}}},{"from":[9.695238,9.062441,3.586598],"to":[9.695238,10.776727,5.300884],"rotation":{"angle":22.5,"axis":"x","origin":[9.695238,9.919583,4.443741]},"faces":{"east":{"uv":[12.25,5.75,11.875,6.125],"rotation":0,"texture":"#0","tintindex":0},"south":{"uv":[6.625,12.0,6.625,12.375],"rotation":0,"texture":"#0","tintindex":0},"north":{"uv":[7.5,11.0,7.5,11.375],"rotation":0,"texture":"#0","tintindex":0},"west":{"uv":[11.875,5.75,12.25,6.125],"rotation":0,"texture":"#0","tintindex":0},"up":{"uv":[6.75,12.375,6.75,12.0],"rotation":0,"texture":"#0","tintindex":0},"down":{"uv":[6.875,12.0,6.875,12.375],"rotation":0,"texture":"#0","tintindex":0}}},{"from":[8.838096,7.794702,4.98483],"to":[10.5523815,9.508987,8.413402],"rotation":{"angle":22.5,"axis":"x","origin":[9.695238,8.651845,6.6991158]},"faces":{"east":{"uv":[6.5,11.0,7.25,11.375],"rotation":0,"texture":"#0","tintindex":0},"south":{"uv":[8.0,11.75,8.375,12.125],"rotation":0,"texture":"#0","tintindex":0},"north":{"uv":[7.5,11.75,7.875,12.125],"rotation":0,"texture":"#0","tintindex":0},"west":{"uv":[1.125,11.125,1.875,11.5],"rotation":0,"texture":"#0","tintindex":0},"up":{"uv":[3.75,11.75,3.375,11.0],"rotation":0,"texture":"#0","tintindex":0},"down":{"uv":[11.625,0.75,11.25,1.5],"rotation":0,"texture":"#0","tintindex":0}}}],"display":{"head":{"translation":[0.0,-6.4,0.0],"scale":[4.0,4.0,4.0]}}}