{"textures":{"0":"modelengine:entity/dark_imp"},"elements":[{"from":[7.1285715,7.265253,6.728438],"to":[8.842857,8.979539,9.014153],"rotation":{"angle":0.0,"axis":"y","origin":[7.9857144,8.1223955,7.871295]},"faces":{"east":{"uv":[11.875,3.75,11.375,4.125],"rotation":0,"texture":"#0","tintindex":0},"south":{"uv":[3.375,11.875,3.0,12.25],"rotation":0,"texture":"#0","tintindex":0},"north":{"uv":[12.25,2.875,11.875,3.25],"rotation":0,"texture":"#0","tintindex":0},"west":{"uv":[5.625,6.375,5.125,6.75],"rotation":0,"texture":"#0","tintindex":0},"up":{"uv":[6.875,8.875,7.25,8.375],"rotation":0,"texture":"#0","tintindex":0},"down":{"uv":[10.125,11.375,10.5,11.875],"rotation":0,"texture":"#0","tintindex":0}}},{"from":[8.014286,7.020461,4.985848],"to":[8.014286,8.734747,6.7001333],"rotation":{"angle":0.0,"axis":"y","origin":[8.014286,7.877604,5.842991]},"faces":{"east":{"uv":[11.875,5.75,12.25,6.125],"rotation":180,"texture":"#0","tintindex":0},"south":{"uv":[6.625,12.0,6.625,12.375],"rotation":180,"texture":"#0","tintindex":0},"north":{"uv":[7.5,11.0,7.5,11.375],"rotation":180,"texture":"#0","tintindex":0},"west":{"uv":[12.25,5.75,11.875,6.125],"rotation":180,"texture":"#0","tintindex":0},"up":{"uv":[6.875,12.0,6.875,12.375],"rotation":180,"texture":"#0","tintindex":0},"down":{"uv":[6.75,12.375,6.75,12.0],"rotation":180,"texture":"#0","tintindex":0}}}],"display":{"head":{"translation":[0.0,-6.4,0.0],"scale":[4.0,4.0,4.0]}}}