{"textures":{"0":"modelengine:entity/dark_imp"},"elements":[{"from":[8.847619,7.794702,4.98483],"to":[10.561905,9.508987,8.413402],"rotation":{"angle":22.5,"axis":"x","origin":[9.7047615,8.651845,6.6991158]},"faces":{"east":{"uv":[1.875,11.125,1.125,11.5],"rotation":0,"texture":"#0","tintindex":0},"south":{"uv":[8.375,11.75,8.0,12.125],"rotation":0,"texture":"#0","tintindex":0},"north":{"uv":[7.875,11.75,7.5,12.125],"rotation":0,"texture":"#0","tintindex":0},"west":{"uv":[7.25,11.0,6.5,11.375],"rotation":0,"texture":"#0","tintindex":0},"up":{"uv":[3.375,11.75,3.75,11.0],"rotation":0,"texture":"#0","tintindex":0},"down":{"uv":[11.25,0.75,11.625,1.5],"rotation":0,"texture":"#0","tintindex":0}}},{"from":[9.7047615,9.062441,3.586598],"to":[9.7047615,10.776727,5.300884],"rotation":{"angle":22.5,"axis":"x","origin":[9.7047615,9.919583,4.443741]},"faces":{"east":{"uv":[12.25,5.75,11.875,6.125],"rotation":0,"texture":"#0","tintindex":0},"south":{"uv":[6.625,12.0,6.625,12.375],"rotation":0,"texture":"#0","tintindex":0},"north":{"uv":[7.5,11.0,7.5,11.375],"rotation":0,"texture":"#0","tintindex":0},"west":{"uv":[11.875,5.75,12.25,6.125],"rotation":0,"texture":"#0","tintindex":0},"up":{"uv":[6.75,12.375,6.75,12.0],"rotation":0,"texture":"#0","tintindex":0},"down":{"uv":[6.875,12.0,6.875,12.375],"rotation":0,"texture":"#0","tintindex":0}}},{"from":[7.990476,9.062441,3.586598],"to":[7.990476,10.776727,5.300884],"rotation":{"angle":22.5,"axis":"x","origin":[7.990476,9.919583,4.443741]},"faces":{"east":{"uv":[12.25,5.75,11.875,6.125],"rotation":0,"texture":"#0","tintindex":0},"south":{"uv":[6.625,12.0,6.625,12.375],"rotation":0,"texture":"#0","tintindex":0},"north":{"uv":[7.5,11.0,7.5,11.375],"rotation":0,"texture":"#0","tintindex":0},"west":{"uv":[11.875,5.75,12.25,6.125],"rotation":0,"texture":"#0","tintindex":0},"up":{"uv":[6.75,12.375,6.75,12.0],"rotation":0,"texture":"#0","tintindex":0},"down":{"uv":[6.875,12.0,6.875,12.375],"rotation":0,"texture":"#0","tintindex":0}}},{"from":[7.133333,7.794702,4.98483],"to":[8.847619,9.508987,8.413402],"rotation":{"angle":22.5,"axis":"x","origin":[7.990476,8.651845,6.6991158]},"faces":{"east":{"uv":[1.875,11.125,1.125,11.5],"rotation":0,"texture":"#0","tintindex":0},"south":{"uv":[8.375,11.75,8.0,12.125],"rotation":0,"texture":"#0","tintindex":0},"north":{"uv":[7.875,11.75,7.5,12.125],"rotation":0,"texture":"#0","tintindex":0},"west":{"uv":[7.25,11.0,6.5,11.375],"rotation":0,"texture":"#0","tintindex":0},"up":{"uv":[3.375,11.75,3.75,11.0],"rotation":0,"texture":"#0","tintindex":0},"down":{"uv":[11.25,0.75,11.625,1.5],"rotation":0,"texture":"#0","tintindex":0}}},{"from":[6.304762,9.062441,3.586598],"to":[6.304762,10.776727,5.300884],"rotation":{"angle":22.5,"axis":"x","origin":[6.304762,9.919583,4.443741]},"faces":{"east":{"uv":[12.25,5.75,11.875,6.125],"rotation":0,"texture":"#0","tintindex":0},"south":{"uv":[6.625,12.0,6.625,12.375],"rotation":0,"texture":"#0","tintindex":0},"north":{"uv":[7.5,11.0,7.5,11.375],"rotation":0,"texture":"#0","tintindex":0},"west":{"uv":[11.875,5.75,12.25,6.125],"rotation":0,"texture":"#0","tintindex":0},"up":{"uv":[6.75,12.375,6.75,12.0],"rotation":0,"texture":"#0","tintindex":0},"down":{"uv":[6.875,12.0,6.875,12.375],"rotation":0,"texture":"#0","tintindex":0}}},{"from":[5.447619,7.794702,4.98483],"to":[7.161905,9.508987,8.413402],"rotation":{"angle":22.5,"axis":"x","origin":[6.304762,8.651845,6.6991158]},"faces":{"east":{"uv":[1.875,11.125,1.125,11.5],"rotation":0,"texture":"#0","tintindex":0},"south":{"uv":[8.375,11.75,8.0,12.125],"rotation":0,"texture":"#0","tintindex":0},"north":{"uv":[7.875,11.75,7.5,12.125],"rotation":0,"texture":"#0","tintindex":0},"west":{"uv":[7.25,11.0,6.5,11.375],"rotation":0,"texture":"#0","tintindex":0},"up":{"uv":[3.375,11.75,3.75,11.0],"rotation":0,"texture":"#0","tintindex":0},"down":{"uv":[11.25,0.75,11.625,1.5],"rotation":0,"texture":"#0","tintindex":0}}}],"display":{"head":{"translation":[0.0,-6.4,0.0],"scale":[4.0,4.0,4.0]}}}