{"textures":{"0":"modelengine:entity/fire_imp"},"elements":[{"from":[7.8529515,3.0389085,8.0],"to":[8.995809,4.1817656,8.0],"rotation":{"angle":-22.5,"axis":"z","origin":[10.731571,9.045466,10.985026]},"faces":{"east":{"uv":[6.25,7.625,6.25,7.875],"rotation":0,"texture":"#0","tintindex":0},"south":{"uv":[7.375,4.625,7.625,4.875],"rotation":0,"texture":"#0","tintindex":0},"north":{"uv":[7.625,4.625,7.375,4.875],"rotation":0,"texture":"#0","tintindex":0},"west":{"uv":[7.625,6.125,7.625,6.375],"rotation":0,"texture":"#0","tintindex":0},"up":{"uv":[5.0,2.625,5.25,2.625],"rotation":0,"texture":"#0","tintindex":0},"down":{"uv":[5.5,6.5,5.75,6.5],"rotation":0,"texture":"#0","tintindex":0}}},{"from":[7.8529515,3.0389085,8.857143],"to":[8.995809,4.1817656,8.857143],"rotation":{"angle":-22.5,"axis":"z","origin":[10.731571,9.045466,10.985026]},"faces":{"east":{"uv":[6.25,7.625,6.25,7.875],"rotation":0,"texture":"#0","tintindex":0},"south":{"uv":[7.375,4.625,7.625,4.875],"rotation":0,"texture":"#0","tintindex":0},"north":{"uv":[7.625,4.625,7.375,4.875],"rotation":0,"texture":"#0","tintindex":0},"west":{"uv":[7.625,6.125,7.625,6.375],"rotation":0,"texture":"#0","tintindex":0},"up":{"uv":[5.0,2.625,5.25,2.625],"rotation":0,"texture":"#0","tintindex":0},"down":{"uv":[5.5,6.5,5.75,6.5],"rotation":0,"texture":"#0","tintindex":0}}},{"from":[7.8529515,3.0389085,7.142857],"to":[8.995809,4.1817656,7.142857],"rotation":{"angle":-22.5,"axis":"z","origin":[10.731571,9.045466,10.985026]},"faces":{"east":{"uv":[6.25,7.625,6.25,7.875],"rotation":0,"texture":"#0","tintindex":0},"south":{"uv":[7.375,4.625,7.625,4.875],"rotation":0,"texture":"#0","tintindex":0},"north":{"uv":[7.625,4.625,7.375,4.875],"rotation":0,"texture":"#0","tintindex":0},"west":{"uv":[7.625,6.125,7.625,6.375],"rotation":0,"texture":"#0","tintindex":0},"up":{"uv":[5.0,2.625,5.25,2.625],"rotation":0,"texture":"#0","tintindex":0},"down":{"uv":[5.5,6.5,5.75,6.5],"rotation":0,"texture":"#0","tintindex":0}}},{"from":[7.8529515,4.1817656,7.142857],"to":[9.567237,5.324623,8.857143],"rotation":{"angle":-22.5,"axis":"z","origin":[10.731571,9.045466,10.985026]},"faces":{"east":{"uv":[7.5,0.375,7.125,0.625],"rotation":0,"texture":"#0","tintindex":0},"south":{"uv":[5.625,7.0,5.25,7.25],"rotation":0,"texture":"#0","tintindex":0},"north":{"uv":[6.375,2.25,6.0,2.5],"rotation":0,"texture":"#0","tintindex":0},"west":{"uv":[7.375,3.125,7.0,3.375],"rotation":0,"texture":"#0","tintindex":0},"up":{"uv":[6.375,1.5,6.75,1.125],"rotation":0,"texture":"#0","tintindex":0},"down":{"uv":[2.625,6.375,3.0,6.75],"rotation":0,"texture":"#0","tintindex":0}}},{"from":[7.8529515,5.324623,7.142857],"to":[8.995809,7.038909,8.857143],"rotation":{"angle":-22.5,"axis":"z","origin":[10.731571,9.045466,10.985026]},"faces":{"east":{"uv":[0.875,6.375,0.5,6.75],"rotation":0,"texture":"#0","tintindex":0},"south":{"uv":[2.25,7.0,2.0,7.375],"rotation":0,"texture":"#0","tintindex":0},"north":{"uv":[7.25,1.625,7.0,2.0],"rotation":0,"texture":"#0","tintindex":0},"west":{"uv":[0.375,6.375,0.0,6.75],"rotation":0,"texture":"#0","tintindex":0},"up":{"uv":[7.0,2.5,7.25,2.125],"rotation":0,"texture":"#0","tintindex":0},"down":{"uv":[7.0,2.625,7.25,3.0],"rotation":0,"texture":"#0","tintindex":0}}}],"display":{"head":{"translation":[0.0,-6.4,0.0],"scale":[4.0,4.0,4.0]}}}