{"textures":{"0":"modelengine:entity/fire_imp"},"elements":[{"from":[7.428571,7.2402835,2.8797636],"to":[7.428571,7.8117123,4.022621],"rotation":{"angle":-22.5,"axis":"x","origin":[9.1285715,12.452449,11.687454]},"faces":{"east":{"uv":[2.125,7.5,1.875,7.625],"rotation":0,"texture":"#0","tintindex":0},"south":{"uv":[6.75,5.0,6.75,5.125],"rotation":0,"texture":"#0","tintindex":0},"north":{"uv":[2.0,6.75,2.0,6.875],"rotation":0,"texture":"#0","tintindex":0},"west":{"uv":[1.875,7.5,2.125,7.625],"rotation":0,"texture":"#0","tintindex":0},"up":{"uv":[4.0,7.875,4.0,7.625],"rotation":0,"texture":"#0","tintindex":0},"down":{"uv":[7.625,5.0,7.625,5.25],"rotation":0,"texture":"#0","tintindex":0}}},{"from":[8.0,7.2402835,2.8797636],"to":[8.0,7.8117123,4.022621],"rotation":{"angle":-22.5,"axis":"x","origin":[9.1285715,12.452449,11.687454]},"faces":{"east":{"uv":[2.125,7.5,1.875,7.625],"rotation":0,"texture":"#0","tintindex":0},"south":{"uv":[6.75,5.0,6.75,5.125],"rotation":0,"texture":"#0","tintindex":0},"north":{"uv":[2.0,6.75,2.0,6.875],"rotation":0,"texture":"#0","tintindex":0},"west":{"uv":[1.875,7.5,2.125,7.625],"rotation":0,"texture":"#0","tintindex":0},"up":{"uv":[4.0,7.875,4.0,7.625],"rotation":0,"texture":"#0","tintindex":0},"down":{"uv":[7.625,5.0,7.625,5.25],"rotation":0,"texture":"#0","tintindex":0}}},{"from":[8.571428,7.2402835,2.8797636],"to":[8.571428,7.8117123,4.022621],"rotation":{"angle":-22.5,"axis":"x","origin":[9.1285715,12.452449,11.687454]},"faces":{"east":{"uv":[2.125,7.5,1.875,7.625],"rotation":0,"texture":"#0","tintindex":0},"south":{"uv":[6.75,5.0,6.75,5.125],"rotation":0,"texture":"#0","tintindex":0},"north":{"uv":[2.0,6.75,2.0,6.875],"rotation":0,"texture":"#0","tintindex":0},"west":{"uv":[1.875,7.5,2.125,7.625],"rotation":0,"texture":"#0","tintindex":0},"up":{"uv":[4.0,7.875,4.0,7.625],"rotation":0,"texture":"#0","tintindex":0},"down":{"uv":[7.625,5.0,7.625,5.25],"rotation":0,"texture":"#0","tintindex":0}}},{"from":[7.428571,7.2402835,4.022621],"to":[8.571428,7.8117123,7.4511924],"rotation":{"angle":-22.5,"axis":"x","origin":[9.1285715,12.452449,11.687454]},"faces":{"east":{"uv":[7.625,1.375,6.875,1.5],"rotation":0,"texture":"#0","tintindex":0},"south":{"uv":[6.0,4.25,5.75,4.375],"rotation":0,"texture":"#0","tintindex":0},"north":{"uv":[5.375,4.5,5.125,4.625],"rotation":0,"texture":"#0","tintindex":0},"west":{"uv":[7.5,4.0,6.75,4.125],"rotation":0,"texture":"#0","tintindex":0},"up":{"uv":[5.5,6.375,5.75,5.625],"rotation":0,"texture":"#0","tintindex":0},"down":{"uv":[1.25,5.75,1.5,6.5],"rotation":0,"texture":"#0","tintindex":0}}},{"from":[7.428571,7.8117123,5.736907],"to":[8.571428,10.097426,7.4511924],"rotation":{"angle":-22.5,"axis":"x","origin":[9.1285715,12.452449,11.687454]},"faces":{"east":{"uv":[5.375,5.625,5.0,6.125],"rotation":0,"texture":"#0","tintindex":0},"south":{"uv":[7.0,6.75,6.75,7.25],"rotation":0,"texture":"#0","tintindex":0},"north":{"uv":[1.875,6.75,1.625,7.25],"rotation":0,"texture":"#0","tintindex":0},"west":{"uv":[6.0,4.5,5.625,5.0],"rotation":0,"texture":"#0","tintindex":0},"up":{"uv":[4.125,3.125,4.375,2.75],"rotation":0,"texture":"#0","tintindex":0},"down":{"uv":[6.875,6.25,7.125,6.625],"rotation":0,"texture":"#0","tintindex":0}}}],"display":{"head":{"translation":[0.0,-6.4,0.0],"scale":[4.0,4.0,4.0]}}}