{"textures":{"0":"modelengine:entity/hell_hound"},"elements":[{"from":[6.572857,6.798318,6.2175345],"to":[9.43,7.941175,8.503249],"rotation":{"angle":-45.0,"axis":"x","origin":[8.001429,7.369746,7.3603916]},"faces":{"east":{"uv":[10.875,6.125,11.375,6.375],"rotation":0,"texture":"#0","tintindex":0},"south":{"uv":[2.625,10.625,3.25,10.875],"rotation":0,"texture":"#0","tintindex":0},"north":{"uv":[10.625,1.625,11.25,1.875],"rotation":0,"texture":"#0","tintindex":0},"west":{"uv":[7.0,10.875,7.5,11.125],"rotation":0,"texture":"#0","tintindex":0},"up":{"uv":[9.875,10.0,9.25,9.5],"rotation":0,"texture":"#0","tintindex":0},"down":{"uv":[4.5,9.625,3.875,10.125],"rotation":0,"texture":"#0","tintindex":0}}},{"from":[6.587143,6.157563,5.8134737],"to":[9.401428,7.3004208,6.9563303],"rotation":{"angle":0.0,"axis":"y","origin":[7.9942856,6.728992,6.384902]},"faces":{"east":{"uv":[0.625,7.875,0.875,8.125],"rotation":0,"texture":"#0","tintindex":0},"south":{"uv":[10.625,5.75,11.25,6.0],"rotation":0,"texture":"#0","tintindex":0},"north":{"uv":[10.625,5.375,11.25,5.625],"rotation":0,"texture":"#0","tintindex":0},"west":{"uv":[0.625,8.25,0.875,8.5],"rotation":0,"texture":"#0","tintindex":0},"up":{"uv":[6.875,10.875,6.25,10.625],"rotation":0,"texture":"#0","tintindex":0},"down":{"uv":[11.375,2.0,10.75,2.25],"rotation":0,"texture":"#0","tintindex":0}}},{"from":[8.001429,6.157563,4.084902],"to":[8.001429,7.3004208,5.7991877],"rotation":{"angle":0.0,"axis":"y","origin":[8.001429,6.728992,4.9420447]},"faces":{"east":{"uv":[10.625,10.875,10.25,11.125],"rotation":0,"texture":"#0","tintindex":0},"south":{"uv":[6.625,4.375,6.625,4.625],"rotation":0,"texture":"#0","tintindex":0},"north":{"uv":[6.5,4.375,6.5,4.625],"rotation":0,"texture":"#0","tintindex":0},"west":{"uv":[10.25,10.875,10.625,11.125],"rotation":0,"texture":"#0","tintindex":0},"up":{"uv":[1.5,9.75,1.5,9.375],"rotation":0,"texture":"#0","tintindex":0},"down":{"uv":[6.375,9.5,6.375,9.875],"rotation":0,"texture":"#0","tintindex":0}}},{"from":[9.144286,6.157563,4.084902],"to":[9.144286,7.3004208,5.7991877],"rotation":{"angle":0.0,"axis":"y","origin":[9.144286,6.728992,4.9420447]},"faces":{"east":{"uv":[10.625,10.875,10.25,11.125],"rotation":0,"texture":"#0","tintindex":0},"south":{"uv":[6.625,4.375,6.625,4.625],"rotation":0,"texture":"#0","tintindex":0},"north":{"uv":[6.5,4.375,6.5,4.625],"rotation":0,"texture":"#0","tintindex":0},"west":{"uv":[10.25,10.875,10.625,11.125],"rotation":0,"texture":"#0","tintindex":0},"up":{"uv":[1.5,9.75,1.5,9.375],"rotation":0,"texture":"#0","tintindex":0},"down":{"uv":[6.375,9.5,6.375,9.875],"rotation":0,"texture":"#0","tintindex":0}}},{"from":[6.8585715,6.157563,4.084902],"to":[6.8585715,7.3004208,5.7991877],"rotation":{"angle":0.0,"axis":"y","origin":[6.8585715,6.728992,4.9420447]},"faces":{"east":{"uv":[10.625,10.875,10.25,11.125],"rotation":0,"texture":"#0","tintindex":0},"south":{"uv":[6.625,4.375,6.625,4.625],"rotation":0,"texture":"#0","tintindex":0},"north":{"uv":[6.5,4.375,6.5,4.625],"rotation":0,"texture":"#0","tintindex":0},"west":{"uv":[10.25,10.875,10.625,11.125],"rotation":0,"texture":"#0","tintindex":0},"up":{"uv":[1.5,9.75,1.5,9.375],"rotation":0,"texture":"#0","tintindex":0},"down":{"uv":[6.375,9.5,6.375,9.875],"rotation":0,"texture":"#0","tintindex":0}}}],"display":{"head":{"translation":[0.0,-6.4,0.0],"scale":[4.0,4.0,4.0]}}}