{"textures":{"0":"modelengine:entity/hell_hound"},"elements":[{"from":[6.5714283,7.0,5.428571],"to":[9.428572,8.142858,8.857143],"rotation":{"angle":0.0,"axis":"y","origin":[8.0,7.5714283,7.142857]},"faces":{"east":{"uv":[5.625,3.25,6.375,3.5],"rotation":0,"texture":"#0","tintindex":0},"south":{"uv":[10.625,1.25,11.25,1.5],"rotation":0,"texture":"#0","tintindex":0},"north":{"uv":[10.5,7.375,11.125,7.625],"rotation":0,"texture":"#0","tintindex":0},"west":{"uv":[10.25,2.75,11.0,3.0],"rotation":0,"texture":"#0","tintindex":0},"up":{"uv":[8.75,5.875,8.125,5.125],"rotation":0,"texture":"#0","tintindex":0},"down":{"uv":[6.25,8.125,5.625,8.875],"rotation":0,"texture":"#0","tintindex":0}}},{"from":[6.857143,7.0,3.7142854],"to":[6.857143,8.142858,5.428571],"rotation":{"angle":0.0,"axis":"y","origin":[6.857143,7.5714283,4.5714283]},"faces":{"east":{"uv":[10.625,10.875,10.25,11.125],"rotation":0,"texture":"#0","tintindex":0},"south":{"uv":[6.625,4.375,6.625,4.625],"rotation":0,"texture":"#0","tintindex":0},"north":{"uv":[6.5,4.375,6.5,4.625],"rotation":0,"texture":"#0","tintindex":0},"west":{"uv":[10.25,10.875,10.625,11.125],"rotation":0,"texture":"#0","tintindex":0},"up":{"uv":[1.5,9.75,1.5,9.375],"rotation":0,"texture":"#0","tintindex":0},"down":{"uv":[6.375,9.5,6.375,9.875],"rotation":0,"texture":"#0","tintindex":0}}},{"from":[9.142858,7.0,3.7142854],"to":[9.142858,8.142858,5.428571],"rotation":{"angle":0.0,"axis":"y","origin":[9.142858,7.5714283,4.5714283]},"faces":{"east":{"uv":[10.625,10.875,10.25,11.125],"rotation":0,"texture":"#0","tintindex":0},"south":{"uv":[6.625,4.375,6.625,4.625],"rotation":0,"texture":"#0","tintindex":0},"north":{"uv":[6.5,4.375,6.5,4.625],"rotation":0,"texture":"#0","tintindex":0},"west":{"uv":[10.25,10.875,10.625,11.125],"rotation":0,"texture":"#0","tintindex":0},"up":{"uv":[1.5,9.75,1.5,9.375],"rotation":0,"texture":"#0","tintindex":0},"down":{"uv":[6.375,9.5,6.375,9.875],"rotation":0,"texture":"#0","tintindex":0}}},{"from":[8.0,7.0,3.7142854],"to":[8.0,8.142858,5.428571],"rotation":{"angle":0.0,"axis":"y","origin":[8.0,7.5714283,4.5714283]},"faces":{"east":{"uv":[10.625,10.875,10.25,11.125],"rotation":0,"texture":"#0","tintindex":0},"south":{"uv":[6.625,4.375,6.625,4.625],"rotation":0,"texture":"#0","tintindex":0},"north":{"uv":[6.5,4.375,6.5,4.625],"rotation":0,"texture":"#0","tintindex":0},"west":{"uv":[10.25,10.875,10.625,11.125],"rotation":0,"texture":"#0","tintindex":0},"up":{"uv":[1.5,9.75,1.5,9.375],"rotation":0,"texture":"#0","tintindex":0},"down":{"uv":[6.375,9.5,6.375,9.875],"rotation":0,"texture":"#0","tintindex":0}}}],"display":{"head":{"translation":[0.0,-6.4,0.0],"scale":[4.0,4.0,4.0]}}}