{"textures":{"0":"modelengine:entity/hell_hound"},"elements":[{"from":[6.007143,7.4518385,4.1819887],"to":[9.992857,12.023268,8.181989],"rotation":{"angle":45.0,"axis":"x","origin":[8.0,9.737553,6.1819887]},"faces":{"east":{"uv":[5.375,5.875,6.25,6.875],"rotation":0,"texture":"#0","tintindex":0},"south":{"uv":[6.375,0.0,7.25,1.0],"rotation":0,"texture":"#0","tintindex":0},"north":{"uv":[5.75,4.75,6.625,5.75],"rotation":0,"texture":"#0","tintindex":0},"west":{"uv":[6.375,5.875,7.25,6.875],"rotation":0,"texture":"#0","tintindex":0},"up":{"uv":[0.875,7.75,0.0,6.875],"rotation":0,"texture":"#0","tintindex":0},"down":{"uv":[5.25,6.875,4.375,7.75],"rotation":0,"texture":"#0","tintindex":0}}},{"from":[5.714286,7.3681545,5.4085298],"to":[10.285714,12.511012,6.551387],"rotation":{"angle":45.0,"axis":"x","origin":[8.0,9.939583,5.9799585]},"faces":{"east":{"uv":[3.5,9.875,3.75,11.0],"rotation":0,"texture":"#0","tintindex":0},"south":{"uv":[1.25,5.25,2.25,6.375],"rotation":0,"texture":"#0","tintindex":0},"north":{"uv":[5.25,0.0,6.25,1.125],"rotation":0,"texture":"#0","tintindex":0},"west":{"uv":[10.0,3.25,10.25,4.375],"rotation":0,"texture":"#0","tintindex":0},"up":{"uv":[11.0,8.0,10.0,7.75],"rotation":0,"texture":"#0","tintindex":0},"down":{"uv":[11.0,8.125,10.0,8.375],"rotation":0,"texture":"#0","tintindex":0}}},{"from":[5.142857,6.7967257,5.9799585],"to":[10.857143,13.08244,5.9799585],"rotation":{"angle":45.0,"axis":"x","origin":[8.0,9.939583,5.9799585]},"faces":{"east":{"uv":[11.375,11.0,11.375,12.375],"rotation":0,"texture":"#0","tintindex":0},"south":{"uv":[1.25,2.5,0.0,3.875],"rotation":0,"texture":"#0","tintindex":0},"north":{"uv":[0.0,2.5,1.25,3.875],"rotation":0,"texture":"#0","tintindex":0},"west":{"uv":[11.125,11.375,11.125,12.75],"rotation":0,"texture":"#0","tintindex":0},"up":{"uv":[12.25,10.0,11.0,10.0],"rotation":0,"texture":"#0","tintindex":0},"down":{"uv":[12.25,10.125,11.0,10.125],"rotation":0,"texture":"#0","tintindex":0}}}],"display":{"head":{"translation":[0.0,-6.4,0.0],"scale":[4.0,4.0,4.0]}}}