{"textures":{"0":"modelengine:entity/hell_hound"},"elements":[{"from":[6.5699997,6.798318,6.2175345],"to":[9.427143,7.941175,8.503249],"rotation":{"angle":-45.0,"axis":"x","origin":[7.9985714,7.369746,7.3603916]},"faces":{"east":{"uv":[7.5,10.875,7.0,11.125],"rotation":0,"texture":"#0","tintindex":0},"south":{"uv":[3.25,10.625,2.625,10.875],"rotation":0,"texture":"#0","tintindex":0},"north":{"uv":[11.25,1.625,10.625,1.875],"rotation":0,"texture":"#0","tintindex":0},"west":{"uv":[11.375,6.125,10.875,6.375],"rotation":0,"texture":"#0","tintindex":0},"up":{"uv":[9.25,10.0,9.875,9.5],"rotation":0,"texture":"#0","tintindex":0},"down":{"uv":[3.875,9.625,4.5,10.125],"rotation":0,"texture":"#0","tintindex":0}}},{"from":[6.5985713,6.157563,5.8134737],"to":[9.412857,7.3004208,6.9563303],"rotation":{"angle":0.0,"axis":"y","origin":[8.005714,6.728992,6.384902]},"faces":{"east":{"uv":[0.875,8.25,0.625,8.5],"rotation":0,"texture":"#0","tintindex":0},"south":{"uv":[11.25,5.75,10.625,6.0],"rotation":0,"texture":"#0","tintindex":0},"north":{"uv":[11.25,5.375,10.625,5.625],"rotation":0,"texture":"#0","tintindex":0},"west":{"uv":[0.875,7.875,0.625,8.125],"rotation":0,"texture":"#0","tintindex":0},"up":{"uv":[6.25,10.875,6.875,10.625],"rotation":0,"texture":"#0","tintindex":0},"down":{"uv":[10.75,2.0,11.375,2.25],"rotation":0,"texture":"#0","tintindex":0}}},{"from":[7.9985714,6.157563,4.084902],"to":[7.9985714,7.3004208,5.7991877],"rotation":{"angle":0.0,"axis":"y","origin":[7.9985714,6.728992,4.9420447]},"faces":{"east":{"uv":[10.625,10.875,10.25,11.125],"rotation":0,"texture":"#0","tintindex":0},"south":{"uv":[6.625,4.375,6.625,4.625],"rotation":0,"texture":"#0","tintindex":0},"north":{"uv":[6.5,4.375,6.5,4.625],"rotation":0,"texture":"#0","tintindex":0},"west":{"uv":[10.25,10.875,10.625,11.125],"rotation":0,"texture":"#0","tintindex":0},"up":{"uv":[1.5,9.75,1.5,9.375],"rotation":0,"texture":"#0","tintindex":0},"down":{"uv":[6.375,9.5,6.375,9.875],"rotation":0,"texture":"#0","tintindex":0}}},{"from":[6.8557143,6.157563,4.084902],"to":[6.8557143,7.3004208,5.7991877],"rotation":{"angle":0.0,"axis":"y","origin":[6.8557143,6.728992,4.9420447]},"faces":{"east":{"uv":[10.625,10.875,10.25,11.125],"rotation":0,"texture":"#0","tintindex":0},"south":{"uv":[6.625,4.375,6.625,4.625],"rotation":0,"texture":"#0","tintindex":0},"north":{"uv":[6.5,4.375,6.5,4.625],"rotation":0,"texture":"#0","tintindex":0},"west":{"uv":[10.25,10.875,10.625,11.125],"rotation":0,"texture":"#0","tintindex":0},"up":{"uv":[1.5,9.75,1.5,9.375],"rotation":0,"texture":"#0","tintindex":0},"down":{"uv":[6.375,9.5,6.375,9.875],"rotation":0,"texture":"#0","tintindex":0}}},{"from":[9.141429,6.157563,4.084902],"to":[9.141429,7.3004208,5.7991877],"rotation":{"angle":0.0,"axis":"y","origin":[9.141429,6.728992,4.9420447]},"faces":{"east":{"uv":[10.625,10.875,10.25,11.125],"rotation":0,"texture":"#0","tintindex":0},"south":{"uv":[6.625,4.375,6.625,4.625],"rotation":0,"texture":"#0","tintindex":0},"north":{"uv":[6.5,4.375,6.5,4.625],"rotation":0,"texture":"#0","tintindex":0},"west":{"uv":[10.25,10.875,10.625,11.125],"rotation":0,"texture":"#0","tintindex":0},"up":{"uv":[1.5,9.75,1.5,9.375],"rotation":0,"texture":"#0","tintindex":0},"down":{"uv":[6.375,9.5,6.375,9.875],"rotation":0,"texture":"#0","tintindex":0}}}],"display":{"head":{"translation":[0.0,-6.4,0.0],"scale":[4.0,4.0,4.0]}}}