{"textures":{"1":"modelengine:entity/xiddri_rock_break"},"elements":[{"from":[-4.160001,2.5039182,3.6397858],"to":[20.16,12.743919,13.879786],"rotation":{"angle":22.5,"axis":"x","origin":[8.0,8.903919,3.6397858]},"faces":{"east":{"uv":[10.734375,6.59375,11.015625,6.875],"rotation":0,"texture":"#1","tintindex":0},"south":{"uv":[7.5,3.96875,8.171875,4.25],"rotation":0,"texture":"#1","tintindex":0},"north":{"uv":[7.3125,0.84375,7.984375,1.125],"rotation":0,"texture":"#1","tintindex":0},"west":{"uv":[6.65625,10.734375,6.9375,11.015625],"rotation":0,"texture":"#1","tintindex":0},"up":{"uv":[8.1875,2.75,7.515625,2.46875],"rotation":0,"texture":"#1","tintindex":0},"down":{"uv":[8.1875,2.75,7.515625,3.03125],"rotation":0,"texture":"#1","tintindex":0}}},{"from":[0.3199997,-0.19893837,1.0797858],"to":[15.68,16.441063,15.159786],"rotation":{"angle":0.0,"axis":"y","origin":[6.72,-48.696083,-43.72022]},"faces":{"east":{"uv":[7.890625,1.546875,8.28125,2.0],"rotation":0,"texture":"#1","tintindex":0},"south":{"uv":[7.453125,6.546875,7.875,7.0],"rotation":0,"texture":"#1","tintindex":0},"north":{"uv":[7.453125,6.09375,7.875,6.546875],"rotation":0,"texture":"#1","tintindex":0},"west":{"uv":[0.421875,7.90625,0.8125,8.359375],"rotation":0,"texture":"#1","tintindex":0},"up":{"uv":[8.609375,4.3125,8.1875,3.921875],"rotation":0,"texture":"#1","tintindex":0},"down":{"uv":[8.625,3.421875,8.203125,3.8125],"rotation":0,"texture":"#1","tintindex":0}}},{"from":[-4.5714293,3.727252,1.7142854],"to":[20.57143,18.584396,17.142857],"rotation":{"angle":22.5,"axis":"x","origin":[8.0,14.727252,9.428572]},"faces":{"east":{"uv":[3.609375,7.953125,4.03125,8.359375],"rotation":0,"texture":"#1","tintindex":0},"south":{"uv":[5.71875,2.125,6.40625,2.53125],"rotation":0,"texture":"#1","tintindex":0},"north":{"uv":[5.609375,4.921875,6.296875,5.328125],"rotation":0,"texture":"#1","tintindex":0},"west":{"uv":[2.765625,7.96875,3.1875,8.375],"rotation":0,"texture":"#1","tintindex":0},"up":{"uv":[5.84375,0.859375,5.15625,0.4375],"rotation":0,"texture":"#1","tintindex":0},"down":{"uv":[6.015625,4.09375,5.328125,4.515625],"rotation":0,"texture":"#1","tintindex":0}}},{"from":[15.857143,-5.286604,2.347559],"to":[26.142859,6.7133965,18.918987],"rotation":{"angle":-22.5,"axis":"z","origin":[32.57143,11.427683,8.061845]},"faces":{"east":{"uv":[8.625,3.375,9.078125,3.703125],"rotation":0,"texture":"#1","tintindex":0},"south":{"uv":[5.390625,10.296875,5.671875,10.625],"rotation":0,"texture":"#1","tintindex":0},"north":{"uv":[7.046875,3.140625,7.328125,3.46875],"rotation":0,"texture":"#1","tintindex":0},"west":{"uv":[8.625,4.265625,9.078125,4.59375],"rotation":0,"texture":"#1","tintindex":0},"up":{"uv":[9.546875,9.796875,9.265625,9.34375],"rotation":0,"texture":"#1","tintindex":0},"down":{"uv":[9.671875,4.84375,9.390625,5.296875],"rotation":0,"texture":"#1","tintindex":0}}},{"from":[-10.1428585,-5.286604,2.347559],"to":[0.1428566,6.7133965,18.918987],"rotation":{"angle":22.5,"axis":"z","origin":[-16.57143,11.427683,8.061845]},"faces":{"east":{"uv":[8.625,5.71875,9.078125,6.046875],"rotation":0,"texture":"#1","tintindex":0},"south":{"uv":[10.3125,10.3125,10.59375,10.640625],"rotation":0,"texture":"#1","tintindex":0},"north":{"uv":[10.3125,9.984375,10.59375,10.3125],"rotation":0,"texture":"#1","tintindex":0},"west":{"uv":[8.625,6.046875,9.078125,6.375],"rotation":0,"texture":"#1","tintindex":0},"up":{"uv":[9.6875,7.140625,9.40625,6.6875],"rotation":0,"texture":"#1","tintindex":0},"down":{"uv":[7.421875,9.40625,7.140625,9.859375],"rotation":0,"texture":"#1","tintindex":0}}},{"from":[1.9999995,8.489773,5.4093013],"to":[14.0,27.346916,19.695017],"rotation":{"angle":45.0,"axis":"x","origin":[8.0,17.918344,12.552158]},"faces":{"east":{"uv":[6.9375,5.328125,7.328125,5.84375],"rotation":0,"texture":"#1","tintindex":0},"south":{"uv":[4.59375,8.015625,4.921875,8.53125],"rotation":0,"texture":"#1","tintindex":0},"north":{"uv":[4.265625,8.015625,4.59375,8.53125],"rotation":0,"texture":"#1","tintindex":0},"west":{"uv":[6.984375,5.84375,7.375,6.359375],"rotation":0,"texture":"#1","tintindex":0},"up":{"uv":[9.671875,2.0,9.34375,1.609375],"rotation":0,"texture":"#1","tintindex":0},"down":{"uv":[9.265625,9.34375,8.9375,9.734375],"rotation":0,"texture":"#1","tintindex":0}}},{"from":[4.5714283,22.857141,20.624905],"to":[11.428572,32.0,28.053476],"rotation":{"angle":45.0,"axis":"x","origin":[9.142858,30.428572,20.053476]},"faces":{"east":{"uv":[11.34375,7.390625,11.546875,7.640625],"rotation":0,"texture":"#1","tintindex":0},"south":{"uv":[5.75,11.4375,5.9375,11.6875],"rotation":0,"texture":"#1","tintindex":0},"north":{"uv":[0.171875,11.4375,0.359375,11.6875],"rotation":0,"texture":"#1","tintindex":0},"west":{"uv":[11.34375,7.640625,11.546875,7.890625],"rotation":0,"texture":"#1","tintindex":0},"up":{"uv":[5.203125,11.890625,5.015625,11.6875],"rotation":0,"texture":"#1","tintindex":0},"down":{"uv":[11.875,5.03125,11.6875,5.234375],"rotation":0,"texture":"#1","tintindex":0}}}],"display":{"head":{"translation":[0.0,-2.4518647,0.0],"scale":[4.0,4.0,4.0]}}}