{"textures":{"1":"modelengine:entity/xiddri_rock_break"},"elements":[{"from":[4.5714283,7.785714,-7.8571434],"to":[4.5714283,10.071428,3.0],"rotation":{"angle":-22.5,"axis":"y","origin":[8.0,9.214286,-1.0]},"faces":{"east":{"uv":[3.375,0.5625,3.671875,0.625],"rotation":0,"texture":"#1","tintindex":0},"south":{"uv":[0.0,0.0,0.0,0.0625],"rotation":0,"texture":"#1","tintindex":0},"north":{"uv":[0.0,0.0,0.0,0.0625],"rotation":0,"texture":"#1","tintindex":0},"west":{"uv":[8.53125,2.21875,8.828125,2.28125],"rotation":0,"texture":"#1","tintindex":0},"up":{"uv":[0.0,0.296875,0.0,0.0],"rotation":0,"texture":"#1","tintindex":0},"down":{"uv":[0.0,0.0,0.0,0.296875],"rotation":0,"texture":"#1","tintindex":0}}},{"from":[11.428572,7.785714,-7.8571434],"to":[11.428572,10.071428,3.0],"rotation":{"angle":22.5,"axis":"y","origin":[8.0,9.214286,-1.0]},"faces":{"east":{"uv":[8.71875,0.640625,9.015625,0.703125],"rotation":0,"texture":"#1","tintindex":0},"south":{"uv":[0.0,0.0,0.0,0.0625],"rotation":0,"texture":"#1","tintindex":0},"north":{"uv":[0.0,0.0,0.0,0.0625],"rotation":0,"texture":"#1","tintindex":0},"west":{"uv":[9.046875,1.609375,9.34375,1.671875],"rotation":0,"texture":"#1","tintindex":0},"up":{"uv":[0.0,0.296875,0.0,0.0],"rotation":0,"texture":"#1","tintindex":0},"down":{"uv":[0.0,0.0,0.0,0.296875],"rotation":0,"texture":"#1","tintindex":0}}},{"from":[4.1,4.423384,-8.864325],"to":[11.9,8.023384,9.564247],"rotation":{"angle":0.0,"axis":"y","origin":[8.0,21.223385,8.364247]},"faces":{"east":{"uv":[9.421875,2.390625,9.921875,2.484375],"rotation":0,"texture":"#1","tintindex":0},"south":{"uv":[9.765625,3.5,9.984375,3.59375],"rotation":0,"texture":"#1","tintindex":0},"north":{"uv":[9.078125,4.5,9.296875,4.59375],"rotation":0,"texture":"#1","tintindex":0},"west":{"uv":[11.328125,10.234375,11.828125,10.328125],"rotation":0,"texture":"#1","tintindex":0},"up":{"uv":[3.375,5.78125,3.15625,5.28125],"rotation":0,"texture":"#1","tintindex":0},"down":{"uv":[10.25,2.3125,10.03125,2.8125],"rotation":0,"texture":"#1","tintindex":0}}},{"from":[6.1571426,-1.5480452,-7.5786104],"to":[9.842857,3.2519555,-5.0643244],"rotation":{"angle":0.0,"axis":"y","origin":[8.285714,2.623384,-7.235753]},"faces":{"east":{"uv":[7.6875,0.28125,7.75,0.40625],"rotation":0,"texture":"#1","tintindex":0},"south":{"uv":[11.71875,2.40625,11.8125,2.53125],"rotation":0,"texture":"#1","tintindex":0},"north":{"uv":[5.015625,11.5625,5.109375,11.6875],"rotation":0,"texture":"#1","tintindex":0},"west":{"uv":[4.578125,10.125,4.640625,10.25],"rotation":0,"texture":"#1","tintindex":0},"up":{"uv":[10.078125,5.171875,9.984375,5.109375],"rotation":0,"texture":"#1","tintindex":0},"down":{"uv":[10.546875,1.171875,10.453125,1.234375],"rotation":0,"texture":"#1","tintindex":0}}},{"from":[1.7142854,1.7142854,-1.7142859],"to":[6.285714,8.571428,10.285714],"rotation":{"angle":0.0,"axis":"y","origin":[8.0,8.0,8.0]},"faces":{"east":{"uv":[8.640625,5.53125,8.96875,5.71875],"rotation":0,"texture":"#1","tintindex":0},"south":{"uv":[8.375,11.90625,8.5,12.09375],"rotation":0,"texture":"#1","tintindex":0},"north":{"uv":[7.3125,11.90625,7.4375,12.09375],"rotation":0,"texture":"#1","tintindex":0},"west":{"uv":[10.421875,5.234375,10.75,5.421875],"rotation":0,"texture":"#1","tintindex":0},"up":{"uv":[3.15625,11.953125,3.03125,11.625],"rotation":0,"texture":"#1","tintindex":0},"down":{"uv":[6.46875,11.640625,6.34375,11.96875],"rotation":0,"texture":"#1","tintindex":0}}},{"from":[5.142857,0.28571415,-0.71428585],"to":[10.857143,8.285714,11.285714],"rotation":{"angle":0.0,"axis":"y","origin":[8.0,8.0,8.0]},"faces":{"east":{"uv":[8.703125,1.078125,9.03125,1.296875],"rotation":0,"texture":"#1","tintindex":0},"south":{"uv":[0.0,11.75,0.15625,11.96875],"rotation":0,"texture":"#1","tintindex":0},"north":{"uv":[11.734375,0.3125,11.890625,0.53125],"rotation":0,"texture":"#1","tintindex":0},"west":{"uv":[10.84375,0.8125,11.171875,1.03125],"rotation":0,"texture":"#1","tintindex":0},"up":{"uv":[11.484375,10.015625,11.328125,9.6875],"rotation":0,"texture":"#1","tintindex":0},"down":{"uv":[9.859375,11.328125,9.703125,11.65625],"rotation":0,"texture":"#1","tintindex":0}}},{"from":[9.714286,1.7142854,-1.7142859],"to":[14.285715,8.571428,10.285714],"rotation":{"angle":0.0,"axis":"y","origin":[8.0,8.0,8.0]},"faces":{"east":{"uv":[11.046875,3.890625,11.375,4.078125],"rotation":0,"texture":"#1","tintindex":0},"south":{"uv":[11.90625,10.421875,12.03125,10.609375],"rotation":0,"texture":"#1","tintindex":0},"north":{"uv":[10.109375,11.90625,10.234375,12.09375],"rotation":0,"texture":"#1","tintindex":0},"west":{"uv":[4.90625,11.109375,5.234375,11.296875],"rotation":0,"texture":"#1","tintindex":0},"up":{"uv":[11.765625,8.21875,11.640625,7.890625],"rotation":0,"texture":"#1","tintindex":0},"down":{"uv":[10.75,11.640625,10.625,11.96875],"rotation":0,"texture":"#1","tintindex":0}}},{"from":[-1.7142859,5.714286,4.5714283],"to":[6.285714,12.571428,12.0],"rotation":{"angle":22.5,"axis":"x","origin":[4.0,9.142858,8.285714]},"faces":{"east":{"uv":[11.671875,10.328125,11.875,10.515625],"rotation":0,"texture":"#1","tintindex":0},"south":{"uv":[6.40625,2.34375,6.625,2.53125],"rotation":0,"texture":"#1","tintindex":0},"north":{"uv":[3.375,4.53125,3.59375,4.71875],"rotation":0,"texture":"#1","tintindex":0},"west":{"uv":[11.484375,11.671875,11.6875,11.859375],"rotation":0,"texture":"#1","tintindex":0},"up":{"uv":[3.03125,11.65625,2.8125,11.453125],"rotation":0,"texture":"#1","tintindex":0},"down":{"uv":[11.671875,10.328125,11.453125,10.53125],"rotation":0,"texture":"#1","tintindex":0}}},{"from":[9.714286,5.714286,4.5714283],"to":[17.714287,12.571428,12.0],"rotation":{"angle":22.5,"axis":"x","origin":[12.0,9.142858,8.285714]},"faces":{"east":{"uv":[0.15625,11.6875,0.359375,11.875],"rotation":0,"texture":"#1","tintindex":0},"south":{"uv":[11.640625,7.1875,11.859375,7.375],"rotation":0,"texture":"#1","tintindex":0},"north":{"uv":[11.59375,0.609375,11.8125,0.796875],"rotation":0,"texture":"#1","tintindex":0},"west":{"uv":[11.6875,1.578125,11.890625,1.765625],"rotation":0,"texture":"#1","tintindex":0},"up":{"uv":[11.6875,8.9375,11.46875,8.734375],"rotation":0,"texture":"#1","tintindex":0},"down":{"uv":[11.6875,10.8125,11.46875,11.015625],"rotation":0,"texture":"#1","tintindex":0}}},{"from":[5.3,2.0233846,-8.435753],"to":[10.7,6.8233843,-3.6357527],"rotation":{"angle":-22.5,"axis":"x","origin":[8.0,2.623384,-7.235753]},"faces":{"east":{"uv":[7.515625,0.484375,7.640625,0.609375],"rotation":0,"texture":"#1","tintindex":0},"south":{"uv":[7.53125,0.3125,7.671875,0.4375],"rotation":0,"texture":"#missing","tintindex":0},"north":{"uv":[7.328125,0.53125,7.46875,0.65625],"rotation":0,"texture":"#1","tintindex":0},"west":{"uv":[7.5625,0.671875,7.6875,0.796875],"rotation":0,"texture":"#1","tintindex":0},"up":{"uv":[7.671875,1.640625,7.53125,1.515625],"rotation":0,"texture":"#missing","tintindex":0},"down":{"uv":[7.6875,6.859375,7.546875,6.984375],"rotation":0,"texture":"#1","tintindex":0}}},{"from":[6.1571426,-1.5480452,-7.5786104],"to":[9.842857,3.2519555,-5.0643244],"rotation":{"angle":0.0,"axis":"y","origin":[8.285714,2.623384,-7.235753]},"faces":{"east":{"uv":[0.765625,4.21875,0.828125,4.34375],"rotation":0,"texture":"#missing","tintindex":0},"south":{"uv":[5.8125,7.734375,5.90625,7.859375],"rotation":0,"texture":"#missing","tintindex":0},"north":{"uv":[5.46875,7.734375,5.5625,7.859375],"rotation":0,"texture":"#missing","tintindex":0},"west":{"uv":[7.828125,1.015625,7.890625,1.140625],"rotation":0,"texture":"#missing","tintindex":0},"up":{"uv":[7.546875,4.640625,7.453125,4.578125],"rotation":0,"texture":"#missing","tintindex":0},"down":{"uv":[7.609375,2.875,7.515625,2.9375],"rotation":0,"texture":"#missing","tintindex":0}}},{"from":[6.0142856,-3.8337593,-6.2928963],"to":[9.985714,-0.17661572,-3.7786093],"rotation":{"angle":22.5,"axis":"x","origin":[8.285714,2.623384,-7.235753]},"faces":{"east":{"uv":[0.328125,6.828125,0.390625,6.921875],"rotation":0,"texture":"#1","tintindex":0},