{"textures":{"1":"modelengine:entity/xiddri_rock_break"},"elements":[{"from":[3.371428,4.0805273,3.307104],"to":[8.171429,8.8805275,11.707105],"rotation":{"angle":0.0,"axis":"y","origin":[6.9714284,34.08053,8.107104]},"faces":{"east":{"uv":[7.75,0.71875,7.984375,0.84375],"rotation":0,"texture":"#1","tintindex":0},"south":{"uv":[1.296875,12.0625,1.421875,12.1875],"rotation":0,"texture":"#1","tintindex":0},"north":{"uv":[12.0625,1.28125,12.1875,1.40625],"rotation":0,"texture":"#1","tintindex":0},"west":{"uv":[8.390625,7.0625,8.625,7.1875],"rotation":0,"texture":"#1","tintindex":0},"up":{"uv":[4.75,12.0625,4.625,11.828125],"rotation":0,"texture":"#1","tintindex":0},"down":{"uv":[4.875,11.828125,4.75,12.0625],"rotation":0,"texture":"#1","tintindex":0}}},{"from":[1.2714286,-0.41947365,5.7071047],"to":[4.8714285,5.880527,9.307105],"rotation":{"angle":-22.5,"axis":"z","origin":[3.9714284,1.6805272,7.5071044]},"faces":{"east":{"uv":[0.953125,12.046875,1.046875,12.21875],"rotation":0,"texture":"#1","tintindex":0},"south":{"uv":[12.046875,1.515625,12.140625,1.6875],"rotation":0,"texture":"#1","tintindex":0},"north":{"uv":[0.15625,12.046875,0.25,12.21875],"rotation":0,"texture":"#1","tintindex":0},"west":{"uv":[1.53125,12.046875,1.625,12.21875],"rotation":0,"texture":"#1","tintindex":0},"up":{"uv":[11.78125,7.1875,11.6875,7.09375],"rotation":0,"texture":"#1","tintindex":0},"down":{"uv":[11.859375,8.125,11.765625,8.21875],"rotation":0,"texture":"#1","tintindex":0}}},{"from":[3.9714284,0.18052673,2.407104],"to":[7.5714283,4.980527,6.0071044],"rotation":{"angle":22.5,"axis":"x","origin":[5.771428,1.6805272,5.1071043]},"faces":{"east":{"uv":[12.078125,5.765625,12.171875,5.890625],"rotation":0,"texture":"#1","tintindex":0},"south":{"uv":[12.078125,7.40625,12.171875,7.53125],"rotation":0,"texture":"#1","tintindex":0},"north":{"uv":[12.078125,5.234375,12.171875,5.359375],"rotation":0,"texture":"#1","tintindex":0},"west":{"uv":[0.65625,12.09375,0.75,12.21875],"rotation":0,"texture":"#1","tintindex":0},"up":{"uv":[12.109375,0.5,12.015625,0.40625],"rotation":0,"texture":"#1","tintindex":0},"down":{"uv":[12.203125,0.40625,12.109375,0.5],"rotation":0,"texture":"#1","tintindex":0}}},{"from":[3.9714284,-0.1194725,9.307105],"to":[7.5714283,4.680527,12.9071045],"rotation":{"angle":-22.5,"axis":"x","origin":[5.771428,1.6805272,5.1071043]},"faces":{"east":{"uv":[0.84375,12.09375,0.9375,12.21875],"rotation":0,"texture":"#1","tintindex":0},"south":{"uv":[12.09375,2.53125,12.1875,2.65625],"rotation":0,"texture":"#1","tintindex":0},"north":{"uv":[0.75,12.09375,0.84375,12.21875],"rotation":0,"texture":"#1","tintindex":0},"west":{"uv":[12.09375,4.8125,12.1875,4.9375],"rotation":0,"texture":"#1","tintindex":0},"up":{"uv":[10.515625,12.203125,10.421875,12.109375],"rotation":0,"texture":"#1","tintindex":0},"down":{"uv":[12.203125,11.6875,12.109375,11.78125],"rotation":0,"texture":"#1","tintindex":0}}},{"from":[5.771428,2.8805275,4.8071046],"to":[9.3714285,10.080527,10.207105],"rotation":{"angle":-22.5,"axis":"z","origin":[5.1714287,4.0805273,7.5071044]},"faces":{"east":{"uv":[2.90625,6.90625,3.046875,7.109375],"rotation":0,"texture":"#1","tintindex":0},"south":{"uv":[2.03125,12.0,2.125,12.203125],"rotation":0,"texture":"#1","tintindex":0},"north":{"uv":[4.34375,0.9375,4.4375,1.140625],"rotation":0,"texture":"#1","tintindex":0},"west":{"uv":[1.34375,7.5,1.484375,7.703125],"rotation":0,"texture":"#1","tintindex":0},"up":{"uv":[11.8125,8.5625,11.71875,8.421875],"rotation":0,"texture":"#1","tintindex":0},"down":{"uv":[12.15625,8.71875,12.0625,8.859375],"rotation":0,"texture":"#1","tintindex":0}}}],"display":{"head":{"translation":[0.0,-6.4,0.0],"scale":[4.0,4.0,4.0]}}}