{"textures":{"1":"modelengine:entity/xiddri_rock_break"},"elements":[{"from":[4.785714,-1.1428576,5.5],"to":[9.928572,9.714286,10.642858],"rotation":{"angle":-22.5,"axis":"z","origin":[7.642857,6.857143,2.642857]},"faces":{"east":{"uv":[2.390625,11.5625,2.53125,11.859375],"rotation":0,"texture":"#1","tintindex":0},"south":{"uv":[3.21875,11.5625,3.359375,11.859375],"rotation":0,"texture":"#1","tintindex":0},"north":{"uv":[10.0,11.546875,10.140625,11.84375],"rotation":0,"texture":"#1","tintindex":0},"west":{"uv":[3.359375,11.5625,3.5,11.859375],"rotation":0,"texture":"#1","tintindex":0},"up":{"uv":[2.6875,6.90625,2.546875,6.765625],"rotation":0,"texture":"#1","tintindex":0},"down":{"uv":[3.0,9.515625,2.859375,9.65625],"rotation":0,"texture":"#1","tintindex":0}}},{"from":[6.1571426,0.30909872,5.564247],"to":[9.757143,8.709099,9.1642475],"rotation":{"angle":-22.5,"axis":"z","origin":[8.557143,8.109098,8.264248]},"faces":{"east":{"uv":[4.515625,11.953125,4.609375,12.1875],"rotation":0,"texture":"#1","tintindex":0},"south":{"uv":[11.953125,5.953125,12.046875,6.1875],"rotation":0,"texture":"#1","tintindex":0},"north":{"uv":[11.953125,3.890625,12.046875,4.125],"rotation":0,"texture":"#1","tintindex":0},"west":{"uv":[11.09375,11.953125,11.1875,12.1875],"rotation":0,"texture":"#1","tintindex":0},"up":{"uv":[5.3125,12.203125,5.21875,12.109375],"rotation":0,"texture":"#1","tintindex":0},"down":{"uv":[12.203125,6.75,12.109375,6.84375],"rotation":0,"texture":"#1","tintindex":0}}},{"from":[4.226403,-7.0310287,5.5],"to":[8.940689,2.683258,9.5],"rotation":{"angle":22.5,"axis":"z","origin":[7.7264037,-1.602457,7.5]},"faces":{"east":{"uv":[6.03125,11.8125,6.140625,12.078125],"rotation":0,"texture":"#1","tintindex":0},"south":{"uv":[11.765625,7.859375,11.890625,8.125],"rotation":0,"texture":"#1","tintindex":0},"north":{"uv":[11.75,7.59375,11.875,7.859375],"rotation":0,"texture":"#1","tintindex":0},"west":{"uv":[7.65625,11.828125,7.765625,12.09375],"rotation":0,"texture":"#1","tintindex":0},"up":{"uv":[8.75,6.625,8.625,6.515625],"rotation":0,"texture":"#1","tintindex":0},"down":{"uv":[10.421875,5.0,10.296875,5.109375],"rotation":0,"texture":"#1","tintindex":0}}},{"from":[5.0698338,-5.8391905,6.1642475],"to":[7.769834,1.6608095,8.564247],"rotation":{"angle":22.5,"axis":"z","origin":[3.869834,-1.6391907,7.3642473]},"faces":{"east":{"uv":[2.40625,12.078125,2.46875,12.28125],"rotation":0,"texture":"#1","tintindex":0},"south":{"uv":[4.984375,10.5625,5.0625,10.765625],"rotation":0,"texture":"#1","tintindex":0},"north":{"uv":[4.5,10.5625,4.578125,10.765625],"rotation":0,"texture":"#1","tintindex":0},"west":{"uv":[12.078125,2.734375,12.140625,2.9375],"rotation":0,"texture":"#1","tintindex":0},"up":{"uv":[10.625,6.65625,10.546875,6.59375],"rotation":0,"texture":"#1","tintindex":0},"down":{"uv":[2.765625,10.5625,2.6875,10.625],"rotation":0,"texture":"#1","tintindex":0}}}],"display":{"head":{"translation":[0.0,-6.4,0.0],"scale":[4.0,4.0,4.0]}}}