{"textures":{"1":"modelengine:entity/xiddri_rock_break"},"elements":[{"from":[6.1,2.0519552,5.7642474],"to":[9.7,10.451956,9.364247],"rotation":{"angle":-22.5,"axis":"x","origin":[8.5,9.851955,8.464248]},"faces":{"east":{"uv":[11.96875,0.90625,12.0625,1.140625],"rotation":0,"texture":"#1","tintindex":0},"south":{"uv":[11.96875,1.140625,12.0625,1.375],"rotation":0,"texture":"#1","tintindex":0},"north":{"uv":[0.0,11.96875,0.09375,12.203125],"rotation":0,"texture":"#1","tintindex":0},"west":{"uv":[11.96875,1.734375,12.0625,1.96875],"rotation":0,"texture":"#1","tintindex":0},"up":{"uv":[12.203125,6.9375,12.109375,6.84375],"rotation":0,"texture":"#1","tintindex":0},"down":{"uv":[9.203125,12.109375,9.109375,12.203125],"rotation":0,"texture":"#1","tintindex":0}}},{"from":[6.512691,-3.196333,8.1642475],"to":[9.212691,4.3036666,10.564247],"rotation":{"angle":22.5,"axis":"x","origin":[3.8126912,0.10366678,7.5642476]},"faces":{"east":{"uv":[3.140625,12.078125,3.203125,12.28125],"rotation":0,"texture":"#1","tintindex":0},"south":{"uv":[2.78125,12.046875,2.859375,12.25],"rotation":0,"texture":"#1","tintindex":0},"north":{"uv":[3.921875,11.140625,4.0,11.34375],"rotation":0,"texture":"#1","tintindex":0},"west":{"uv":[3.203125,12.078125,3.265625,12.28125],"rotation":0,"texture":"#1","tintindex":0},"up":{"uv":[10.65625,1.453125,10.578125,1.390625],"rotation":0,"texture":"#1","tintindex":0},"down":{"uv":[10.703125,6.59375,10.625,6.65625],"rotation":0,"texture":"#1","tintindex":0}}},{"from":[5.142857,1.1428566,5.714286],"to":[10.857143,10.285714,11.428572],"rotation":{"angle":-22.5,"axis":"x","origin":[8.0,8.0,8.0]},"faces":{"east":{"uv":[6.625,11.65625,6.78125,11.90625],"rotation":0,"texture":"#1","tintindex":0},"south":{"uv":[6.78125,11.65625,6.9375,11.90625],"rotation":0,"texture":"#1","tintindex":0},"north":{"uv":[6.46875,11.65625,6.625,11.90625],"rotation":0,"texture":"#1","tintindex":0},"west":{"uv":[7.375,11.65625,7.53125,11.90625],"rotation":0,"texture":"#1","tintindex":0},"up":{"uv":[7.65625,4.40625,7.5,4.25],"rotation":0,"texture":"#1","tintindex":0},"down":{"uv":[11.984375,6.25,11.828125,6.40625],"rotation":0,"texture":"#1","tintindex":0}}},{"from":[5.714286,-5.1428576,7.428571],"to":[10.285714,4.0,10.857143],"rotation":{"angle":22.5,"axis":"x","origin":[8.0,-0.57142925,8.0]},"faces":{"east":{"uv":[5.75,3.28125,5.84375,3.53125],"rotation":0,"texture":"#1","tintindex":0},"south":{"uv":[8.578125,11.796875,8.703125,12.046875],"rotation":0,"texture":"#1","tintindex":0},"north":{"uv":[9.5,11.78125,9.625,12.03125],"rotation":0,"texture":"#1","tintindex":0},"west":{"uv":[0.484375,7.21875,0.578125,7.46875],"rotation":0,"texture":"#1","tintindex":0},"up":{"uv":[6.515625,10.171875,6.390625,10.078125],"rotation":0,"texture":"#1","tintindex":0},"down":{"uv":[8.8125,10.640625,8.6875,10.734375],"rotation":0,"texture":"#1","tintindex":0}}}],"display":{"head":{"translation":[0.0,-6.4,0.0],"scale":[4.0,4.0,4.0]}}}