{"textures":{"1":"modelengine:entity/xiddri_rock_break"},"elements":[{"from":[6.5142856,1.4519558,6.1213903],"to":[10.114286,9.851955,9.721391],"rotation":{"angle":-22.5,"axis":"z","origin":[8.914286,9.251956,8.82139]},"faces":{"east":{"uv":[2.953125,11.953125,3.046875,12.1875],"rotation":0,"texture":"#1","tintindex":0},"south":{"uv":[3.046875,11.953125,3.140625,12.1875],"rotation":0,"texture":"#1","tintindex":0},"north":{"uv":[0.796875,10.578125,0.890625,10.8125],"rotation":0,"texture":"#1","tintindex":0},"west":{"uv":[11.953125,3.65625,12.046875,3.890625],"rotation":0,"texture":"#1","tintindex":0},"up":{"uv":[12.203125,2.390625,12.109375,2.296875],"rotation":0,"texture":"#1","tintindex":0},"down":{"uv":[5.21875,12.109375,5.125,12.203125],"rotation":0,"texture":"#1","tintindex":0}}},{"from":[5.726977,-7.3963337,6.7213902],"to":[8.426977,2.5036669,9.12139],"rotation":{"angle":45.0,"axis":"z","origin":[4.226977,-0.49633312,7.9213905]},"faces":{"east":{"uv":[8.453125,10.140625,8.515625,10.40625],"rotation":0,"texture":"#1","tintindex":0},"south":{"uv":[2.28125,8.0,2.359375,8.265625],"rotation":0,"texture":"#1","tintindex":0},"north":{"uv":[7.375,6.09375,7.453125,6.359375],"rotation":0,"texture":"#1","tintindex":0},"west":{"uv":[4.625,11.328125,4.6875,11.59375],"rotation":0,"texture":"#1","tintindex":0},"up":{"uv":[10.484375,4.15625,10.40625,4.09375],"rotation":0,"texture":"#1","tintindex":0},"down":{"uv":[10.53125,0.828125,10.453125,0.890625],"rotation":0,"texture":"#1","tintindex":0}}},{"from":[5.142857,0.0,5.142857],"to":[10.285714,10.857143,10.285714],"rotation":{"angle":-22.5,"axis":"z","origin":[8.0,8.0,8.0]},"faces":{"east":{"uv":[11.546875,3.546875,11.6875,3.84375],"rotation":0,"texture":"#1","tintindex":0},"south":{"uv":[11.546875,5.84375,11.6875,6.140625],"rotation":0,"texture":"#1","tintindex":0},"north":{"uv":[7.34375,7.640625,7.484375,7.9375],"rotation":0,"texture":"#1","tintindex":0},"west":{"uv":[11.546875,7.390625,11.6875,7.6875],"rotation":0,"texture":"#1","tintindex":0},"up":{"uv":[1.3125,4.03125,1.171875,3.890625],"rotation":0,"texture":"#1","tintindex":0},"down":{"uv":[4.5625,3.796875,4.421875,3.9375],"rotation":0,"texture":"#1","tintindex":0}}},{"from":[3.4311528,-7.4898024,5.714286],"to":[8.145438,3.3673415,9.714286],"rotation":{"angle":45.0,"axis":"z","origin":[5.0025816,1.5101986,7.714286]},"faces":{"east":{"uv":[9.109375,7.5,9.21875,7.796875],"rotation":0,"texture":"#1","tintindex":0},"south":{"uv":[2.34375,10.578125,2.46875,10.875],"rotation":0,"texture":"#1","tintindex":0},"north":{"uv":[0.96875,9.515625,1.09375,9.8125],"rotation":0,"texture":"#1","tintindex":0},"west":{"uv":[7.625,9.890625,7.734375,10.1875],"rotation":0,"texture":"#1","tintindex":0},"up":{"uv":[8.109375,1.125,7.984375,1.015625],"rotation":0,"texture":"#1","tintindex":0},"down":{"uv":[8.390625,6.625,8.265625,6.734375],"rotation":0,"texture":"#1","tintindex":0}}}],"display":{"head":{"translation":[0.0,-6.4,0.0],"scale":[4.0,4.0,4.0]}}}