{"textures":{"1":"modelengine:entity/xiddri_rock_break"},"elements":[{"from":[5.7279997,-15.187632,4.7509727],"to":[10.768,9.004369,9.790974],"rotation":{"angle":0.0,"axis":"y","origin":[9.76,7.996369,7.7749734]},"faces":{"east":{"uv":[2.359375,7.484375,2.5625,8.421875],"rotation":0,"texture":"#1","tintindex":0},"south":{"uv":[2.5625,7.484375,2.765625,8.421875],"rotation":0,"texture":"#1","tintindex":0},"north":{"uv":[4.0625,7.265625,4.265625,8.203125],"rotation":0,"texture":"#1","tintindex":0},"west":{"uv":[4.921875,7.484375,5.125,8.421875],"rotation":0,"texture":"#1","tintindex":0},"up":{"uv":[6.140625,11.8125,5.9375,11.609375],"rotation":0,"texture":"#1","tintindex":0},"down":{"uv":[11.8125,6.71875,11.609375,6.921875],"rotation":0,"texture":"#1","tintindex":0}}},{"from":[3.9639997,2.956369,2.734973],"to":[12.028,10.012369,12.814974],"rotation":{"angle":-22.5,"axis":"z","origin":[9.76,7.996369,7.7749734]},"faces":{"east":{"uv":[9.9375,0.625,10.328125,0.90625],"rotation":0,"texture":"#1","tintindex":0},"south":{"uv":[10.53125,0.828125,10.84375,1.109375],"rotation":0,"texture":"#1","tintindex":0},"north":{"uv":[5.0625,10.515625,5.375,10.796875],"rotation":0,"texture":"#1","tintindex":0},"west":{"uv":[9.953125,6.6875,10.34375,6.96875],"rotation":0,"texture":"#1","tintindex":0},"up":{"uv":[2.546875,9.890625,2.234375,9.5],"rotation":0,"texture":"#1","tintindex":0},"down":{"uv":[7.734375,9.5,7.421875,9.890625],"rotation":0,"texture":"#1","tintindex":0}}},{"from":[3.6516213,-2.47674,3.7429733],"to":[9.699621,5.5872602,11.806973],"rotation":{"angle":0.0,"axis":"y","origin":[7.179621,-0.20873928,7.270973]},"faces":{"east":{"uv":[10.21875,9.359375,10.53125,9.671875],"rotation":0,"texture":"#1","tintindex":0},"south":{"uv":[4.5,10.8125,4.734375,11.125],"rotation":0,"texture":"#1","tintindex":0},"north":{"uv":[6.9375,10.734375,7.171875,11.046875],"rotation":0,"texture":"#1","tintindex":0},"west":{"uv":[10.21875,9.671875,10.53125,9.984375],"rotation":0,"texture":"#1","tintindex":0},"up":{"uv":[6.25,11.125,6.015625,10.8125],"rotation":0,"texture":"#1","tintindex":0},"down":{"uv":[11.046875,8.609375,10.8125,8.921875],"rotation":0,"texture":"#1","tintindex":0}}},{"from":[4.6596212,-10.540739,3.9949732],"to":[8.691621,-2.47674,10.546973],"rotation":{"angle":0.0,"axis":"y","origin":[7.179621,-0.20873928,7.270973]},"faces":{"east":{"uv":[8.6875,10.734375,8.9375,11.046875],"rotation":0,"texture":"#1","tintindex":0},"south":{"uv":[1.234375,11.359375,1.390625,11.671875],"rotation":0,"texture":"#1","tintindex":0},"north":{"uv":[10.671875,11.328125,10.828125,11.640625],"rotation":0,"texture":"#1","tintindex":0},"west":{"uv":[8.9375,10.734375,9.1875,11.046875],"rotation":0,"texture":"#1","tintindex":0},"up":{"uv":[8.578125,11.90625,8.421875,11.65625],"rotation":0,"texture":"#1","tintindex":0},"down":{"uv":[9.78125,11.65625,9.625,11.90625],"rotation":0,"texture":"#1","tintindex":0}}},{"from":[1.7221808,9.036369,8.204524],"to":[11.802181,15.08437,14.252524],"rotation":{"angle":45.0,"axis":"y","origin":[3.990181,9.036369,8.456524]},"faces":{"east":{"uv":[11.25,4.828125,11.484375,5.0625],"rotation":0,"texture":"#1","tintindex":0},"south":{"uv":[10.40625,3.625,10.796875,3.859375],"rotation":0,"texture":"#1","tintindex":0},"north":{"uv":[10.40625,2.734375,10.796875,2.96875],"rotation":0,"texture":"#1","tintindex":0},"west":{"uv":[11.25,5.0625,11.484375,5.296875],"rotation":0,"texture":"#1","tintindex":0},"up":{"uv":[10.796875,4.09375,10.40625,3.859375],"rotation":0,"texture":"#1","tintindex":0},"down":{"uv":[8.84375,10.40625,8.453125,10.640625],"rotation":0,"texture":"#1","tintindex":0}}},{"from":[-2.0,8.5,3.9],"to":[8.0,18.1,13.1],"rotation":{"angle":-22.5,"axis":"z","origin":[2.6,10.1,9.0]},"faces":{"east":{"uv":[9.109375,8.96875,9.46875,9.34375],"rotation":0,"texture":"#1","tintindex":0},"south":{"uv":[8.640625,5.15625,9.03125,5.53125],"rotation":0,"texture":"#1","tintindex":0},"north":{"uv":[8.625,7.0625,9.015625,7.4375],"rotation":0,"texture":"#1","tintindex":0},"west":{"uv":[9.125,0.265625,9.484375,0.640625],"rotation":0,"texture":"#1","tintindex":0},"up":{"uv":[9.34375,2.03125,8.953125,1.671875],"rotation":0,"texture":"#1","tintindex":0},"down":{"uv":[9.109375,8.96875,8.71875,9.328125],"rotation":0,"texture":"#1","tintindex":0}}},{"from":[0.099999905,2.6999998,-2.5],"to":[12.1,15.9,8.3],"rotation":{"angle":-22.5,"axis":"x","origin":[2.6,10.1,9.0]},"faces":{"east":{"uv":[3.875,6.75,4.296875,7.265625],"rotation":0,"texture":"#1","tintindex":0},"south":{"uv":[1.765625,6.25,2.234375,6.765625],"rotation":0,"texture":"#1","tintindex":0},"north":{"uv":[6.15625,2.53125,6.625,3.046875],"rotation":0,"texture":"#1","tintindex":0},"west":{"uv":[1.703125,6.765625,2.125,7.28125],"rotation":0,"texture":"#1","tintindex":0},"up":{"uv":[7.5,4.40625,7.03125,3.984375],"rotation":0,"texture":"#1","tintindex":0},"down":{"uv":[7.515625,2.71875,7.046875,3.140625],"rotation":0,"texture":"#1","tintindex":0}}},{"from":[0.5,-7.3,7.9],"to":[11.3,11.9,17.1],"rotation":{"angle":0.0,"axis":"y","origin":[2.6,10.1,9.0]},"faces":{"east":{"uv":[0.921875,5.484375,1.28125,6.234375],"rotation":0,"texture":"#1","tintindex":0},"south":{"uv":[2.953125,4.53125,3.375,5.28125],"rotation":0,"texture":"#1","tintindex":0},"north":{"uv":[0.671875,4.46875,1.09375,5.21875],"rotation":0,"texture":"#1","tintindex":0},"west":{"uv":[5.734375,5.328125,6.09375,6.078125],"rotation":0,"texture":"#1","tintindex":0},"up":{"uv":[1.15625,8.796875,0.734375,8.4375],"rotation":0,"texture":"#1","tintindex":0},"down":{"uv":[5.6875,8.4375,5.265625,8.796875],"rotation":0,"texture":"#1","tintindex":0}}},{"from":[-6.8,-4.4000006,9.1],"to":[2.7999997,1.5999999,14.3],"rotation":{"angle":-22.5,"axis":"z","origin":[-1.6999998,0.6999998,11.7]},"faces":{"east":{"uv":[11.40625,2.578125,11.609375,2.8125],"rotation":0,"texture":"#1","tintindex":0},"south":{"uv":[10.53125,1.9375,10.90625,2.171875],"rotation":0,"texture":"#1","tintindex":0},"north":{"uv":[10.53125,1.703125,10.90625,1.9375],"rotation":0,"texture":"#1","tintindex":0},"west":{"uv":[11.40625,4.28125,11.609375,4.515625],"rotation":0,"texture":"#1","tintindex":0},"up":{"uv":[11.171875,2.9375,10.796875,2.734375],"rotation":0,"texture":"#1","tintindex":0},"down":{"uv":[11.171875,8.171875,10.796875,8.375],"rotation":0,"texture":"#1","tintindex":0}}},{"from":[-3.5,9.9,9.9],"to":[2.5,21.900002,19.1],"rotation":{"angle":22.5,"axis":"x","origin":[-0.10000038,19.5,12.5]},"faces":{"east":{"uv":[8.03125,6.734375,8.390625,7.203125],"rotation":0,"texture":"#1","tintindex":0},"south":{"uv":[9.984375,4.296875,10.21875,4.765625],"rotation":0,"texture":"#1","tintindex":0},"north":{"uv":[4.34375,9.84375,4.578125,10.3125],"rotation":0,"texture":"#1","tintindex":0},"west":{"uv":[8.0,8.046875,8.359375,8.515625],"rotation":0,"texture":"#1","tintindex":0},"up":{"uv":[1.515625,5.84375,1.28125,5.484375],"rotation":0,"texture":"#1","tintindex":0},"down":{"uv":[4.984375,10.5625,4.75,10.921875],"rotation":0,"texture":"#1","tintindex":0}}},{"from":[-3.1000004,18.900002,10.7],"to":[1.6999998,27.7,18.7],"rotation":{"angle":0.0,"axis":"y","origin":[-0.5,27.9,14.5]},"faces":{"east":{"uv":[9.984375,4.765625,10.296875,5.109375],"rotation":0,"texture":"#1","tintindex":0},"south":{"uv":[11.046875,8.765625,11.234375,9.109375],"rotation":0,"texture":"#1","tintindex":0},"north":{"uv":[8.625,11.046875,8.8125,11.390625],"rotation":0,"texture":"#1","tintindex":0},"west":{"uv":[10.015625,3.5,10.328125,3.84375],"rotation":0,"texture":"#1","tintindex":0},"up":{"uv":[7.609375,11.421875,7.421875,11.109375],"rotation":0,"texture":"#1","tintindex":0},"down":{"uv":[7.96875,11.109375,7.78125,11.421875],"rotation":0,"texture":"#1","tintindex":0}}},{"from":[2.5,-12.5,-5.7],"to":[12.5,-0.9000006,3.5],"rotation":{"angle":-22.5,"axis":"x","origin":[2.6,10.1,9.0]},"faces":{"east":{"uv":[5.921875,8.25,6.28125,8.703125],"rotation":0,"texture":"#1","tintindex":0},"south":{"uv":[7.828125,5.375,8.21875,5.828125],"rotation":0,"texture":"#1",