{"textures":{"1":"modelengine:entity/xiddri_rock_break"},"elements":[{"from":[10.928572,2.1090984,5.792819],"to":[14.528572,9.309099,9.392818],"rotation":{"angle":45.0,"axis":"z","origin":[9.428572,2.1090984,8.192819]},"faces":{"east":{"uv":[2.5,12.0,2.59375,12.203125],"rotation":0,"texture":"#1","tintindex":0},"south":{"uv":[12.0,2.53125,12.09375,2.734375],"rotation":0,"texture":"#1","tintindex":0},"north":{"uv":[2.125,12.0,2.21875,12.203125],"rotation":0,"texture":"#1","tintindex":0},"west":{"uv":[2.59375,12.0,2.6875,12.203125],"rotation":0,"texture":"#1","tintindex":0},"up":{"uv":[12.21875,0.09375,12.125,0.0],"rotation":0,"texture":"#1","tintindex":0},"down":{"uv":[12.21875,0.5,12.125,0.59375],"rotation":0,"texture":"#1","tintindex":0}}},{"from":[10.328571,-0.5909023,6.0928187],"to":[12.728571,5.4090986,9.092819],"rotation":{"angle":0.0,"axis":"y","origin":[9.428572,2.1090984,8.192819]},"faces":{"east":{"uv":[1.3125,11.671875,1.390625,11.84375],"rotation":0,"texture":"#1","tintindex":0},"south":{"uv":[8.96875,5.53125,9.03125,5.703125],"rotation":0,"texture":"#1","tintindex":0},"north":{"uv":[3.125,8.375,3.1875,8.546875],"rotation":0,"texture":"#1","tintindex":0},"west":{"uv":[9.96875,12.0625,10.046875,12.234375],"rotation":0,"texture":"#1","tintindex":0},"up":{"uv":[1.9375,3.828125,1.875,3.75],"rotation":0,"texture":"#1","tintindex":0},"down":{"uv":[0.625,3.796875,0.5625,3.875],"rotation":0,"texture":"#1","tintindex":0}}},{"from":[7.428571,0.5714283,4.5714283],"to":[12.0,10.857143,10.285714],"rotation":{"angle":45.0,"axis":"z","origin":[8.0,6.0,8.0]},"faces":{"east":{"uv":[0.0,11.46875,0.15625,11.75],"rotation":0,"texture":"#1","tintindex":0},"south":{"uv":[11.703125,6.015625,11.828125,6.296875],"rotation":0,"texture":"#1","tintindex":0},"north":{"uv":[11.703125,3.734375,11.828125,4.015625],"rotation":0,"texture":"#1","tintindex":0},"west":{"uv":[1.0,11.5,1.15625,11.78125],"rotation":0,"texture":"#1","tintindex":0},"up":{"uv":[12.109375,11.84375,11.984375,11.6875],"rotation":0,"texture":"#1","tintindex":0},"down":{"uv":[12.125,0.0,12.0,0.15625],"rotation":0,"texture":"#1","tintindex":0}}},{"from":[9.311967,-2.173315,5.142857],"to":[13.883395,4.826685,9.714286],"rotation":{"angle":0.0,"axis":"y","origin":[13.454824,2.969542,7.428571]},"faces":{"east":{"uv":[11.9375,5.375,12.0625,5.5625],"rotation":0,"texture":"#1","tintindex":0},"south":{"uv":[11.9375,10.609375,12.0625,10.796875],"rotation":0,"texture":"#1","tintindex":0},"north":{"uv":[10.421875,11.921875,10.546875,12.109375],"rotation":0,"texture":"#1","tintindex":0},"west":{"uv":[11.9375,10.796875,12.0625,10.984375],"rotation":0,"texture":"#1","tintindex":0},"up":{"uv":[1.75,12.1875,1.625,12.0625],"rotation":0,"texture":"#1","tintindex":0},"down":{"uv":[12.1875,1.6875,12.0625,1.8125],"rotation":0,"texture":"#1","tintindex":0}}}],"display":{"head":{"translation":[0.0,-6.4,0.0],"scale":[4.0,4.0,4.0]}}}