{"textures":{"1":"modelengine:entity/xiddri_rock_break"},"elements":[{"from":[6.428571,-5.714286,2.4285712],"to":[15.0,3.4285717,9.857143],"rotation":{"angle":-22.5,"axis":"z","origin":[0.28571415,-4.285714,7.714286]},"faces":{"east":{"uv":[0.796875,11.34375,1.0,11.59375],"rotation":0,"texture":"#1","tintindex":0},"south":{"uv":[11.109375,7.546875,11.34375,7.796875],"rotation":0,"texture":"#1","tintindex":0},"north":{"uv":[11.109375,6.25,11.34375,6.5],"rotation":0,"texture":"#1","tintindex":0},"west":{"uv":[11.34375,3.390625,11.546875,3.640625],"rotation":0,"texture":"#1","tintindex":0},"up":{"uv":[9.078125,11.59375,8.84375,11.390625],"rotation":0,"texture":"#1","tintindex":0},"down":{"uv":[11.640625,1.03125,11.40625,1.234375],"rotation":0,"texture":"#1","tintindex":0}}},{"from":[-4.000001,-16.0,7.0],"to":[4.5714283,-6.8571434,14.428572],"rotation":{"angle":22.5,"axis":"z","origin":[0.28571415,-4.285714,7.714286]},"faces":{"east":{"uv":[0.796875,11.34375,1.0,11.59375],"rotation":0,"texture":"#1","tintindex":0},"south":{"uv":[11.109375,7.546875,11.34375,7.796875],"rotation":0,"texture":"#1","tintindex":0},"north":{"uv":[11.109375,6.25,11.34375,6.5],"rotation":0,"texture":"#1","tintindex":0},"west":{"uv":[11.34375,3.390625,11.546875,3.640625],"rotation":0,"texture":"#1","tintindex":0},"up":{"uv":[9.078125,11.59375,8.84375,11.390625],"rotation":0,"texture":"#1","tintindex":0},"down":{"uv":[11.640625,1.03125,11.40625,1.234375],"rotation":0,"texture":"#1","tintindex":0}}},{"from":[5.142857,-15.605188,5.2213902],"to":[11.142858,9.594813,11.221391],"rotation":{"angle":0.0,"axis":"y","origin":[9.942858,37.194817,8.82139]},"faces":{"east":{"uv":[7.734375,9.5,7.90625,10.1875],"rotation":0,"texture":"#1","tintindex":0},"south":{"uv":[0.171875,9.5625,0.34375,10.25],"rotation":0,"texture":"#1","tintindex":0},"north":{"uv":[6.625,7.265625,6.796875,7.953125],"rotation":0,"texture":"#1","tintindex":0},"west":{"uv":[4.640625,9.5625,4.8125,10.25],"rotation":0,"texture":"#1","tintindex":0},"up":{"uv":[11.953125,4.1875,11.78125,4.015625],"rotation":0,"texture":"#1","tintindex":0},"down":{"uv":[11.984375,0.53125,11.8125,0.703125],"rotation":0,"texture":"#1","tintindex":0}}},{"from":[3.9428568,4.794813,4.02139],"to":[12.342857,11.994814,12.421391],"rotation":{"angle":0.0,"axis":"y","origin":[9.942858,37.194817,8.82139]},"faces":{"east":{"uv":[11.359375,0.59375,11.59375,0.796875],"rotation":0,"texture":"#1","tintindex":0},"south":{"uv":[11.375,6.734375,11.609375,6.9375],"rotation":0,"texture":"#1","tintindex":0},"north":{"uv":[11.34375,8.53125,11.578125,8.734375],"rotation":0,"texture":"#1","tintindex":0},"west":{"uv":[8.609375,11.390625,8.84375,11.59375],"rotation":0,"texture":"#1","tintindex":0},"up":{"uv":[11.4375,4.828125,11.203125,4.59375],"rotation":0,"texture":"#1","tintindex":0},"down":{"uv":[11.46875,8.765625,11.234375,9.0],"rotation":0,"texture":"#1","tintindex":0}}},{"from":[2.742857,-1.2051868,6.42139],"to":[6.342857,9.594813,10.021391],"rotation":{"angle":0.0,"axis":"y","origin":[2.142857,1.1948128,8.221391]},"faces":{"east":{"uv":[3.0625,6.25,3.15625,6.546875],"rotation":0,"texture":"#1","tintindex":0},"south":{"uv":[3.375,7.109375,3.46875,7.40625],"rotation":0,"texture":"#1","tintindex":0},"north":{"uv":[6.015625,1.375,6.109375,1.671875],"rotation":0,"texture":"#1","tintindex":0},"west":{"uv":[7.671875,4.9375,7.765625,5.234375],"rotation":0,"texture":"#1","tintindex":0},"up":{"uv":[11.4375,6.5,11.34375,6.40625],"rotation":0,"texture":"#1","tintindex":0},"down":{"uv":[11.5,8.265625,11.40625,8.359375],"rotation":0,"texture":"#1","tintindex":0}}},{"from":[0.1428566,4.0000005,4.0],"to":[8.714286,13.1428585,11.428572],"rotation":{"angle":22.5,"axis":"z","origin":[0.28571415,-4.285714,7.714286]},"faces":{"east":{"uv":[0.796875,11.34375,1.0,11.59375],"rotation":0,"texture":"#1","tintindex":0},"south":{"uv":[11.109375,7.546875,11.34375,7.796875],"rotation":0,"texture":"#1","tintindex":0},"north":{"uv":[11.109375,6.25,11.34375,6.5],"rotation":0,"texture":"#1","tintindex":0},"west":{"uv":[11.34375,3.390625,11.546875,3.640625],"rotation":0,"texture":"#1","tintindex":0},"up":{"uv":[9.078125,11.59375,8.84375,11.390625],"rotation":0,"texture":"#1","tintindex":0},"down":{"uv":[11.640625,1.03125,11.40625,1.234375],"rotation":0,"texture":"#1","tintindex":0}}}],"display":{"head":{"translation":[0.0,-9.828573,0.0],"scale":[4.0,4.0,4.0]}}}