{"textures":{"1":"modelengine:entity/xiddri_rock_break"},"elements":[{"from":[1.9999995,9.366241,-8.15004],"to":[14.0,18.066242,8.649961],"rotation":{"angle":0.0,"axis":"y","origin":[8.0,9.366241,-10.550039]},"faces":{"east":{"uv":[10.0,6.4375,10.453125,6.671875],"rotation":0,"texture":"#1","tintindex":0},"south":{"uv":[10.734375,6.875,11.0625,7.109375],"rotation":0,"texture":"#1","tintindex":0},"north":{"uv":[6.15625,3.046875,6.484375,3.28125],"rotation":0,"texture":"#1","tintindex":0},"west":{"uv":[10.125,1.234375,10.578125,1.46875],"rotation":0,"texture":"#1","tintindex":0},"up":{"uv":[8.921875,5.15625,8.59375,4.703125],"rotation":0,"texture":"#1","tintindex":0},"down":{"uv":[8.9375,3.8125,8.609375,4.265625],"rotation":0,"texture":"#1","tintindex":0}}},{"from":[6.8,16.266243,-6.6500397],"to":[9.2,21.066242,2.6499615],"rotation":{"angle":-22.5,"axis":"x","origin":[8.0,17.91624,3.8499613]},"faces":{"east":{"uv":[10.125,1.46875,10.375,1.59375],"rotation":0,"texture":"#1","tintindex":0},"south":{"uv":[5.859375,11.6875,5.921875,11.8125],"rotation":0,"texture":"#1","tintindex":0},"north":{"uv":[10.46875,8.609375,10.53125,8.734375],"rotation":0,"texture":"#1","tintindex":0},"west":{"uv":[11.125,10.53125,11.375,10.65625],"rotation":0,"texture":"#1","tintindex":0},"up":{"uv":[5.125,10.515625,5.0625,10.265625],"rotation":0,"texture":"#1","tintindex":0},"down":{"uv":[8.265625,11.109375,8.203125,11.359375],"rotation":0,"texture":"#1","tintindex":0}}},{"from":[6.2,16.724022,7.4087887],"to":[9.8,23.024021,13.108789],"rotation":{"angle":-45.0,"axis":"x","origin":[8.0,14.774021,11.158789]},"faces":{"east":{"uv":[11.828125,11.421875,11.984375,11.59375],"rotation":0,"texture":"#1","tintindex":0},"south":{"uv":[11.65625,12.03125,11.75,12.203125],"rotation":0,"texture":"#1","tintindex":0},"north":{"uv":[11.5625,12.03125,11.65625,12.203125],"rotation":0,"texture":"#1","tintindex":0},"west":{"uv":[11.84375,0.0,12.0,0.171875],"rotation":0,"texture":"#1","tintindex":0},"up":{"uv":[7.046875,3.046875,6.953125,2.890625],"rotation":0,"texture":"#1","tintindex":0},"down":{"uv":[2.3125,11.15625,2.21875,11.3125],"rotation":0,"texture":"#1","tintindex":0}}},{"from":[7.639697,5.5265446,-11.150038],"to":[19.939697,17.826546,8.049962],"rotation":{"angle":45.0,"axis":"z","origin":[13.939697,3.4265447,57.849964]},"faces":{"east":{"uv":[7.65625,4.25,8.1875,4.59375],"rotation":0,"texture":"#1","tintindex":0},"south":{"uv":[9.671875,3.609375,10.015625,3.953125],"rotation":0,"texture":"#1","tintindex":0},"north":{"uv":[9.53125,8.09375,9.875,8.4375],"rotation":0,"texture":"#1","tintindex":0},"west":{"uv":[7.671875,4.59375,8.203125,4.9375],"rotation":0,"texture":"#1","tintindex":0},"up":{"uv":[7.34375,8.171875,7.0,7.640625],"rotation":0,"texture":"#1","tintindex":0},"down":{"uv":[8.03125,7.0,7.6875,7.53125],"rotation":0,"texture":"#1","tintindex":0}}},{"from":[6.439697,4.326545,-2.750039],"to":[16.339699,14.226545,11.649961],"rotation":{"angle":45.0,"axis":"z","origin":[13.939697,3.4265447,57.849964]},"faces":{"east":{"uv":[10.125,3.125,10.515625,3.390625],"rotation":0,"texture":"#1","tintindex":0},"south":{"uv":[10.84375,7.609375,11.109375,7.875],"rotation":0,"texture":"#1","tintindex":0},"north":{"uv":[10.84375,6.265625,11.109375,6.53125],"rotation":0,"texture":"#1","tintindex":0},"west":{"uv":[10.140625,0.90625,10.53125,1.171875],"rotation":0,"texture":"#1","tintindex":0},"up":{"uv":[5.390625,10.515625,5.125,10.125],"rotation":0,"texture":"#1","tintindex":0},"down":{"uv":[1.234375,10.140625,0.96875,10.53125],"rotation":0,"texture":"#1","tintindex":0}}},{"from":[-2.5714293,-2.285715,-11.428572],"to":[18.57143,12.0,13.142858],"rotation":{"angle":0.0,"axis":"y","origin":[7.142857,8.0,8.0]},"faces":{"east":{"uv":[5.84375,3.28125,6.515625,3.671875],"rotation":0,"texture":"#1","tintindex":0},"south":{"uv":[0.0,6.40625,0.578125,6.796875],"rotation":0,"texture":"#1","tintindex":0},"north":{"uv":[3.875,6.359375,4.453125,6.75],"rotation":0,"texture":"#1","tintindex":0},"west":{"uv":[5.84375,3.671875,6.515625,4.0625],"rotation":0,"texture":"#1","tintindex":0},"up":{"uv":[3.515625,3.78125,2.9375,3.109375],"rotation":0,"texture":"#1","tintindex":0},"down":{"uv":[2.859375,3.140625,2.28125,3.8125],"rotation":0,"texture":"#1","tintindex":0}}},{"from":[-4.285715,-5.5714293,-4.5714293],"to":[20.285715,8.714286,13.142858],"rotation":{"angle":22.5,"axis":"x","origin":[8.0,-4.285715,0.85714245]},"faces":{"east":{"uv":[0.0,4.078125,0.484375,4.46875],"rotation":0,"texture":"#1","tintindex":0},"south":{"uv":[2.4375,5.859375,3.109375,6.25],"rotation":0,"texture":"#1","tintindex":0},"north":{"uv":[1.765625,5.859375,2.4375,6.25],"rotation":0,"texture":"#1","tintindex":0},"west":{"uv":[7.328125,3.578125,7.8125,3.96875],"rotation":0,"texture":"#1","tintindex":0},"up":{"uv":[5.125,1.421875,4.453125,0.9375],"rotation":0,"texture":"#1","tintindex":0},"down":{"uv":[0.671875,4.46875,0.0,4.953125],"rotation":0,"texture":"#1","tintindex":0}}},{"from":[0.28571415,9.142858,-14.285715],"to":[15.714286,23.428572,6.857143],"rotation":{"angle":-22.5,"axis":"x","origin":[8.0,18.57143,0.85714245]},"faces":{"east":{"uv":[6.40625,1.953125,6.984375,2.34375],"rotation":0,"texture":"#1","tintindex":0},"south":{"uv":[8.171875,4.9375,8.59375,5.328125],"rotation":0,"texture":"#1","tintindex":0},"north":{"uv":[8.171875,3.03125,8.59375,3.421875],"rotation":0,"texture":"#1","tintindex":0},"west":{"uv":[6.40625,5.90625,6.984375,6.296875],"rotation":0,"texture":"#1","tintindex":0},"up":{"uv":[6.515625,5.90625,6.09375,5.328125],"rotation":0,"texture":"#1","tintindex":0},"down":{"uv":[6.53125,1.375,6.109375,1.953125],"rotation":0,"texture":"#1","tintindex":0}}},{"from":[8.571428,15.0,-6.8571434],"to":[21.142857,28.142859,8.0],"rotation":{"angle":-22.5,"axis":"z","origin":[8.0,18.57143,0.85714245]},"faces":{"east":{"uv":[5.890625,8.703125,6.296875,9.0625],"rotation":0,"texture":"#1","tintindex":0},"south":{"uv":[5.84375,9.421875,6.1875,9.78125],"rotation":0,"texture":"#1","tintindex":0},"north":{"uv":[9.421875,3.25,9.765625,3.609375],"rotation":0,"texture":"#1","tintindex":0},"west":{"uv":[6.296875,8.703125,6.703125,9.0625],"rotation":0,"texture":"#1","tintindex":0},"up":{"uv":[6.625,9.46875,6.28125,9.0625],"rotation":0,"texture":"#1","tintindex":0},"down":{"uv":[6.96875,9.0625,6.625,9.46875],"rotation":0,"texture":"#1","tintindex":0}}},{"from":[-5.1428576,15.0,-6.8571434],"to":[7.428571,28.142859,8.0],"rotation":{"angle":22.5,"axis":"z","origin":[8.0,18.57143,0.85714245]},"faces":{"east":{"uv":[8.703125,7.4375,9.109375,7.796875],"rotation":0,"texture":"#1","tintindex":0},"south":{"uv":[9.453125,8.4375,9.796875,8.796875],"rotation":0,"texture":"#1","tintindex":0},"north":{"uv":[9.4375,0.96875,9.78125,1.328125],"rotation":0,"texture":"#1","tintindex":0},"west":{"uv":[8.71875,0.28125,9.125,0.640625],"rotation":0,"texture":"#1","tintindex":0},"up":{"uv":[9.421875,3.625,9.078125,3.21875],"rotation":0,"texture":"#1","tintindex":0},"down":{"uv":[9.421875,4.09375,9.078125,4.5],"rotation":0,"texture":"#1","tintindex":0}}}],"display":{"head":{"translation":[0.0,-6.4,0.0],"scale":[4.0,4.0,4.0]}}}