{"textures":{"1":"modelengine:entity/xiddri_rock_break"},"elements":[{"from":[2.142857,12.714287,-10.428572],"to":[16.428572,29.285715,2.7142854],"rotation":{"angle":-22.5,"axis":"x","origin":[16.285715,45.000004,10.571428]},"faces":{"east":{"uv":[6.640625,8.25,6.28125,8.703125],"rotation":0,"texture":"#1","tintindex":0},"south":{"uv":[8.21875,5.375,7.828125,5.828125],"rotation":0,"texture":"#1","tintindex":0},"north":{"uv":[8.203125,3.46875,7.8125,3.921875],"rotation":0,"texture":"#1","tintindex":0},"west":{"uv":[6.28125,8.25,5.921875,8.703125],"rotation":0,"texture":"#1","tintindex":0},"up":{"uv":[9.015625,3.21875,9.40625,2.859375],"rotation":0,"texture":"#1","tintindex":0},"down":{"uv":[9.015625,6.8125,9.40625,7.171875],"rotation":0,"texture":"#1","tintindex":0}}},{"from":[7.285714,4.0000005,4.0],"to":[15.857143,13.1428585,11.428572],"rotation":{"angle":-22.5,"axis":"z","origin":[15.714286,-4.285714,7.714286]},"faces":{"east":{"uv":[11.34375,3.640625,11.546875,3.890625],"rotation":0,"texture":"#1","tintindex":0},"south":{"uv":[10.828125,11.109375,11.0625,11.359375],"rotation":0,"texture":"#1","tintindex":0},"north":{"uv":[7.96875,11.109375,8.203125,11.359375],"rotation":0,"texture":"#1","tintindex":0},"west":{"uv":[3.921875,11.34375,4.125,11.59375],"rotation":0,"texture":"#1","tintindex":0},"up":{"uv":[11.640625,5.84375,11.40625,5.640625],"rotation":0,"texture":"#1","tintindex":0},"down":{"uv":[11.640625,8.0625,11.40625,8.265625],"rotation":0,"texture":"#1","tintindex":0}}},{"from":[0.9999995,-5.714286,2.4285712],"to":[9.571428,3.4285717,9.857143],"rotation":{"angle":22.5,"axis":"z","origin":[15.714286,-4.285714,7.714286]},"faces":{"east":{"uv":[11.546875,3.390625,11.34375,3.640625],"rotation":0,"texture":"#1","tintindex":0},"south":{"uv":[11.34375,7.546875,11.109375,7.796875],"rotation":0,"texture":"#1","tintindex":0},"north":{"uv":[11.34375,6.25,11.109375,6.5],"rotation":0,"texture":"#1","tintindex":0},"west":{"uv":[1.0,11.34375,0.796875,11.59375],"rotation":0,"texture":"#1","tintindex":0},"up":{"uv":[8.84375,11.59375,9.078125,11.390625],"rotation":0,"texture":"#1","tintindex":0},"down":{"uv":[11.40625,1.03125,11.640625,1.234375],"rotation":0,"texture":"#1","tintindex":0}}},{"from":[11.428572,-16.0,7.0],"to":[20.0,-6.8571434,14.428572],"rotation":{"angle":-22.5,"axis":"z","origin":[15.714286,-4.285714,7.714286]},"faces":{"east":{"uv":[11.546875,3.390625,11.34375,3.640625],"rotation":0,"texture":"#1","tintindex":0},"south":{"uv":[11.34375,7.546875,11.109375,7.796875],"rotation":0,"texture":"#1","tintindex":0},"north":{"uv":[11.34375,6.25,11.109375,6.5],"rotation":0,"texture":"#1","tintindex":0},"west":{"uv":[1.0,11.34375,0.796875,11.59375],"rotation":0,"texture":"#1","tintindex":0},"up":{"uv":[8.84375,11.59375,9.078125,11.390625],"rotation":0,"texture":"#1","tintindex":0},"down":{"uv":[11.40625,1.03125,11.640625,1.234375],"rotation":0,"texture":"#1","tintindex":0}}},{"from":[4.8571424,-15.605188,5.2213902],"to":[10.857143,9.594813,11.221391],"rotation":{"angle":0.0,"axis":"y","origin":[6.0571427,37.194817,8.82139]},"faces":{"east":{"uv":[3.171875,9.65625,3.34375,10.34375],"rotation":0,"texture":"#1","tintindex":0},"south":{"uv":[8.515625,9.71875,8.6875,10.40625],"rotation":0,"texture":"#1","tintindex":0},"north":{"uv":[3.984375,9.640625,4.15625,10.328125],"rotation":0,"texture":"#1","tintindex":0},"west":{"uv":[8.6875,9.71875,8.859375,10.40625],"rotation":0,"texture":"#1","tintindex":0},"up":{"uv":[11.984375,2.578125,11.8125,2.40625],"rotation":0,"texture":"#1","tintindex":0},"down":{"uv":[11.984375,4.1875,11.8125,4.359375],"rotation":0,"texture":"#1","tintindex":0}}},{"from":[3.6571426,4.794813,4.02139],"to":[12.057143,11.994814,12.421391],"rotation":{"angle":0.0,"axis":"y","origin":[6.0571427,37.194817,8.82139]},"faces":{"east":{"uv":[11.421875,0.796875,11.65625,1.0],"rotation":0,"texture":"#1","tintindex":0},"south":{"uv":[11.421875,1.234375,11.65625,1.4375],"rotation":0,"texture":"#1","tintindex":0},"north":{"uv":[9.078125,11.40625,9.3125,11.609375],"rotation":0,"texture":"#1","tintindex":0},"west":{"uv":[11.421875,2.03125,11.65625,2.234375],"rotation":0,"texture":"#1","tintindex":0},"up":{"uv":[11.484375,5.53125,11.25,5.296875],"rotation":0,"texture":"#1","tintindex":0},"down":{"uv":[11.484375,11.046875,11.25,11.28125],"rotation":0,"texture":"#1","tintindex":0}}},{"from":[9.657143,-1.2051868,6.42139],"to":[13.257143,9.594813,10.021391],"rotation":{"angle":0.0,"axis":"y","origin":[13.857143,1.1948128,8.221391]},"faces":{"east":{"uv":[4.171875,10.953125,4.265625,11.25],"rotation":0,"texture":"#1","tintindex":0},"south":{"uv":[8.15625,11.703125,8.25,12.0],"rotation":0,"texture":"#1","tintindex":0},"north":{"uv":[4.828125,8.53125,4.921875,8.828125],"rotation":0,"texture":"#1","tintindex":0},"west":{"uv":[9.125,11.8125,9.21875,12.109375],"rotation":0,"texture":"#1","tintindex":0},"up":{"uv":[1.515625,12.21875,1.421875,12.125],"rotation":0,"texture":"#1","tintindex":0},"down":{"uv":[12.21875,2.390625,12.125,2.484375],"rotation":0,"texture":"#1","tintindex":0}}}],"display":{"head":{"translation":[0.0,-9.828573,0.0],"scale":[4.0,4.0,4.0]}}}