{"textures":{"1":"modelengine:entity/xiddri_rock_break"},"elements":[{"from":[5.142857,1.1428566,5.714286],"to":[10.857143,10.285714,11.428572],"rotation":{"angle":-22.5,"axis":"x","origin":[8.0,8.0,8.0]},"faces":{"east":{"uv":[10.9375,11.65625,11.09375,11.90625],"rotation":0,"texture":"#1","tintindex":0},"south":{"uv":[1.15625,11.671875,1.3125,11.921875],"rotation":0,"texture":"#1","tintindex":0},"north":{"uv":[10.140625,11.65625,10.296875,11.90625],"rotation":0,"texture":"#1","tintindex":0},"west":{"uv":[3.640625,11.671875,3.796875,11.921875],"rotation":0,"texture":"#1","tintindex":0},"up":{"uv":[12.046875,1.734375,11.890625,1.578125],"rotation":0,"texture":"#1","tintindex":0},"down":{"uv":[12.046875,3.21875,11.890625,3.375],"rotation":0,"texture":"#1","tintindex":0}}},{"from":[5.714286,-5.1428576,7.428571],"to":[10.285714,4.0,10.857143],"rotation":{"angle":22.5,"axis":"x","origin":[8.0,-0.57142925,8.0]},"faces":{"east":{"uv":[9.015625,7.171875,9.109375,7.421875],"rotation":0,"texture":"#1","tintindex":0},"south":{"uv":[8.828125,11.796875,8.953125,12.046875],"rotation":0,"texture":"#1","tintindex":0},"north":{"uv":[8.703125,11.796875,8.828125,12.046875],"rotation":0,"texture":"#1","tintindex":0},"west":{"uv":[7.4375,11.90625,7.53125,12.15625],"rotation":0,"texture":"#1","tintindex":0},"up":{"uv":[10.828125,6.359375,10.703125,6.265625],"rotation":0,"texture":"#1","tintindex":0},"down":{"uv":[1.390625,11.015625,1.265625,11.109375],"rotation":0,"texture":"#1","tintindex":0}}},{"from":[6.3,2.0519552,5.7642474],"to":[9.9,10.451956,9.364247],"rotation":{"angle":-22.5,"axis":"x","origin":[7.5,9.851955,8.464248]},"faces":{"east":{"uv":[11.984375,6.578125,12.078125,6.8125],"rotation":0,"texture":"#1","tintindex":0},"south":{"uv":[6.921875,11.984375,7.015625,12.21875],"rotation":0,"texture":"#1","tintindex":0},"north":{"uv":[5.859375,11.984375,5.953125,12.21875],"rotation":0,"texture":"#1","tintindex":0},"west":{"uv":[7.015625,11.984375,7.109375,12.21875],"rotation":0,"texture":"#1","tintindex":0},"up":{"uv":[12.21875,8.609375,12.125,8.515625],"rotation":0,"texture":"#1","tintindex":0},"down":{"uv":[12.21875,8.609375,12.125,8.703125],"rotation":0,"texture":"#1","tintindex":0}}},{"from":[6.7873087,-3.196333,8.1642475],"to":[9.4873085,4.3036666,10.564247],"rotation":{"angle":22.5,"axis":"x","origin":[12.187309,0.10366678,7.5642476]},"faces":{"east":{"uv":[3.390625,12.078125,3.453125,12.28125],"rotation":0,"texture":"#1","tintindex":0},"south":{"uv":[6.53125,12.046875,6.609375,12.25],"rotation":0,"texture":"#1","tintindex":0},"north":{"uv":[6.453125,12.046875,6.53125,12.25],"rotation":0,"texture":"#1","tintindex":0},"west":{"uv":[3.453125,12.078125,3.515625,12.28125],"rotation":0,"texture":"#1","tintindex":0},"up":{"uv":[10.953125,1.375,10.875,1.3125],"rotation":0,"texture":"#1","tintindex":0},"down":{"uv":[10.96875,6.0,10.890625,6.0625],"rotation":0,"texture":"#1","tintindex":0}}}],"display":{"head":{"translation":[0.0,-6.4,0.0],"scale":[4.0,4.0,4.0]}}}