{"textures":{"1":"modelengine:entity/xiddri_rock_break"},"elements":[{"from":[0.7142854,-10.051554,5.339594],"to":[4.142857,-6.0515537,14.482451],"rotation":{"angle":45.0,"axis":"x","origin":[12.571428,-10.337269,13.911023]},"faces":{"east":{"uv":[7.765625,3.03125,7.515625,3.140625],"rotation":0,"texture":"#1","tintindex":0},"south":{"uv":[10.203125,12.09375,10.109375,12.203125],"rotation":0,"texture":"#1","tintindex":0},"north":{"uv":[12.1875,10.015625,12.09375,10.125],"rotation":0,"texture":"#1","tintindex":0},"west":{"uv":[7.1875,4.484375,6.9375,4.59375],"rotation":0,"texture":"#1","tintindex":0},"up":{"uv":[11.0,12.15625,11.09375,11.90625],"rotation":0,"texture":"#1","tintindex":0},"down":{"uv":[0.4375,11.921875,0.53125,12.171875],"rotation":0,"texture":"#1","tintindex":0}}},{"from":[9.857143,-12.051554,7.9110227],"to":[13.285715,-8.051554,14.768166],"rotation":{"angle":45.0,"axis":"x","origin":[12.571428,-10.337269,13.911023]},"faces":{"east":{"uv":[10.53125,7.140625,10.34375,7.25],"rotation":0,"texture":"#1","tintindex":0},"south":{"uv":[9.6875,12.09375,9.59375,12.203125],"rotation":0,"texture":"#1","tintindex":0},"north":{"uv":[12.1875,9.375,12.09375,9.484375],"rotation":0,"texture":"#1","tintindex":0},"west":{"uv":[10.3125,3.390625,10.125,3.5],"rotation":0,"texture":"#1","tintindex":0},"up":{"uv":[12.015625,7.0,12.109375,6.8125],"rotation":0,"texture":"#1","tintindex":0},"down":{"uv":[9.21875,12.015625,9.3125,12.203125],"rotation":0,"texture":"#1","tintindex":0}}},{"from":[5.714286,-5.5714293,8.0],"to":[10.285714,2.4285712,12.571428],"rotation":{"angle":22.5,"axis":"z","origin":[13.714286,5.142857,10.857143]},"faces":{"east":{"uv":[5.640625,11.859375,5.765625,12.078125],"rotation":0,"texture":"#1","tintindex":0},"south":{"uv":[11.859375,7.09375,11.984375,7.3125],"rotation":0,"texture":"#1","tintindex":0},"north":{"uv":[4.875,11.859375,5.0,12.078125],"rotation":0,"texture":"#1","tintindex":0},"west":{"uv":[11.859375,7.3125,11.984375,7.53125],"rotation":0,"texture":"#1","tintindex":0},"up":{"uv":[12.1875,4.609375,12.0625,4.484375],"rotation":0,"texture":"#1","tintindex":0},"down":{"uv":[4.734375,12.0625,4.609375,12.1875],"rotation":0,"texture":"#1","tintindex":0}}},{"from":[4.5714283,-11.428572,6.285714],"to":[9.142858,0.0,11.428572],"rotation":{"angle":0.0,"axis":"y","origin":[8.0,4.0,8.0]},"faces":{"east":{"uv":[11.34375,11.515625,11.484375,11.828125],"rotation":0,"texture":"#1","tintindex":0},"south":{"uv":[8.25,11.671875,8.375,11.984375],"rotation":0,"texture":"#1","tintindex":0},"north":{"uv":[7.78125,11.671875,7.90625,11.984375],"rotation":0,"texture":"#1","tintindex":0},"west":{"uv":[1.390625,11.53125,1.53125,11.84375],"rotation":0,"texture":"#1","tintindex":0},"up":{"uv":[12.140625,0.90625,12.015625,0.765625],"rotation":0,"texture":"#1","tintindex":0},"down":{"uv":[12.15625,6.40625,12.03125,6.546875],"rotation":0,"texture":"#1","tintindex":0}}},{"from":[5.142857,-11.57143,9.0],"to":[8.571428,-7.5714293,15.857143],"rotation":{"angle":22.5,"axis":"x","origin":[7.142857,-5.714287,7.428571]},"faces":{"east":{"uv":[11.90625,10.0625,12.09375,10.171875],"rotation":0,"texture":"#1","tintindex":0},"south":{"uv":[1.109375,12.109375,1.203125,12.21875],"rotation":0,"texture":"#1","tintindex":0},"north":{"uv":[0.3125,12.109375,0.40625,12.21875],"rotation":0,"texture":"#1","tintindex":0},"west":{"uv":[11.953125,1.40625,12.140625,1.515625],"rotation":0,"texture":"#1","tintindex":0},"up":{"uv":[12.125,7.921875,12.03125,7.734375],"rotation":0,"texture":"#1","tintindex":0},"down":{"uv":[9.59375,12.03125,9.5,12.21875],"rotation":0,"texture":"#1","tintindex":0}}},{"from":[0.71870565,-7.247097,7.5714283],"to":[5.290134,0.752903,12.142858],"rotation":{"angle":-22.5,"axis":"z","origin":[11.00442,-3.247097,10.285714]},"faces":{"east":{"uv":[9.78125,11.859375,9.90625,12.078125],"rotation":0,"texture":"#1","tintindex":0},"south":{"uv":[10.296875,11.859375,10.421875,12.078125],"rotation":0,"texture":"#1","tintindex":0},"north":{"uv":[11.859375,9.65625,11.984375,9.875],"rotation":0,"texture":"#1","tintindex":0},"west":{"uv":[10.75,11.859375,10.875,12.078125],"rotation":0,"texture":"#1","tintindex":0},"up":{"uv":[4.859375,12.1875,4.734375,12.0625],"rotation":0,"texture":"#1","tintindex":0},"down":{"uv":[5.125,12.0625,5.0,12.1875],"rotation":0,"texture":"#1","tintindex":0}}},{"from":[2.2857141,-1.1428576,4.0],"to":[11.428572,9.142858,13.142858],"rotation":{"angle":-22.5,"axis":"x","origin":[8.0,4.0,8.0]},"faces":{"east":{"uv":[10.875,9.828125,11.125,10.109375],"rotation":0,"texture":"#1","tintindex":0},"south":{"uv":[10.875,10.109375,11.125,10.390625],"rotation":0,"texture":"#1","tintindex":0},"north":{"uv":[10.875,9.546875,11.125,9.828125],"rotation":0,"texture":"#1","tintindex":0},"west":{"uv":[10.875,10.390625,11.125,10.671875],"rotation":0,"texture":"#1","tintindex":0},"up":{"uv":[1.515625,11.359375,1.265625,11.109375],"rotation":0,"texture":"#1","tintindex":0},"down":{"uv":[11.359375,3.140625,11.109375,3.390625],"rotation":0,"texture":"#1","tintindex":0}}},{"from":[4.16,0.33820534,8.512024],"to":[10.56,10.578206,11.392024],"rotation":{"angle":-22.5,"axis":"x","origin":[8.0,5.4582057,8.512024]},"faces":{"east":{"uv":[3.96875,5.0,4.046875,5.28125],"rotation":0,"texture":"#1","tintindex":0},"south":{"uv":[8.25,11.390625,8.421875,11.671875],"rotation":0,"texture":"#1","tintindex":0},"north":{"uv":[7.203125,11.390625,7.375,11.671875],"rotation":0,"texture":"#1","tintindex":0},"west":{"uv":[0.59375,5.390625,0.671875,5.671875],"rotation":0,"texture":"#1","tintindex":0},"up":{"uv":[9.25,3.703125,9.078125,3.625],"rotation":0,"texture":"#1","tintindex":0},"down":{"uv":[5.359375,9.140625,5.1875,9.21875],"rotation":0,"texture":"#1","tintindex":0}}},{"from":[9.28,-7.4499207,9.283434],"to":[12.16,2.7900796,11.843433],"rotation":{"angle":22.5,"axis":"z","origin":[7.36,-2.3299208,13.123434]},"faces":{"east":{"uv":[3.546875,8.078125,3.609375,8.359375],"rotation":0,"texture":"#1","tintindex":0},"south":{"uv":[2.28125,7.71875,2.359375,8.0],"rotation":0,"texture":"#1","tintindex":0},"north":{"uv":[5.765625,0.0,5.84375,0.28125],"rotation":0,"texture":"#1","tintindex":0},"west":{"uv":[4.578125,9.84375,4.640625,10.125],"rotation":0,"texture":"#1","tintindex":0},"up":{"uv":[11.015625,8.609375,10.9375,8.546875],"rotation":0,"texture":"#1","tintindex":0},"down":{"uv":[11.046875,6.0,10.96875,6.0625],"rotation":0,"texture":"#1","tintindex":0}}},{"from":[1.5999999,-5.8499203,8.963433],"to":[4.48,3.1100798,11.523434],"rotation":{"angle":-22.5,"axis":"z","origin":[7.36,-2.3299208,13.123434]},"faces":{"east":{"uv":[6.734375,12.046875,6.796875,12.296875],"rotation":0,"texture":"#1","tintindex":0},"south":{"uv":[4.5,10.3125,4.578125,10.5625],"rotation":0,"texture":"#1","tintindex":0},"north":{"uv":[0.890625,10.265625,0.96875,10.515625],"rotation":0,"texture":"#1","tintindex":0},"west":{"uv":[6.140625,12.0625,6.203125,12.3125],"rotation":0,"texture":"#1","tintindex":0},"up":{"uv":[11.0625,2.15625,10.984375,2.09375],"rotation":0,"texture":"#1","tintindex":0},"down":{"uv":[11.1875,3.390625,11.109375,3.453125],"rotation":0,"texture":"#1","tintindex":0}}},{"from":[5.12,-8.40992,8.643434],"to":[8.32,1.8300796,11.203434],"rotation":{"angle":22.5,"axis":"x","origin":[7.36,-2.3299208,13.123434]},"faces":{"east":{"uv":[4.265625,10.5625,4.328125,10.84375],"rotation":0,"texture":"#1","tintindex":0},"south":{"uv":[5.765625,11.859375,5.859375,12.140625],"rotation":0,"texture":"#1","tintindex":0},"north":{"uv":[3.921875,11.859375,4.015625,12.140625],"rotation":0,"texture":"#1","tintindex":0},"west":{"uv":[4.421875,10.84375,4.484375,11.125],"rotation":0,"texture":"#1","tintindex":0},"up":{"uv":[7.265625,10.5625,7.171875,10.5],"rotation":0,"texture":"#1","tintindex":0},"down":{"uv":[7.359375,10.5,7.265625,10.5625],"rotation":0,"texture":"#1","tintindex":0}}},{"from":[5.4399996,-13.122522,7.200304],"to":[8.0,-5.442521,9.7603035],"rotation":{"angle":-22.5,"axis":"x","origin":[6.72,-6.722521,7.840304]},