{"textures":{"1":"modelengine:entity/xiddri_rock_break"},"elements":[{"from":[5.714286,0.0,5.142857],"to":[10.857143,10.857143,10.285714],"rotation":{"angle":22.5,"axis":"z","origin":[8.0,8.0,8.0]},"faces":{"east":{"uv":[4.875,11.5625,5.015625,11.859375],"rotation":0,"texture":"#1","tintindex":0},"south":{"uv":[11.5625,9.90625,11.703125,10.203125],"rotation":0,"texture":"#1","tintindex":0},"north":{"uv":[3.5,11.5625,3.640625,11.859375],"rotation":0,"texture":"#1","tintindex":0},"west":{"uv":[11.578125,2.234375,11.71875,2.53125],"rotation":0,"texture":"#1","tintindex":0},"up":{"uv":[10.203125,4.296875,10.0625,4.15625],"rotation":0,"texture":"#1","tintindex":0},"down":{"uv":[12.125,0.5,11.984375,0.640625],"rotation":0,"texture":"#1","tintindex":0}}},{"from":[7.8545613,-7.4898024,5.714286],"to":[12.568848,3.3673415,9.714286],"rotation":{"angle":-45.0,"axis":"z","origin":[10.997418,1.5101986,7.714286]},"faces":{"east":{"uv":[2.921875,11.65625,3.03125,11.953125],"rotation":0,"texture":"#1","tintindex":0},"south":{"uv":[11.703125,2.9375,11.828125,3.234375],"rotation":0,"texture":"#1","tintindex":0},"north":{"uv":[11.6875,11.59375,11.8125,11.890625],"rotation":0,"texture":"#1","tintindex":0},"west":{"uv":[11.09375,11.65625,11.203125,11.953125],"rotation":0,"texture":"#1","tintindex":0},"up":{"uv":[11.015625,0.5,10.890625,0.390625],"rotation":0,"texture":"#1","tintindex":0},"down":{"uv":[11.359375,9.0,11.234375,9.109375],"rotation":0,"texture":"#1","tintindex":0}}},{"from":[5.885714,1.4519558,6.1213903],"to":[9.485714,9.851955,9.721391],"rotation":{"angle":22.5,"axis":"z","origin":[7.0857143,9.251956,8.82139]},"faces":{"east":{"uv":[6.359375,11.96875,6.453125,12.203125],"rotation":0,"texture":"#1","tintindex":0},"south":{"uv":[10.546875,11.96875,10.640625,12.203125],"rotation":0,"texture":"#1","tintindex":0},"north":{"uv":[6.265625,11.96875,6.359375,12.203125],"rotation":0,"texture":"#1","tintindex":0},"west":{"uv":[10.640625,11.96875,10.734375,12.203125],"rotation":0,"texture":"#1","tintindex":0},"up":{"uv":[12.21875,6.078125,12.125,5.984375],"rotation":0,"texture":"#1","tintindex":0},"down":{"uv":[6.890625,12.125,6.796875,12.21875],"rotation":0,"texture":"#1","tintindex":0}}},{"from":[7.573023,-7.3963337,6.7213902],"to":[10.273024,2.5036669,9.12139],"rotation":{"angle":-45.0,"axis":"z","origin":[11.773024,-0.49633312,7.9213905]},"faces":{"east":{"uv":[0.09375,11.96875,0.15625,12.234375],"rotation":0,"texture":"#1","tintindex":0},"south":{"uv":[4.609375,9.15625,4.6875,9.421875],"rotation":0,"texture":"#1","tintindex":0},"north":{"uv":[4.609375,8.890625,4.6875,9.15625],"rotation":0,"texture":"#1","tintindex":0},"west":{"uv":[5.578125,11.984375,5.640625,12.25],"rotation":0,"texture":"#1","tintindex":0},"up":{"uv":[10.734375,1.453125,10.65625,1.390625],"rotation":0,"texture":"#1","tintindex":0},"down":{"uv":[10.890625,6.0,10.8125,6.0625],"rotation":0,"texture":"#1","tintindex":0}}}],"display":{"head":{"translation":[0.0,-6.4,0.0],"scale":[4.0,4.0,4.0]}}}