{"textures":{"1":"modelengine:entity/xiddri_rock_break"},"elements":[{"from":[1.7142854,-11.440792,10.532557],"to":[9.142858,-3.440793,19.103985],"rotation":{"angle":45.0,"axis":"x","origin":[9.142858,-4.869364,17.3897]},"faces":{"east":{"uv":[2.390625,11.34375,2.625,11.5625],"rotation":0,"texture":"#1","tintindex":0},"south":{"uv":[0.359375,11.5,0.5625,11.71875],"rotation":0,"texture":"#1","tintindex":0},"north":{"uv":[11.484375,11.453125,11.6875,11.671875],"rotation":0,"texture":"#1","tintindex":0},"west":{"uv":[3.21875,11.34375,3.453125,11.5625],"rotation":0,"texture":"#1","tintindex":0},"up":{"uv":[11.640625,4.75,11.4375,4.515625],"rotation":0,"texture":"#1","tintindex":0},"down":{"uv":[5.75,11.4375,5.546875,11.671875],"rotation":0,"texture":"#1","tintindex":0}}},{"from":[0.85714245,-4.5167866,11.020302],"to":[13.428572,6.911785,20.163158],"rotation":{"angle":45.0,"axis":"x","origin":[8.285714,4.626071,17.591732]},"faces":{"east":{"uv":[10.796875,3.765625,11.046875,4.078125],"rotation":0,"texture":"#1","tintindex":0},"south":{"uv":[10.078125,5.109375,10.421875,5.421875],"rotation":0,"texture":"#1","tintindex":0},"north":{"uv":[8.859375,10.0625,9.203125,10.375],"rotation":0,"texture":"#1","tintindex":0},"west":{"uv":[4.984375,10.796875,5.234375,11.109375],"rotation":0,"texture":"#1","tintindex":0},"up":{"uv":[10.890625,0.5,10.546875,0.25],"rotation":0,"texture":"#1","tintindex":0},"down":{"uv":[0.34375,10.578125,0.0,10.828125],"rotation":0,"texture":"#1","tintindex":0}}},{"from":[5.428571,2.0560818,0.85714245],"to":[16.857143,15.770369,14.0],"rotation":{"angle":22.5,"axis":"x","origin":[8.0,8.484653,8.0]},"faces":{"east":{"uv":[3.46875,9.140625,3.828125,9.515625],"rotation":0,"texture":"#1","tintindex":0},"south":{"uv":[1.84375,9.8125,2.15625,10.1875],"rotation":0,"texture":"#1","tintindex":0},"north":{"uv":[9.8125,1.234375,10.125,1.609375],"rotation":0,"texture":"#1","tintindex":0},"west":{"uv":[4.828125,9.140625,5.1875,9.515625],"rotation":0,"texture":"#1","tintindex":0},"up":{"uv":[10.21875,7.78125,9.90625,7.421875],"rotation":0,"texture":"#1","tintindex":0},"down":{"uv":[5.8125,9.9375,5.5,10.296875],"rotation":0,"texture":"#1","tintindex":0}}},{"from":[4.8,-8.32,4.489167],"to":[11.2,10.880002,13.449167],"rotation":{"angle":0.0,"axis":"y","origin":[-4.160001,-41.6,-44.150833]},"faces":{"east":{"uv":[9.203125,8.4375,9.453125,8.96875],"rotation":0,"texture":"#1","tintindex":0},"south":{"uv":[1.234375,10.484375,1.40625,11.015625],"rotation":0,"texture":"#1","tintindex":0},"north":{"uv":[8.28125,10.46875,8.453125,11.0],"rotation":0,"texture":"#1","tintindex":0},"west":{"uv":[9.21875,7.5,9.46875,8.03125],"rotation":0,"texture":"#1","tintindex":0},"up":{"uv":[11.6875,7.1875,11.515625,6.9375],"rotation":0,"texture":"#1","tintindex":0},"down":{"uv":[1.703125,11.53125,1.53125,11.78125],"rotation":0,"texture":"#1","tintindex":0}}},{"from":[6.08,2.5600019,2.8891668],"to":[12.4800005,12.800003,11.849167],"rotation":{"angle":0.0,"axis":"y","origin":[8.0,1.9200015,8.969168]},"faces":{"east":{"uv":[10.875,4.359375,11.125,4.640625],"rotation":0,"texture":"#1","tintindex":0},"south":{"uv":[7.03125,11.390625,7.203125,11.671875],"rotation":0,"texture":"#1","tintindex":0},"north":{"uv":[11.375,10.53125,11.546875,10.8125],"rotation":0,"texture":"#1","tintindex":0},"west":{"uv":[7.171875,10.875,7.421875,11.15625],"rotation":0,"texture":"#1","tintindex":0},"up":{"uv":[11.703125,3.296875,11.53125,3.046875],"rotation":0,"texture":"#1","tintindex":0},"down":{"uv":[11.71875,3.296875,11.546875,3.546875],"rotation":0,"texture":"#1","tintindex":0}}},{"from":[3.5199995,-16.0,0.64916706],"to":[9.92,10.880002,8.329167],"rotation":{"angle":-22.5,"axis":"x","origin":[8.0,1.2800016,3.8491669]},"faces":{"east":{"uv":[8.15625,8.515625,8.359375,9.25],"rotation":0,"texture":"#1","tintindex":0},"south":{"uv":[1.671875,9.421875,1.84375,10.15625],"rotation":0,"texture":"#1","tintindex":0},"north":{"uv":[1.5,9.421875,1.671875,10.15625],"rotation":0,"texture":"#1","tintindex":0},"west":{"uv":[0.0,8.53125,0.203125,9.265625],"rotation":0,"texture":"#1","tintindex":0},"up":{"uv":[11.890625,3.4375,11.71875,3.234375],"rotation":0,"texture":"#1","tintindex":0},"down":{"uv":[11.890625,8.21875,11.71875,8.421875],"rotation":0,"texture":"#1","tintindex":0}}}],"display":{"head":{"translation":[0.0,-8.3386135,0.0],"scale":[4.0,4.0,4.0]}}}