{"textures":{"1":"modelengine:entity/xiddri_rock_break"},"elements":[{"from":[1.6114283,2.4867768,-10.240004],"to":[14.388572,13.572493,32.0],"rotation":{"angle":0.0,"axis":"y","origin":[7.714286,-47.296085,-65.28001]},"faces":{"east":{"uv":[3.75,1.65625,4.90625,1.953125],"rotation":0,"texture":"#1","tintindex":0},"south":{"uv":[7.015625,10.203125,7.359375,10.5],"rotation":0,"texture":"#1","tintindex":0},"north":{"uv":[1.859375,10.203125,2.203125,10.5],"rotation":0,"texture":"#1","tintindex":0},"west":{"uv":[4.28125,1.953125,5.4375,2.25],"rotation":0,"texture":"#1","tintindex":0},"up":{"uv":[0.96875,3.890625,0.625,2.734375],"rotation":0,"texture":"#1","tintindex":0},"down":{"uv":[1.3125,2.734375,0.96875,3.890625],"rotation":0,"texture":"#1","tintindex":0}}},{"from":[-0.8571434,-3.1428576,-8.952028],"to":[16.857143,7.714286,8.762259],"rotation":{"angle":-22.5,"axis":"x","origin":[8.0,3.7142854,1.7622585]},"faces":{"east":{"uv":[8.734375,7.796875,9.21875,8.09375],"rotation":0,"texture":"#1","tintindex":0},"south":{"uv":[8.75,6.515625,9.234375,6.8125],"rotation":0,"texture":"#1","tintindex":0},"north":{"uv":[8.71875,8.671875,9.203125,8.96875],"rotation":0,"texture":"#1","tintindex":0},"west":{"uv":[6.703125,8.765625,7.1875,9.0625],"rotation":0,"texture":"#1","tintindex":0},"up":{"uv":[6.796875,1.25,6.3125,0.765625],"rotation":0,"texture":"#1","tintindex":0},"down":{"uv":[6.8125,0.0,6.328125,0.484375],"rotation":0,"texture":"#1","tintindex":0}}},{"from":[-2.8571434,2.5714283,-8.952028],"to":[18.857143,22.0,8.762259],"rotation":{"angle":22.5,"axis":"x","origin":[7.714286,3.7142854,1.7622585]},"faces":{"east":{"uv":[0.0,5.875,0.484375,6.40625],"rotation":0,"texture":"#1","tintindex":0},"south":{"uv":[1.625,4.75,2.21875,5.28125],"rotation":0,"texture":"#1","tintindex":0},"north":{"uv":[3.375,4.71875,3.96875,5.25],"rotation":0,"texture":"#1","tintindex":0},"west":{"uv":[6.015625,4.0625,6.5,4.59375],"rotation":0,"texture":"#1","tintindex":0},"up":{"uv":[5.734375,5.828125,5.140625,5.34375],"rotation":0,"texture":"#1","tintindex":0},"down":{"uv":[0.59375,5.390625,0.0,5.875],"rotation":0,"texture":"#1","tintindex":0}}}],"display":{"head":{"translation":[0.0,-6.4,62.665253],"scale":[4.0,4.0,4.0]}}}