{"textures":{"0":"modelengine:entity/xiddri_groundshatter_vfx"},"elements":[{"from":[-11.714287,7.6908293,6.571428],"to":[8.857143,10.262259,32.0],"rotation":{"angle":-22.5,"axis":"y","origin":[22.285715,9.047973,26.285715]},"faces":{"east":{"uv":[10.0,7.75,10.9375,7.875],"rotation":0,"texture":"#0","tintindex":0},"south":{"uv":[10.0,5.625,11.0,5.75],"rotation":0,"texture":"#0","tintindex":0},"north":{"uv":[10.0,5.5,11.0,5.625],"rotation":0,"texture":"#0","tintindex":0},"west":{"uv":[10.0,7.875,10.9375,8.0],"rotation":0,"texture":"#0","tintindex":0},"up":{"uv":[9.9375,6.9375,8.9375,6.0],"rotation":0,"texture":"#0","tintindex":0},"down":{"uv":[9.9375,6.0,8.9375,6.9375],"rotation":0,"texture":"#0","tintindex":0}}},{"from":[2.5714283,8.119401,3.714285],"to":[16.285715,10.119401,24.57143],"rotation":{"angle":-22.5,"axis":"y","origin":[22.285715,9.047973,26.285715]},"faces":{"east":{"uv":[10.0,7.75,10.9375,7.875],"rotation":0,"texture":"#0","tintindex":0},"south":{"uv":[10.0,5.625,11.0,5.75],"rotation":0,"texture":"#0","tintindex":0},"north":{"uv":[10.0,5.5,11.0,5.625],"rotation":0,"texture":"#0","tintindex":0},"west":{"uv":[10.0,7.875,10.9375,8.0],"rotation":0,"texture":"#0","tintindex":0},"up":{"uv":[9.9375,6.9375,8.9375,6.0],"rotation":0,"texture":"#0","tintindex":0},"down":{"uv":[9.9375,6.0,8.9375,6.9375],"rotation":0,"texture":"#0","tintindex":0}}}],"display":{"head":{"translation":[0.0,-6.4,32.1062],"scale":[4.0,4.0,4.0]}}}