{"textures":{"0":"modelengine:entity/xiddri_groundshatter_vfx"},"elements":[{"from":[8.0,7.6908293,0.85714054],"to":[21.714287,10.262259,32.0],"rotation":{"angle":22.5,"axis":"y","origin":[11.428572,9.047973,12.42857]},"faces":{"east":{"uv":[10.0,7.75,10.9375,7.875],"rotation":0,"texture":"#0","tintindex":0},"south":{"uv":[10.0,5.625,11.0,5.75],"rotation":0,"texture":"#0","tintindex":0},"north":{"uv":[10.0,5.5,11.0,5.625],"rotation":0,"texture":"#0","tintindex":0},"west":{"uv":[10.0,7.875,10.9375,8.0],"rotation":0,"texture":"#0","tintindex":0},"up":{"uv":[9.9375,6.9375,8.9375,6.0],"rotation":0,"texture":"#0","tintindex":0},"down":{"uv":[9.9375,6.0,8.9375,6.9375],"rotation":0,"texture":"#0","tintindex":0}}},{"from":[1.1428566,8.119401,-2.000002],"to":[14.857143,10.119401,18.857141],"rotation":{"angle":22.5,"axis":"y","origin":[11.428572,9.047973,12.42857]},"faces":{"east":{"uv":[10.0,7.75,10.9375,7.875],"rotation":0,"texture":"#0","tintindex":0},"south":{"uv":[10.0,5.625,11.0,5.75],"rotation":0,"texture":"#0","tintindex":0},"north":{"uv":[10.0,5.5,11.0,5.625],"rotation":0,"texture":"#0","tintindex":0},"west":{"uv":[10.0,7.875,10.9375,8.0],"rotation":0,"texture":"#0","tintindex":0},"up":{"uv":[9.9375,6.9375,8.9375,6.0],"rotation":0,"texture":"#0","tintindex":0},"down":{"uv":[9.9375,6.0,8.9375,6.9375],"rotation":0,"texture":"#0","tintindex":0}}}],"display":{"head":{"translation":[0.0,-6.4,18.963348],"scale":[4.0,4.0,4.0]}}}