{"textures":{"0":"modelengine:entity/xiddri_groundshatter_vfx"},"elements":[{"from":[3.999998,7.0714283,11.142857],"to":[17.714285,9.071428,32.0],"rotation":{"angle":45.0,"axis":"y","origin":[-2.000002,8.0,17.857143]},"faces":{"east":{"uv":[10.9375,7.875,10.0,8.0],"rotation":0,"texture":"#0","tintindex":0},"south":{"uv":[11.0,5.625,10.0,5.75],"rotation":0,"texture":"#0","tintindex":0},"north":{"uv":[11.0,5.5,10.0,5.625],"rotation":0,"texture":"#0","tintindex":0},"west":{"uv":[10.9375,7.75,10.0,7.875],"rotation":0,"texture":"#0","tintindex":0},"up":{"uv":[8.9375,6.9375,9.9375,6.0],"rotation":0,"texture":"#0","tintindex":0},"down":{"uv":[8.9375,6.0,9.9375,6.9375],"rotation":0,"texture":"#0","tintindex":0}}},{"from":[11.42857,6.642857,-1.8571444],"to":[32.0,9.214286,23.571428],"rotation":{"angle":22.5,"axis":"y","origin":[-2.000002,8.0,17.857143]},"faces":{"east":{"uv":[10.9375,7.875,10.0,8.0],"rotation":0,"texture":"#0","tintindex":0},"south":{"uv":[11.0,5.625,10.0,5.75],"rotation":0,"texture":"#0","tintindex":0},"north":{"uv":[11.0,5.5,10.0,5.625],"rotation":0,"texture":"#0","tintindex":0},"west":{"uv":[10.9375,7.75,10.0,7.875],"rotation":0,"texture":"#0","tintindex":0},"up":{"uv":[8.9375,6.9375,9.9375,6.0],"rotation":0,"texture":"#0","tintindex":0},"down":{"uv":[8.9375,6.0,9.9375,6.9375],"rotation":0,"texture":"#0","tintindex":0}}}],"display":{"head":{"translation":[10.285721,-6.4,8.571434],"scale":[4.0,4.0,4.0]}}}