{"textures":{"0":"modelengine:entity/xiddri_groundshatter_vfx"},"elements":[{"from":[-16.0,7.6908293,-1.8571453],"to":[4.5714293,10.262259,23.571428],"rotation":{"angle":-22.5,"axis":"y","origin":[18.0,9.047973,17.857141]},"faces":{"east":{"uv":[10.0,7.75,10.9375,7.875],"rotation":0,"texture":"#0","tintindex":0},"south":{"uv":[10.0,5.625,11.0,5.75],"rotation":0,"texture":"#0","tintindex":0},"north":{"uv":[10.0,5.5,11.0,5.625],"rotation":0,"texture":"#0","tintindex":0},"west":{"uv":[10.0,7.875,10.9375,8.0],"rotation":0,"texture":"#0","tintindex":0},"up":{"uv":[9.9375,6.9375,8.9375,6.0],"rotation":0,"texture":"#0","tintindex":0},"down":{"uv":[9.9375,6.0,8.9375,6.9375],"rotation":0,"texture":"#0","tintindex":0}}},{"from":[-1.7142849,8.119401,11.142856],"to":[12.000001,10.119401,32.0],"rotation":{"angle":-45.0,"axis":"y","origin":[18.0,9.047973,17.857141]},"faces":{"east":{"uv":[10.0,7.75,10.9375,7.875],"rotation":0,"texture":"#0","tintindex":0},"south":{"uv":[10.0,5.625,11.0,5.75],"rotation":0,"texture":"#0","tintindex":0},"north":{"uv":[10.0,5.5,11.0,5.625],"rotation":0,"texture":"#0","tintindex":0},"west":{"uv":[10.0,7.875,10.9375,8.0],"rotation":0,"texture":"#0","tintindex":0},"up":{"uv":[9.9375,6.9375,8.9375,6.0],"rotation":0,"texture":"#0","tintindex":0},"down":{"uv":[9.9375,6.0,8.9375,6.9375],"rotation":0,"texture":"#0","tintindex":0}}}],"display":{"head":{"translation":[-1.1428604,-6.4,29.249062],"scale":[4.0,4.0,4.0]}}}