{"textures":{"0":"modelengine:entity/xiddri_groundshatter_vfx"},"elements":[{"from":[-0.13424587,-2.6514282,-11.087002],"to":[22.494328,0.1942854,16.112999],"rotation":{"angle":22.5,"axis":"y","origin":[-9.665676,-3.6114292,14.884428]},"faces":{"east":{"uv":[10.0,9.375,10.625,9.5],"rotation":0,"texture":"#0","tintindex":0},"south":{"uv":[10.0,9.5,10.625,9.625],"rotation":0,"texture":"#0","tintindex":0},"north":{"uv":[10.0,9.25,10.625,9.375],"rotation":0,"texture":"#0","tintindex":0},"west":{"uv":[10.0,9.625,10.625,9.75],"rotation":0,"texture":"#0","tintindex":0},"up":{"uv":[10.0,9.75,9.375,9.125],"rotation":0,"texture":"#0","tintindex":0},"down":{"uv":[10.0,9.125,9.375,9.75],"rotation":0,"texture":"#0","tintindex":0}}},{"from":[10.722898,-2.2228575,-1.9441433],"to":[26.494328,0.051428318,25.255857],"rotation":{"angle":22.5,"axis":"y","origin":[-9.665676,-3.6114292,14.884428]},"faces":{"east":{"uv":[10.0,9.375,10.625,9.5],"rotation":0,"texture":"#0","tintindex":0},"south":{"uv":[10.0,9.5,10.625,9.625],"rotation":0,"texture":"#0","tintindex":0},"north":{"uv":[10.0,9.25,10.625,9.375],"rotation":0,"texture":"#0","tintindex":0},"west":{"uv":[10.0,9.625,10.625,9.75],"rotation":0,"texture":"#0","tintindex":0},"up":{"uv":[10.0,9.75,9.375,9.125],"rotation":0,"texture":"#0","tintindex":0},"down":{"uv":[10.0,9.125,9.375,9.75],"rotation":0,"texture":"#0","tintindex":0}}}],"display":{"head":{"translation":[0.0,-6.4,0.0],"scale":[4.0,4.0,4.0]}}}