{"textures":{"0":"modelengine:entity/priest"},"elements":[{"from":[6.2905483,6.2975082,7.428571],"to":[9.71912,9.72608,8.571428],"rotation":{"angle":45.0,"axis":"z","origin":[8.004834,8.011794,5.142857]},"faces":{"east":{"uv":[6.66667,12.0,7.0,13.5],"rotation":0,"texture":"#0","tintindex":0},"south":{"uv":[6.0,10.5,7.0,12.0],"rotation":0,"texture":"#0","tintindex":0},"north":{"uv":[7.0,10.5,6.0,12.0],"rotation":0,"texture":"#0","tintindex":0},"west":{"uv":[8.66667,13.0,9.66667,12.5],"rotation":90,"texture":"#0","tintindex":0},"up":{"uv":[6.66667,12.0,7.0,13.5],"rotation":90,"texture":"#0","tintindex":0},"down":{"uv":[9.66667,13.0,8.66667,12.5],"rotation":0,"texture":"#0","tintindex":0}}},{"from":[6.861977,6.868937,6.857143],"to":[9.147692,9.154652,8.0],"rotation":{"angle":45.0,"axis":"z","origin":[8.004834,8.011794,1.9999995]},"faces":{"east":{"uv":[10.91667,12.0,11.08333,12.5],"rotation":0,"texture":"#0","tintindex":0},"south":{"uv":[11.75,11.875,12.08333,12.375],"rotation":0,"texture":"#0","tintindex":0},"north":{"uv":[11.41667,11.875,11.75,12.375],"rotation":0,"texture":"#0","tintindex":0},"west":{"uv":[12.33333,12.0,12.5,12.5],"rotation":0,"texture":"#0","tintindex":0},"up":{"uv":[11.08333,12.0,10.91667,12.5],"rotation":90,"texture":"#0","tintindex":0},"down":{"uv":[13.75,12.0,13.41667,12.25],"rotation":0,"texture":"#0","tintindex":0}}},{"from":[6.861977,6.868937,8.0],"to":[9.147692,9.154652,9.142858],"rotation":{"angle":45.0,"axis":"z","origin":[8.004834,8.011794,1.9999995]},"faces":{"east":{"uv":[10.91667,12.0,11.08333,12.5],"rotation":0,"texture":"#0","tintindex":0},"south":{"uv":[11.75,11.875,12.08333,12.375],"rotation":0,"texture":"#0","tintindex":0},"north":{"uv":[11.41667,11.875,11.75,12.375],"rotation":0,"texture":"#0","tintindex":0},"west":{"uv":[12.33333,12.0,12.5,12.5],"rotation":0,"texture":"#0","tintindex":0},"up":{"uv":[11.08333,12.0,10.91667,12.5],"rotation":90,"texture":"#0","tintindex":0},"down":{"uv":[13.75,12.0,13.41667,12.25],"rotation":0,"texture":"#0","tintindex":0}}}],"display":{"head":{"translation":[0.0,-6.4,0.0],"scale":[4.0,4.0,4.0]}}}