{"textures":{"0":"modelengine:entity/xiddri","2":"modelengine:entity/xiddri_fur"},"elements":[{"from":[4.3999996,7.5098143,-4.940503],"to":[11.6,17.589813,11.150927],"rotation":{"angle":0.0,"axis":"y","origin":[8.0,25.1441,-36.449078]},"faces":{"east":{"uv":[4.84375,12.0,5.46875,12.5625],"rotation":0,"texture":"#0","tintindex":0},"south":{"uv":[6.5,13.3125,6.90625,13.875],"rotation":0,"texture":"#0","tintindex":0},"north":{"uv":[2.53125,2.9375,2.9375,3.5],"rotation":0,"texture":"#0","tintindex":0},"west":{"uv":[3.125,12.03125,3.75,12.59375],"rotation":0,"texture":"#0","tintindex":0},"up":{"uv":[13.6875,1.40625,13.28125,0.78125],"rotation":0,"texture":"#0","tintindex":0},"down":{"uv":[13.6875,6.09375,13.28125,6.71875],"rotation":0,"texture":"#0","tintindex":0}}},{"from":[5.0,4.3948126,5.549962],"to":[11.0,21.194815,29.549965],"rotation":{"angle":-22.5,"axis":"x","origin":[8.0,14.594814,24.449963]},"faces":{"east":{"uv":[4.5,2.5,5.8125,3.40625],"rotation":0,"texture":"#0","tintindex":0},"south":{"uv":[12.40625,5.875,12.75,6.78125],"rotation":0,"texture":"#0","tintindex":0},"north":{"uv":[5.46875,12.34375,5.8125,13.25],"rotation":0,"texture":"#0","tintindex":0},"west":{"uv":[3.90625,4.8125,5.21875,5.71875],"rotation":0,"texture":"#0","tintindex":0},"up":{"uv":[5.5625,11.9375,5.21875,10.625],"rotation":0,"texture":"#0","tintindex":0},"down":{"uv":[3.71875,10.65625,3.375,11.96875],"rotation":0,"texture":"#0","tintindex":0}}},{"from":[-1.0,6.794813,5.549962],"to":[5.0,16.394814,24.749962],"rotation":{"angle":-22.5,"axis":"x","origin":[8.0,14.594814,24.449963]},"faces":{"east":{"uv":[9.0,0.65625,10.0625,1.1875],"rotation":0,"texture":"#0","tintindex":0},"south":{"uv":[14.0625,13.9375,14.375,14.46875],"rotation":0,"texture":"#0","tintindex":0},"north":{"uv":[14.0625,13.40625,14.375,13.9375],"rotation":0,"texture":"#0","tintindex":0},"west":{"uv":[9.0,1.1875,10.0625,1.71875],"rotation":0,"texture":"#0","tintindex":0},"up":{"uv":[11.75,12.9375,11.4375,11.875],"rotation":0,"texture":"#0","tintindex":0},"down":{"uv":[6.65625,12.25,6.34375,13.3125],"rotation":0,"texture":"#0","tintindex":0}}},{"from":[-9.400002,8.594814,11.549962],"to":[-1.0,14.594814,17.549963],"rotation":{"angle":-22.5,"axis":"x","origin":[8.0,14.594814,24.449963]},"faces":{"east":{"uv":[10.90625,14.65625,11.25,15.0],"rotation":0,"texture":"#0","tintindex":0},"south":{"uv":[14.15625,5.09375,14.625,5.4375],"rotation":0,"texture":"#0","tintindex":0},"north":{"uv":[11.78125,10.625,12.25,10.96875],"rotation":0,"texture":"#0","tintindex":0},"west":{"uv":[14.65625,12.3125,15.0,12.65625],"rotation":0,"texture":"#0","tintindex":0},"up":{"uv":[7.21875,14.71875,6.75,14.375],"rotation":0,"texture":"#0","tintindex":0},"down":{"uv":[14.84375,9.46875,14.375,9.8125],"rotation":0,"texture":"#0","tintindex":0}}},{"from":[17.0,8.594814,11.549962],"to":[25.400002,14.594814,17.549963],"rotation":{"angle":-22.5,"axis":"x","origin":[8.0,14.594814,24.449963]},"faces":{"east":{"uv":[0.53125,14.6875,0.875,15.03125],"rotation":0,"texture":"#0","tintindex":0},"south":{"uv":[12.1875,14.375,12.65625,14.71875],"rotation":0,"texture":"#0","tintindex":0},"north":{"uv":[10.1875,14.375,10.65625,14.71875],"rotation":0,"texture":"#0","tintindex":0},"west":{"uv":[2.4375,14.6875,2.78125,15.03125],"rotation":0,"texture":"#0","tintindex":0},"up":{"uv":[14.84375,13.75,14.375,13.40625],"rotation":0,"texture":"#0","tintindex":0},"down":{"uv":[14.84375,13.75,14.375,14.09375],"rotation":0,"texture":"#0","tintindex":0}}},{"from":[11.0,6.794813,5.549962],"to":[17.0,16.394814,24.749962],"rotation":{"angle":-22.5,"axis":"x","origin":[8.0,14.594814,24.449963]},"faces":{"east":{"uv":[2.0625,9.0,3.125,9.53125],"rotation":0,"texture":"#0","tintindex":0},"south":{"uv":[13.625,14.09375,13.9375,14.625],"rotation":0,"texture":"#0","tintindex":0},"north":{"uv":[14.09375,2.96875,14.40625,3.5],"rotation":0,"texture":"#0","tintindex":0},"west":{"uv":[9.1875,3.875,10.25,4.40625],"rotation":0,"texture":"#0","tintindex":0},"up":{"uv":[6.96875,13.3125,6.65625,12.25],"rotation":0,"texture":"#0","tintindex":0},"down":{"uv":[12.0625,12.25,11.75,13.3125],"rotation":0,"texture":"#0","tintindex":0}}},{"from":[0.19999981,-5.205187,-13.921467],"to":[15.8,19.994814,-3.7500381],"rotation":{"angle":0.0,"axis":"y","origin":[7.4,5.5948133,-13.350039]},"faces":{"east":{"uv":[0.40625,7.6875,0.9375,9.0625],"rotation":0,"texture":"#0","tintindex":0},"south":{"uv":[3.90625,5.71875,4.75,7.09375],"rotation":0,"texture":"#0","tintindex":0},"north":{"uv":[1.34375,5.4375,2.1875,6.8125],"rotation":0,"texture":"#0","tintindex":0},"west":{"uv":[7.6875,0.90625,8.21875,2.28125],"rotation":0,"texture":"#0","tintindex":0},"up":{"uv":[11.15625,0.53125,10.3125,0.0],"rotation":0,"texture":"#0","tintindex":0},"down":{"uv":[11.28125,2.3125,10.4375,2.84375],"rotation":0,"texture":"#0","tintindex":0}}},{"from":[7.2799997,6.1841,-1.9490738],"to":[8.72,11.7041,9.570927],"rotation":{"angle":-22.5,"axis":"x","origin":[8.0,22.264101,-18.209076]},"faces":{"east":{"uv":[13.84375,2.65625,14.46875,2.96875],"rotation":0,"texture":"#0","tintindex":0},"south":{"uv":[5.8125,12.34375,5.90625,12.65625],"rotation":0,"texture":"#0","tintindex":0},"north":{"uv":[6.53125,8.28125,6.625,8.59375],"rotation":0,"texture":"#0","tintindex":0},"west":{"uv":[13.875,10.96875,14.5,11.28125],"rotation":0,"texture":"#0","tintindex":0},"up":{"uv":[12.375,15.9375,12.28125,15.3125],"rotation":0,"texture":"#0","tintindex":0},"down":{"uv":[12.46875,15.3125,12.375,15.9375],"rotation":0,"texture":"#0","tintindex":0}}},{"from":[8.057143,-16.0,-1.1428566],"to":[8.057143,10.285715,32.0],"rotation":{"angle":0.0,"axis":"y","origin":[8.571428,17.714287,-4.0]},"faces":{"east":{"uv":[0.0,5.6875,3.625,8.5625],"rotation":0,"texture":"#2","tintindex":0},"south":{"uv":[0.0,0.0,0.0,2.875],"rotation":0,"texture":"#2","tintindex":0},"north":{"uv":[0.0,0.0,0.0,2.875],"rotation":0,"texture":"#2","tintindex":0},"west":{"uv":[3.625,5.6875,0.0,8.5625],"rotation":0,"texture":"#2","tintindex":0},"up":{"uv":[0.0,3.625,0.0,0.0],"rotation":0,"texture":"#2","tintindex":0},"down":{"uv":[0.0,0.0,0.0,3.625],"rotation":0,"texture":"#2","tintindex":0}}}],"display":{"head":{"translation":[0.0,-45.25715,48.0],"scale":[4.0,4.0,4.0]}}}