{"textures":{"0":"modelengine:entity/xiddri","2":"modelengine:entity/xiddri_fur"},"elements":[{"from":[2.9599996,-2.1236315,-12.845028],"to":[13.040001,14.676369,1.4349732],"rotation":{"angle":0.0,"axis":"y","origin":[8.84,13.836369,-18.725027]},"faces":{"east":{"uv":[3.90625,3.5,5.03125,4.8125],"rotation":0,"texture":"#0","tintindex":0},"south":{"uv":[2.96875,5.8125,3.75,7.125],"rotation":0,"texture":"#0","tintindex":0},"north":{"uv":[2.1875,5.8125,2.96875,7.125],"rotation":0,"texture":"#0","tintindex":0},"west":{"uv":[0.96875,4.125,2.09375,5.4375],"rotation":0,"texture":"#0","tintindex":0},"up":{"uv":[7.0,1.125,6.21875,0.0],"rotation":0,"texture":"#0","tintindex":0},"down":{"uv":[0.78125,6.3125,0.0,7.4375],"rotation":0,"texture":"#0","tintindex":0}}},{"from":[-3.13,1.8663692,-6.3350267],"to":[1.0699997,11.946369,-2.555027],"rotation":{"angle":-22.5,"axis":"z","origin":[-5.0199995,6.276369,-4.4450264]},"faces":{"east":{"uv":[5.78125,13.5,6.0625,14.28125],"rotation":0,"texture":"#0","tintindex":0},"south":{"uv":[10.65625,12.96875,11.0,13.75],"rotation":0,"texture":"#0","tintindex":0},"north":{"uv":[12.96875,10.53125,13.3125,11.3125],"rotation":0,"texture":"#0","tintindex":0},"west":{"uv":[8.3125,13.53125,8.59375,14.3125],"rotation":0,"texture":"#0","tintindex":0},"up":{"uv":[15.25,9.15625,14.90625,8.875],"rotation":0,"texture":"#0","tintindex":0},"down":{"uv":[13.0,14.90625,12.65625,15.1875],"rotation":0,"texture":"#0","tintindex":0}}},{"from":[-6.0699997,9.426369,-7.175028],"to":[-1.8699999,19.50637,0.8049736],"rotation":{"angle":-45.0,"axis":"z","origin":[-5.0199995,6.276369,-4.4450264]},"faces":{"east":{"uv":[9.71875,9.90625,10.34375,10.6875],"rotation":0,"texture":"#0","tintindex":0},"south":{"uv":[12.96875,12.09375,13.3125,12.875],"rotation":0,"texture":"#0","tintindex":0},"north":{"uv":[12.96875,11.3125,13.3125,12.09375],"rotation":0,"texture":"#0","tintindex":0},"west":{"uv":[10.03125,8.375,10.65625,9.15625],"rotation":0,"texture":"#0","tintindex":0},"up":{"uv":[12.21875,14.3125,11.875,13.6875],"rotation":0,"texture":"#0","tintindex":0},"down":{"uv":[9.84375,13.75,9.5,14.375],"rotation":0,"texture":"#0","tintindex":0}}},{"from":[-9.01,-9.053633,-6.1250277],"to":[-4.8100004,1.8663692,-2.765027],"rotation":{"angle":45.0,"axis":"z","origin":[-5.0199995,6.276369,-4.4450264]},"faces":{"east":{"uv":[3.875,13.8125,4.125,14.65625],"rotation":0,"texture":"#0","tintindex":0},"south":{"uv":[12.625,12.03125,12.96875,12.875],"rotation":0,"texture":"#0","tintindex":0},"north":{"uv":[12.625,11.1875,12.96875,12.03125],"rotation":0,"texture":"#0","tintindex":0},"west":{"uv":[4.125,13.8125,4.375,14.65625],"rotation":0,"texture":"#0","tintindex":0},"up":{"uv":[0.75,7.6875,0.40625,7.4375],"rotation":0,"texture":"#0","tintindex":0},"down":{"uv":[9.1875,10.09375,8.84375,10.34375],"rotation":0,"texture":"#0","tintindex":0}}},{"from":[-6.0699997,11.946369,0.38497305],"to":[-1.8699999,22.02637,8.364973],"rotation":{"angle":-45.0,"axis":"z","origin":[-5.0199995,8.79637,3.114973]},"faces":{"east":{"uv":[10.0625,0.625,10.6875,1.40625],"rotation":0,"texture":"#0","tintindex":0},"south":{"uv":[2.09375,13.0,2.4375,13.78125],"rotation":0,"texture":"#0","tintindex":0},"north":{"uv":[1.75,13.0,2.09375,13.78125],"rotation":0,"texture":"#0","tintindex":0},"west":{"uv":[2.75,10.0625,3.375,10.84375],"rotation":0,"texture":"#0","tintindex":0},"up":{"uv":[11.0,14.375,10.65625,13.75],"rotation":0,"texture":"#0","tintindex":0},"down":{"uv":[12.5625,13.75,12.21875,14.375],"rotation":0,"texture":"#0","tintindex":0}}},{"from":[-3.13,4.3863688,1.2249732],"to":[1.0699997,14.46637,5.0049734],"rotation":{"angle":-22.5,"axis":"z","origin":[-5.0199995,8.79637,3.114973]},"faces":{"east":{"uv":[13.5625,2.34375,13.84375,3.125],"rotation":0,"texture":"#0","tintindex":0},"south":{"uv":[13.0,12.875,13.34375,13.65625],"rotation":0,"texture":"#0","tintindex":0},"north":{"uv":[13.0,8.59375,13.34375,9.375],"rotation":0,"texture":"#0","tintindex":0},"west":{"uv":[13.5625,4.8125,13.84375,5.59375],"rotation":0,"texture":"#0","tintindex":0},"up":{"uv":[15.25,14.71875,14.90625,14.4375],"rotation":0,"texture":"#0","tintindex":0},"down":{"uv":[15.25,14.71875,14.90625,15.0],"rotation":0,"texture":"#0","tintindex":0}}},{"from":[-9.01,-6.5336304,1.4349732],"to":[-4.8100004,4.3863688,4.7949734],"rotation":{"angle":45.0,"axis":"z","origin":[-5.0199995,8.79637,3.114973]},"faces":{"east":{"uv":[4.375,13.8125,4.625,14.65625],"rotation":0,"texture":"#0","tintindex":0},"south":{"uv":[6.96875,12.65625,7.3125,13.5],"rotation":0,"texture":"#0","tintindex":0},"north":{"uv":[5.8125,12.65625,6.15625,13.5],"rotation":0,"texture":"#0","tintindex":0},"west":{"uv":[11.0,13.8125,11.25,14.65625],"rotation":0,"texture":"#0","tintindex":0},"up":{"uv":[1.3125,11.96875,0.96875,11.71875],"rotation":0,"texture":"#0","tintindex":0},"down":{"uv":[15.3125,4.15625,14.96875,4.40625],"rotation":0,"texture":"#0","tintindex":0}}},{"from":[1.0699997,5.226369,7.3149734],"to":[6.07,15.30637,12.774973],"rotation":{"angle":-22.5,"axis":"z","origin":[-0.8199997,9.636369,10.044973]},"faces":{"east":{"uv":[5.90625,11.875,6.34375,12.65625],"rotation":0,"texture":"#0","tintindex":0},"south":{"uv":[0.3125,13.03125,0.65625,13.8125],"rotation":0,"texture":"#0","tintindex":0},"north":{"uv":[13.03125,0.0,13.375,0.78125],"rotation":0,"texture":"#0","tintindex":0},"west":{"uv":[1.75,12.21875,2.1875,13.0],"rotation":0,"texture":"#0","tintindex":0},"up":{"uv":[10.59375,4.375,10.25,3.9375],"rotation":0,"texture":"#0","tintindex":0},"down":{"uv":[9.25,14.46875,8.90625,14.90625],"rotation":0,"texture":"#0","tintindex":0}}},{"from":[9.93,5.226369,7.3149734],"to":[14.93,15.30637,12.774973],"rotation":{"angle":22.5,"axis":"z","origin":[16.82,9.636369,10.044973]},"faces":{"east":{"uv":[2.1875,12.21875,2.625,13.0],"rotation":0,"texture":"#0","tintindex":0},"south":{"uv":[4.40625,13.03125,4.75,13.8125],"rotation":0,"texture":"#0","tintindex":0},"north":{"uv":[4.0625,13.03125,4.40625,13.8125],"rotation":0,"texture":"#0","tintindex":0},"west":{"uv":[0.34375,12.25,0.78125,13.03125],"rotation":0,"texture":"#0","tintindex":0},"up":{"uv":[1.21875,14.9375,0.875,14.5],"rotation":0,"texture":"#0","tintindex":0},"down":{"uv":[5.71875,14.5,5.375,14.9375],"rotation":0,"texture":"#0","tintindex":0}}},{"from":[17.869999,11.946369,0.38497305],"to":[22.07,22.02637,8.364973],"rotation":{"angle":45.0,"axis":"z","origin":[21.02,8.79637,3.114973]},"faces":{"east":{"uv":[8.21875,10.09375,8.84375,10.875],"rotation":0,"texture":"#0","tintindex":0},"south":{"uv":[10.0,13.125,10.34375,13.90625],"rotation":0,"texture":"#0","tintindex":0},"north":{"uv":[13.03125,9.375,13.375,10.15625],"rotation":0,"texture":"#0","tintindex":0},"west":{"uv":[10.28125,5.03125,10.90625,5.8125],"rotation":0,"texture":"#0","tintindex":0},"up":{"uv":[12.90625,14.375,12.5625,13.75],"rotation":0,"texture":"#0","tintindex":0},"down":{"uv":[2.09375,13.78125,1.75,14.40625],"rotation":0,"texture":"#0","tintindex":0}}},{"from":[17.869999,9.426369,-7.175028],"to":[22.07,19.50637,0.8049736],"rotation":{"angle":45.0,"axis":"z","origin":[21.02,6.276369,-4.4450264]},"faces":{"east":{"uv":[10.3125,5.8125,10.9375,6.59375],"rotation":0,"texture":"#0","tintindex":0},"south":{"uv":[4.75,13.1875,5.09375,13.96875],"rotation":0,"texture":"#0","tintindex":0},"north":{"uv":[1.09375,13.15625,1.4375,13.9375],"rotation":0,"texture":"#0","tintindex":0},"west":{"uv":[0.34375,10.34375,0.96875,11.125],"rotation":0,"texture":"#0","tintindex":0},"up":{"uv":[2.4375,14.40625,2.09375,13.78125],"rotation":0,"texture":"#0","tintindex":0},"down":{"uv":[0.625,13.8125,0.28125,14.4375],"rotation":0,"texture":"#0","tintindex":0}}},{"from":[1.9099998,11.106369,10.6749735],"to":[5.27,16.14637,18.654974],"rotation":{"angle":-22.5,"axis":"z","origin":[-0.8199997,9.636369,10.044973]},"faces":{"east":{"uv":[12.96875,7.3125,13.59375,7.71875],"rotation":0,"texture":"#0","tintindex":0},"south":{"uv":[14.84375,9.3125,15.09375,9.71875],"rotation":0,"texture":"#0",