{"textures":{"0":"modelengine:entity/xiddri"},"elements":[{"from":[-4.160001,3.490952,3.6397858],"to":[20.16,13.730953,13.879786],"rotation":{"angle":22.5,"axis":"x","origin":[8.0,9.890953,3.6397858]},"faces":{"east":{"uv":[12.28125,10.625,12.84375,11.1875],"rotation":0,"texture":"#0","tintindex":0},"south":{"uv":[7.4375,3.875,8.78125,4.4375],"rotation":0,"texture":"#0","tintindex":0},"north":{"uv":[7.25,3.3125,8.59375,3.875],"rotation":0,"texture":"#0","tintindex":0},"west":{"uv":[12.34375,4.6875,12.90625,5.25],"rotation":0,"texture":"#0","tintindex":0},"up":{"uv":[8.78125,5.0,7.4375,4.4375],"rotation":0,"texture":"#0","tintindex":0},"down":{"uv":[8.78125,5.0,7.4375,5.5625],"rotation":0,"texture":"#0","tintindex":0}}},{"from":[0.3199997,0.788095,1.0797858],"to":[15.68,17.428097,15.159786],"rotation":{"angle":0.0,"axis":"y","origin":[6.72,-47.70905,-43.72022]},"faces":{"east":{"uv":[8.125,2.28125,8.90625,3.1875],"rotation":0,"texture":"#0","tintindex":0},"south":{"uv":[7.0,0.0,7.84375,0.90625],"rotation":0,"texture":"#0","tintindex":0},"north":{"uv":[6.75,6.8125,7.59375,7.71875],"rotation":0,"texture":"#0","tintindex":0},"west":{"uv":[8.21875,0.875,9.0,1.78125],"rotation":0,"texture":"#0","tintindex":0},"up":{"uv":[8.28125,9.34375,7.4375,8.5625],"rotation":0,"texture":"#0","tintindex":0},"down":{"uv":[7.375,8.59375,6.53125,9.375],"rotation":0,"texture":"#0","tintindex":0}}}],"display":{"head":{"translation":[0.0,-6.4,0.0],"scale":[4.0,4.0,4.0]}}}