{"textures":{"0":"modelengine:entity/xiddri","1":"modelengine:entity/xiddri_tooth"},"elements":[{"from":[4.5714283,7.785714,-7.8571434],"to":[4.5714283,10.071428,3.0],"rotation":{"angle":-22.5,"axis":"y","origin":[8.0,9.214286,-1.0]},"faces":{"east":{"uv":[0.0,4.0,11.0,2.0],"rotation":0,"texture":"#1","tintindex":0},"south":{"uv":[0.0,2.0,0.0,0.0],"rotation":0,"texture":"#1","tintindex":0},"north":{"uv":[0.0,2.0,0.0,0.0],"rotation":0,"texture":"#1","tintindex":0},"west":{"uv":[11.0,4.0,0.0,2.0],"rotation":0,"texture":"#1","tintindex":0},"up":{"uv":[0.0,11.0,0.0,0.0],"rotation":0,"texture":"#1","tintindex":0},"down":{"uv":[0.0,0.0,0.0,11.0],"rotation":0,"texture":"#1","tintindex":0}}},{"from":[11.428572,7.785714,-7.8571434],"to":[11.428572,10.071428,3.0],"rotation":{"angle":22.5,"axis":"y","origin":[8.0,9.214286,-1.0]},"faces":{"east":{"uv":[0.0,4.0,11.0,2.0],"rotation":0,"texture":"#1","tintindex":0},"south":{"uv":[0.0,2.0,0.0,0.0],"rotation":0,"texture":"#1","tintindex":0},"north":{"uv":[0.0,2.0,0.0,0.0],"rotation":0,"texture":"#1","tintindex":0},"west":{"uv":[11.0,4.0,0.0,2.0],"rotation":0,"texture":"#1","tintindex":0},"up":{"uv":[0.0,11.0,0.0,0.0],"rotation":0,"texture":"#1","tintindex":0},"down":{"uv":[0.0,0.0,0.0,11.0],"rotation":0,"texture":"#1","tintindex":0}}},{"from":[4.1,4.423384,-8.435753],"to":[11.9,8.023384,9.564247],"rotation":{"angle":0.0,"axis":"y","origin":[8.0,21.223385,8.364247]},"faces":{"east":{"uv":[13.625,3.59375,14.625,3.78125],"rotation":0,"texture":"#0","tintindex":0},"south":{"uv":[11.15625,0.34375,11.59375,0.53125],"rotation":0,"texture":"#0","tintindex":0},"north":{"uv":[10.4375,2.84375,10.875,3.03125],"rotation":0,"texture":"#0","tintindex":0},"west":{"uv":[13.71875,11.71875,14.71875,11.90625],"rotation":0,"texture":"#0","tintindex":0},"up":{"uv":[9.96875,11.6875,9.53125,10.6875],"rotation":0,"texture":"#0","tintindex":0},"down":{"uv":[11.125,9.71875,10.6875,10.71875],"rotation":0,"texture":"#0","tintindex":0}}},{"from":[2.8999996,3.223384,5.3642473],"to":[13.1,10.423385,12.564247],"rotation":{"angle":-22.5,"axis":"x","origin":[8.0,6.2233844,7.7642474]},"faces":{"east":{"uv":[14.125,10.5,14.53125,10.90625],"rotation":0,"texture":"#0","tintindex":0},"south":{"uv":[13.3125,10.15625,13.875,10.5625],"rotation":0,"texture":"#0","tintindex":0},"north":{"uv":[0.78125,6.3125,1.34375,6.71875],"rotation":0,"texture":"#0","tintindex":0},"west":{"uv":[14.125,11.90625,14.53125,12.3125],"rotation":0,"texture":"#0","tintindex":0},"up":{"uv":[13.875,10.96875,13.3125,10.5625],"rotation":0,"texture":"#0","tintindex":0},"down":{"uv":[13.875,10.96875,13.3125,11.375],"rotation":0,"texture":"#0","tintindex":0}}},{"from":[5.3,2.0233846,-8.435753],"to":[10.7,6.8233843,-3.6357527],"rotation":{"angle":-22.5,"axis":"x","origin":[8.0,2.623384,-7.235753]},"faces":{"east":{"uv":[14.46875,2.6875,14.71875,2.9375],"rotation":0,"texture":"#0","tintindex":0},"south":{"uv":[15.0625,0.625,15.34375,0.875],"rotation":0,"texture":"#0","tintindex":0},"north":{"uv":[13.28125,1.40625,13.5625,1.65625],"rotation":0,"texture":"#0","tintindex":0},"west":{"uv":[15.28125,2.28125,15.53125,2.53125],"rotation":0,"texture":"#0","tintindex":0},"up":{"uv":[15.34375,3.28125,15.0625,3.03125],"rotation":0,"texture":"#0","tintindex":0},"down":{"uv":[15.375,13.71875,15.09375,13.96875],"rotation":0,"texture":"#0","tintindex":0}}},{"from":[6.1571426,-1.5480452,-7.5786104],"to":[9.842857,3.2519555,-5.0643244],"rotation":{"angle":0.0,"axis":"y","origin":[8.285714,2.623384,-7.235753]},"faces":{"east":{"uv":[1.53125,8.4375,1.65625,8.6875],"rotation":0,"texture":"#0","tintindex":0},"south":{"uv":[11.625,15.46875,11.8125,15.71875],"rotation":0,"texture":"#0","tintindex":0},"north":{"uv":[10.9375,15.46875,11.125,15.71875],"rotation":0,"texture":"#0","tintindex":0},"west":{"uv":[15.65625,2.03125,15.78125,2.28125],"rotation":0,"texture":"#0","tintindex":0},"up":{"uv":[15.09375,9.28125,14.90625,9.15625],"rotation":0,"texture":"#0","tintindex":0},"down":{"uv":[15.21875,5.75,15.03125,5.875],"rotation":0,"texture":"#0","tintindex":0}}},{"from":[6.0142856,-3.8337593,-6.2928963],"to":[9.985714,-0.17661572,-3.7786093],"rotation":{"angle":22.5,"axis":"x","origin":[8.285714,2.623384,-7.235753]},"faces":{"east":{"uv":[0.65625,13.65625,0.78125,13.84375],"rotation":0,"texture":"#0","tintindex":0},"south":{"uv":[15.53125,10.78125,15.75,10.96875],"rotation":0,"texture":"#0","tintindex":0},"north":{"uv":[11.78125,1.75,12.0,1.9375],"rotation":0,"texture":"#0","tintindex":0},"west":{"uv":[13.65625,12.40625,13.78125,12.59375],"rotation":0,"texture":"#0","tintindex":0},"up":{"uv":[8.84375,11.0,8.625,10.875],"rotation":0,"texture":"#0","tintindex":0},"down":{"uv":[9.90625,12.71875,9.6875,12.84375],"rotation":0,"texture":"#0","tintindex":0}}}],"display":{"head":{"translation":[0.0,-6.4,0.0],"scale":[4.0,4.0,4.0]}}}