{"textures":{"0":"modelengine:entity/xiddri"},"elements":[{"from":[6.1571426,0.30909872,5.564247],"to":[9.757143,8.709099,9.1642475],"rotation":{"angle":-22.5,"axis":"z","origin":[8.557143,8.109098,8.264248]},"faces":{"east":{"uv":[14.96875,6.5,15.15625,6.96875],"rotation":0,"texture":"#0","tintindex":0},"south":{"uv":[14.96875,7.34375,15.15625,7.8125],"rotation":0,"texture":"#0","tintindex":0},"north":{"uv":[6.09375,14.96875,6.28125,15.4375],"rotation":0,"texture":"#0","tintindex":0},"west":{"uv":[14.96875,8.15625,15.15625,8.625],"rotation":0,"texture":"#0","tintindex":0},"up":{"uv":[15.75,14.65625,15.5625,14.46875],"rotation":0,"texture":"#0","tintindex":0},"down":{"uv":[15.75,14.65625,15.5625,14.84375],"rotation":0,"texture":"#0","tintindex":0}}},{"from":[5.0698338,-5.8391905,6.1642475],"to":[7.769834,1.6608095,8.564247],"rotation":{"angle":22.5,"axis":"z","origin":[3.869834,-1.6391907,7.3642473]},"faces":{"east":{"uv":[15.4375,7.71875,15.5625,8.125],"rotation":0,"texture":"#0","tintindex":0},"south":{"uv":[3.21875,11.59375,3.375,12.0],"rotation":0,"texture":"#0","tintindex":0},"north":{"uv":[3.75,6.6875,3.90625,7.09375],"rotation":0,"texture":"#0","tintindex":0},"west":{"uv":[15.4375,8.125,15.5625,8.53125],"rotation":0,"texture":"#0","tintindex":0},"up":{"uv":[14.15625,4.8125,14.0,4.6875],"rotation":0,"texture":"#0","tintindex":0},"down":{"uv":[15.84375,7.625,15.6875,7.75],"rotation":0,"texture":"#0","tintindex":0}}}],"display":{"head":{"translation":[0.0,-6.4,0.0],"scale":[4.0,4.0,4.0]}}}