{"textures":{"0":"modelengine:entity/xiddri"},"elements":[{"from":[10.928572,2.1090984,5.792819],"to":[14.528572,9.309099,9.392818],"rotation":{"angle":45.0,"axis":"z","origin":[9.428572,2.1090984,8.192819]},"faces":{"east":{"uv":[0.0,15.09375,0.1875,15.5],"rotation":0,"texture":"#0","tintindex":0},"south":{"uv":[1.21875,15.09375,1.40625,15.5],"rotation":0,"texture":"#0","tintindex":0},"north":{"uv":[15.0625,15.0,15.25,15.40625],"rotation":0,"texture":"#0","tintindex":0},"west":{"uv":[2.71875,15.09375,2.90625,15.5],"rotation":0,"texture":"#0","tintindex":0},"up":{"uv":[15.78125,2.03125,15.59375,1.84375],"rotation":0,"texture":"#0","tintindex":0},"down":{"uv":[2.4375,15.59375,2.25,15.78125],"rotation":0,"texture":"#0","tintindex":0}}},{"from":[10.328571,-0.5909023,6.0928187],"to":[12.728571,5.4090986,9.092819],"rotation":{"angle":0.0,"axis":"y","origin":[9.428572,2.1090984,8.192819]},"faces":{"east":{"uv":[15.34375,5.75,15.5,6.09375],"rotation":0,"texture":"#0","tintindex":0},"south":{"uv":[7.09375,15.53125,7.21875,15.875],"rotation":0,"texture":"#0","tintindex":0},"north":{"uv":[3.34375,14.34375,3.46875,14.6875],"rotation":0,"texture":"#0","tintindex":0},"west":{"uv":[7.75,15.34375,7.90625,15.6875],"rotation":0,"texture":"#0","tintindex":0},"up":{"uv":[4.75,13.96875,4.625,13.8125],"rotation":0,"texture":"#0","tintindex":0},"down":{"uv":[13.96875,0.3125,13.84375,0.46875],"rotation":0,"texture":"#0","tintindex":0}}}],"display":{"head":{"translation":[0.0,-6.4,0.0],"scale":[4.0,4.0,4.0]}}}