{"textures":{"0":"modelengine:entity/xiddri"},"elements":[{"from":[3.371428,4.0805273,3.307104],"to":[8.171429,8.8805275,11.707105],"rotation":{"angle":0.0,"axis":"y","origin":[6.9714284,34.08053,8.107104]},"faces":{"east":{"uv":[9.8125,5.03125,10.28125,5.28125],"rotation":0,"texture":"#0","tintindex":0},"south":{"uv":[15.28125,10.78125,15.53125,11.03125],"rotation":0,"texture":"#0","tintindex":0},"north":{"uv":[15.28125,9.46875,15.53125,9.71875],"rotation":0,"texture":"#0","tintindex":0},"west":{"uv":[14.4375,0.96875,14.90625,1.21875],"rotation":0,"texture":"#0","tintindex":0},"up":{"uv":[13.28125,1.25,13.03125,0.78125],"rotation":0,"texture":"#0","tintindex":0},"down":{"uv":[8.84375,14.53125,8.59375,15.0],"rotation":0,"texture":"#0","tintindex":0}}},{"from":[1.2714286,-0.41947365,5.7071047],"to":[4.8714285,5.880527,9.307105],"rotation":{"angle":-22.5,"axis":"z","origin":[3.9714284,1.6805272,7.5071044]},"faces":{"east":{"uv":[15.25,2.625,15.4375,2.96875],"rotation":0,"texture":"#0","tintindex":0},"south":{"uv":[4.34375,15.25,4.53125,15.59375],"rotation":0,"texture":"#0","tintindex":0},"north":{"uv":[14.1875,15.21875,14.375,15.5625],"rotation":0,"texture":"#0","tintindex":0},"west":{"uv":[7.5625,15.25,7.75,15.59375],"rotation":0,"texture":"#0","tintindex":0},"up":{"uv":[15.75,13.28125,15.5625,13.09375],"rotation":0,"texture":"#0","tintindex":0},"down":{"uv":[15.75,13.28125,15.5625,13.46875],"rotation":0,"texture":"#0","tintindex":0}}},{"from":[3.9714284,0.18052673,2.407104],"to":[7.5714283,4.980527,6.0071044],"rotation":{"angle":22.5,"axis":"x","origin":[5.771428,1.6805272,5.1071043]},"faces":{"east":{"uv":[0.0,15.5,0.1875,15.75],"rotation":0,"texture":"#0","tintindex":0},"south":{"uv":[1.21875,15.5,1.40625,15.75],"rotation":0,"texture":"#0","tintindex":0},"north":{"uv":[15.46875,12.4375,15.65625,12.6875],"rotation":0,"texture":"#0","tintindex":0},"west":{"uv":[2.71875,15.5,2.90625,15.75],"rotation":0,"texture":"#0","tintindex":0},"up":{"uv":[15.75,13.65625,15.5625,13.46875],"rotation":0,"texture":"#0","tintindex":0},"down":{"uv":[14.1875,15.5625,14.0,15.75],"rotation":0,"texture":"#0","tintindex":0}}},{"from":[3.9714284,-0.1194725,9.307105],"to":[7.5714283,4.680527,12.9071045],"rotation":{"angle":-22.5,"axis":"x","origin":[5.771428,1.6805272,5.1071043]},"faces":{"east":{"uv":[15.5,3.625,15.6875,3.875],"rotation":0,"texture":"#0","tintindex":0},"south":{"uv":[15.5,4.9375,15.6875,5.1875],"rotation":0,"texture":"#0","tintindex":0},"north":{"uv":[2.90625,15.5,3.09375,15.75],"rotation":0,"texture":"#0","tintindex":0},"west":{"uv":[15.5,5.1875,15.6875,5.4375],"rotation":0,"texture":"#0","tintindex":0},"up":{"uv":[15.78125,1.3125,15.59375,1.125],"rotation":0,"texture":"#0","tintindex":0},"down":{"uv":[15.78125,1.3125,15.59375,1.5],"rotation":0,"texture":"#0","tintindex":0}}},{"from":[5.771428,2.8805275,4.8071046],"to":[9.3714285,10.080527,10.207105],"rotation":{"angle":-22.5,"axis":"z","origin":[5.1714287,4.0805273,7.5071044]},"faces":{"east":{"uv":[6.96875,12.25,7.25,12.65625],"rotation":0,"texture":"#0","tintindex":0},"south":{"uv":[15.0625,2.625,15.25,3.03125],"rotation":0,"texture":"#0","tintindex":0},"north":{"uv":[0.34375,15.0625,0.53125,15.46875],"rotation":0,"texture":"#0","tintindex":0},"west":{"uv":[12.90625,3.0625,13.1875,3.46875],"rotation":0,"texture":"#0","tintindex":0},"up":{"uv":[15.625,0.28125,15.4375,0.0],"rotation":0,"texture":"#0","tintindex":0},"down":{"uv":[15.625,2.53125,15.4375,2.8125],"rotation":0,"texture":"#0","tintindex":0}}}],"display":{"head":{"translation":[0.0,-6.4,0.0],"scale":[4.0,4.0,4.0]}}}