{"textures":{"0":"modelengine:entity/xiddri"},"elements":[{"from":[6.5142856,1.4519558,6.1213903],"to":[10.114286,9.851955,9.721391],"rotation":{"angle":-22.5,"axis":"z","origin":[8.914286,9.251956,8.82139]},"faces":{"east":{"uv":[14.375,14.9375,14.5625,15.40625],"rotation":0,"texture":"#0","tintindex":0},"south":{"uv":[14.96875,1.21875,15.15625,1.6875],"rotation":0,"texture":"#0","tintindex":0},"north":{"uv":[9.5,13.28125,9.6875,13.75],"rotation":0,"texture":"#0","tintindex":0},"west":{"uv":[5.90625,14.96875,6.09375,15.4375],"rotation":0,"texture":"#0","tintindex":0},"up":{"uv":[14.375,15.75,14.1875,15.5625],"rotation":0,"texture":"#0","tintindex":0},"down":{"uv":[15.75,14.28125,15.5625,14.46875],"rotation":0,"texture":"#0","tintindex":0}}},{"from":[5.726977,-7.3963337,6.7213902],"to":[8.426977,2.5036669,9.12139],"rotation":{"angle":45.0,"axis":"z","origin":[4.226977,-0.49633312,7.9213905]},"faces":{"east":{"uv":[15.15625,7.34375,15.28125,7.875],"rotation":0,"texture":"#0","tintindex":0},"south":{"uv":[11.875,15.0,12.03125,15.53125],"rotation":0,"texture":"#0","tintindex":0},"north":{"uv":[13.71875,14.96875,13.875,15.5],"rotation":0,"texture":"#0","tintindex":0},"west":{"uv":[12.65625,15.1875,12.78125,15.71875],"rotation":0,"texture":"#0","tintindex":0},"up":{"uv":[12.84375,4.125,12.6875,4.0],"rotation":0,"texture":"#0","tintindex":0},"down":{"uv":[10.0,13.75,9.84375,13.875],"rotation":0,"texture":"#0","tintindex":0}}}],"display":{"head":{"translation":[0.0,-6.4,0.0],"scale":[4.0,4.0,4.0]}}}