{"textures":{"0":"modelengine:entity/xiddri"},"elements":[{"from":[3.5199995,2.5600019,2.8891668],"to":[9.92,12.800003,11.849167],"rotation":{"angle":0.0,"axis":"y","origin":[8.0,1.9200015,8.969168]},"faces":{"east":{"uv":[3.125,12.8125,2.625,13.375],"rotation":0,"texture":"#0","tintindex":0},"south":{"uv":[5.78125,13.9375,5.4375,14.5],"rotation":0,"texture":"#0","tintindex":0},"north":{"uv":[1.21875,13.9375,0.875,14.5],"rotation":0,"texture":"#0","tintindex":0},"west":{"uv":[13.25,5.875,12.75,6.4375],"rotation":0,"texture":"#0","tintindex":0},"up":{"uv":[14.0625,12.90625,14.40625,12.40625],"rotation":0,"texture":"#0","tintindex":0},"down":{"uv":[14.0625,12.90625,14.40625,13.40625],"rotation":0,"texture":"#0","tintindex":0}}},{"from":[4.8,-8.32,4.489167],"to":[11.2,10.880002,13.449167],"rotation":{"angle":0.0,"axis":"y","origin":[20.16,-41.6,-44.150833]},"faces":{"east":{"uv":[7.875,9.34375,7.375,10.40625],"rotation":0,"texture":"#0","tintindex":0},"south":{"uv":[10.25,11.8125,9.90625,12.875],"rotation":0,"texture":"#0","tintindex":0},"north":{"uv":[3.125,11.75,2.78125,12.8125],"rotation":0,"texture":"#0","tintindex":0},"west":{"uv":[9.71875,9.28125,9.21875,10.34375],"rotation":0,"texture":"#0","tintindex":0},"up":{"uv":[14.03125,1.78125,14.375,1.28125],"rotation":0,"texture":"#0","tintindex":0},"down":{"uv":[14.03125,1.78125,14.375,2.28125],"rotation":0,"texture":"#0","tintindex":0}}},{"from":[6.08,-16.0,0.64916706],"to":[12.4800005,10.880002,8.329167],"rotation":{"angle":-22.5,"axis":"x","origin":[8.0,1.2800016,3.8491669]},"faces":{"east":{"uv":[5.15625,8.34375,5.5625,9.8125],"rotation":0,"texture":"#0","tintindex":0},"south":{"uv":[6.875,9.375,7.21875,10.84375],"rotation":0,"texture":"#0","tintindex":0},"north":{"uv":[6.53125,9.375,6.875,10.84375],"rotation":0,"texture":"#0","tintindex":0},"west":{"uv":[8.78125,3.875,9.1875,5.34375],"rotation":0,"texture":"#0","tintindex":0},"up":{"uv":[14.875,10.875,14.53125,10.46875],"rotation":0,"texture":"#0","tintindex":0},"down":{"uv":[14.875,10.875,14.53125,11.28125],"rotation":0,"texture":"#0","tintindex":0}}}],"display":{"head":{"translation":[0.0,-8.3386135,0.0],"scale":[4.0,4.0,4.0]}}}