{"textures":{"0":"modelengine:entity/xiddri"},"elements":[{"from":[6.1,2.0519552,5.7642474],"to":[9.7,10.451956,9.364247],"rotation":{"angle":-22.5,"axis":"x","origin":[8.5,9.851955,8.464248]},"faces":{"east":{"uv":[3.59375,15.0,3.78125,15.46875],"rotation":0,"texture":"#0","tintindex":0},"south":{"uv":[3.78125,15.0,3.96875,15.46875],"rotation":0,"texture":"#0","tintindex":0},"north":{"uv":[13.53125,14.96875,13.71875,15.4375],"rotation":0,"texture":"#0","tintindex":0},"west":{"uv":[3.96875,15.0,4.15625,15.46875],"rotation":0,"texture":"#0","tintindex":0},"up":{"uv":[15.75,15.03125,15.5625,14.84375],"rotation":0,"texture":"#0","tintindex":0},"down":{"uv":[15.78125,0.46875,15.59375,0.65625],"rotation":0,"texture":"#0","tintindex":0}}},{"from":[6.512691,-3.196333,8.1642475],"to":[9.212691,4.3036666,10.564247],"rotation":{"angle":22.5,"axis":"x","origin":[3.8126912,0.10366678,7.5642476]},"faces":{"east":{"uv":[15.4375,8.53125,15.5625,8.9375],"rotation":0,"texture":"#0","tintindex":0},"south":{"uv":[15.28125,6.6875,15.4375,7.09375],"rotation":0,"texture":"#0","tintindex":0},"north":{"uv":[15.28125,6.28125,15.4375,6.6875],"rotation":0,"texture":"#0","tintindex":0},"west":{"uv":[15.4375,8.9375,15.5625,9.34375],"rotation":0,"texture":"#0","tintindex":0},"up":{"uv":[7.875,15.8125,7.71875,15.6875],"rotation":0,"texture":"#0","tintindex":0},"down":{"uv":[15.84375,7.75,15.6875,7.875],"rotation":0,"texture":"#0","tintindex":0}}}],"display":{"head":{"translation":[0.0,-6.4,0.0],"scale":[4.0,4.0,4.0]}}}