{"textures":{"0":"modelengine:entity/xiddri"},"elements":[{"from":[5.4399996,0.33820534,8.512024],"to":[11.84,10.578206,11.392024],"rotation":{"angle":-22.5,"axis":"x","origin":[8.0,5.4582057,8.512024]},"faces":{"east":{"uv":[9.75,12.15625,9.90625,12.71875],"rotation":0,"texture":"#0","tintindex":0},"south":{"uv":[9.84375,13.90625,10.1875,14.46875],"rotation":0,"texture":"#0","tintindex":0},"north":{"uv":[8.90625,13.90625,9.25,14.46875],"rotation":0,"texture":"#0","tintindex":0},"west":{"uv":[2.625,12.21875,2.78125,12.78125],"rotation":0,"texture":"#0","tintindex":0},"up":{"uv":[2.53125,5.8125,2.1875,5.65625],"rotation":0,"texture":"#0","tintindex":0},"down":{"uv":[6.8125,11.625,6.46875,11.78125],"rotation":0,"texture":"#0","tintindex":0}}},{"from":[3.8399997,-7.4499207,9.283434],"to":[6.72,2.7900796,11.843433],"rotation":{"angle":-22.5,"axis":"z","origin":[8.64,-2.3299208,13.123434]},"faces":{"east":{"uv":[15.15625,6.5,15.28125,7.0625],"rotation":0,"texture":"#0","tintindex":0},"south":{"uv":[12.875,0.0,13.03125,0.5625],"rotation":0,"texture":"#0","tintindex":0},"north":{"uv":[5.3125,12.5625,5.46875,13.125],"rotation":0,"texture":"#0","tintindex":0},"west":{"uv":[15.15625,8.15625,15.28125,8.71875],"rotation":0,"texture":"#0","tintindex":0},"up":{"uv":[15.84375,8.75,15.6875,8.625],"rotation":0,"texture":"#0","tintindex":0},"down":{"uv":[15.84375,8.75,15.6875,8.875],"rotation":0,"texture":"#0","tintindex":0}}},{"from":[11.52,-5.8499203,8.963433],"to":[14.4,3.1100798,11.523434],"rotation":{"angle":22.5,"axis":"z","origin":[8.64,-2.3299208,13.123434]},"faces":{"east":{"uv":[6.96875,15.3125,7.09375,15.8125],"rotation":0,"texture":"#0","tintindex":0},"south":{"uv":[7.125,15.03125,7.28125,15.53125],"rotation":0,"texture":"#0","tintindex":0},"north":{"uv":[2.5625,15.03125,2.71875,15.53125],"rotation":0,"texture":"#0","tintindex":0},"west":{"uv":[11.25,15.3125,11.375,15.8125],"rotation":0,"texture":"#0","tintindex":0},"up":{"uv":[15.84375,9.0,15.6875,8.875],"rotation":0,"texture":"#0","tintindex":0},"down":{"uv":[15.84375,9.0,15.6875,9.125],"rotation":0,"texture":"#0","tintindex":0}}},{"from":[7.68,-8.40992,8.643434],"to":[10.88,1.8300796,11.203434],"rotation":{"angle":22.5,"axis":"x","origin":[8.64,-2.3299208,13.123434]},"faces":{"east":{"uv":[15.1875,0.0,15.3125,0.5625],"rotation":0,"texture":"#0","tintindex":0},"south":{"uv":[4.96875,14.78125,5.15625,15.34375],"rotation":0,"texture":"#0","tintindex":0},"north":{"uv":[14.78125,1.21875,14.96875,1.78125],"rotation":0,"texture":"#0","tintindex":0},"west":{"uv":[3.28125,15.1875,3.40625,15.75],"rotation":0,"texture":"#0","tintindex":0},"up":{"uv":[15.28125,9.6875,15.09375,9.5625],"rotation":0,"texture":"#0","tintindex":0},"down":{"uv":[15.875,7.03125,15.6875,7.15625],"rotation":0,"texture":"#0","tintindex":0}}},{"from":[8.0,-13.122522,7.200304],"to":[10.56,-5.442521,9.7603035],"rotation":{"angle":-22.5,"axis":"x","origin":[9.28,-6.722521,7.840304]},"faces":{"east":{"uv":[0.34375,15.46875,0.46875,15.875],"rotation":0,"texture":"#0","tintindex":0},"south":{"uv":[0.6875,15.46875,0.8125,15.875],"rotation":0,"texture":"#0","tintindex":0},"north":{"uv":[15.4375,14.6875,15.5625,15.09375],"rotation":0,"texture":"#0","tintindex":0},"west":{"uv":[15.46875,1.125,15.59375,1.53125],"rotation":0,"texture":"#0","tintindex":0},"up":{"uv":[15.8125,11.4375,15.6875,11.3125],"rotation":0,"texture":"#0","tintindex":0},"down":{"uv":[15.8125,12.0625,15.6875,12.1875],"rotation":0,"texture":"#0","tintindex":0}}},{"from":[8.32,-8.962521,12.640305],"to":[10.24,-2.562521,15.200304],"rotation":{"angle":45.0,"axis":"x","origin":[9.28,-6.722521,7.840304]},"faces":{"east":{"uv":[11.5,15.53125,11.625,15.875],"rotation":0,"texture":"#0","tintindex":0},"south":{"uv":[2.4375,15.59375,2.53125,15.9375],"rotation":0,"texture":"#0","tintindex":0},"north":{"uv":[0.59375,15.5625,0.6875,15.90625],"rotation":0,"texture":"#0","tintindex":0},"west":{"uv":[15.53125,11.75,15.65625,12.09375],"rotation":0,"texture":"#0","tintindex":0},"up":{"uv":[0.96875,5.375,0.875,5.25],"rotation":0,"texture":"#0","tintindex":0},"down":{"uv":[2.0625,10.4375,1.96875,10.5625],"rotation":0,"texture":"#0","tintindex":0}}},{"from":[3.1999998,-11.842522,9.7603035],"to":[5.7599998,-4.1625204,12.320304],"rotation":{"angle":-22.5,"axis":"x","origin":[4.48,-5.442521,10.400304]},"faces":{"east":{"uv":[1.65625,15.46875,1.78125,15.875],"rotation":0,"texture":"#0","tintindex":0},"south":{"uv":[1.78125,15.46875,1.90625,15.875],"rotation":0,"texture":"#0","tintindex":0},"north":{"uv":[1.53125,15.46875,1.65625,15.875],"rotation":0,"texture":"#0","tintindex":0},"west":{"uv":[1.90625,15.46875,2.03125,15.875],"rotation":0,"texture":"#0","tintindex":0},"up":{"uv":[15.8125,12.3125,15.6875,12.1875],"rotation":0,"texture":"#0","tintindex":0},"down":{"uv":[13.125,15.6875,13.0,15.8125],"rotation":0,"texture":"#0","tintindex":0}}},{"from":[3.5199995,-11.52252,12.640305],"to":[5.4399996,-8.962521,17.760303],"rotation":{"angle":0.0,"axis":"y","origin":[4.48,-5.442521,10.400304]},"faces":{"east":{"uv":[10.03125,9.15625,10.3125,9.28125],"rotation":0,"texture":"#0","tintindex":0},"south":{"uv":[12.3125,8.75,12.40625,8.875],"rotation":0,"texture":"#0","tintindex":0},"north":{"uv":[2.65625,11.625,2.75,11.75],"rotation":0,"texture":"#0","tintindex":0},"west":{"uv":[4.875,10.5,5.15625,10.625],"rotation":0,"texture":"#0","tintindex":0},"up":{"uv":[1.625,15.03125,1.53125,14.75],"rotation":0,"texture":"#0","tintindex":0},"down":{"uv":[15.78125,0.1875,15.6875,0.46875],"rotation":0,"texture":"#0","tintindex":0}}},{"from":[12.16,-10.242521,9.7603035],"to":[14.72,-2.562521,12.320304],"rotation":{"angle":-22.5,"axis":"x","origin":[13.76,-3.8425207,10.400304]},"faces":{"east":{"uv":[3.65625,15.46875,3.78125,15.875],"rotation":0,"texture":"#0","tintindex":0},"south":{"uv":[3.78125,15.46875,3.90625,15.875],"rotation":0,"texture":"#0","tintindex":0},"north":{"uv":[3.53125,15.46875,3.65625,15.875],"rotation":0,"texture":"#0","tintindex":0},"west":{"uv":[3.90625,15.46875,4.03125,15.875],"rotation":0,"texture":"#0","tintindex":0},"up":{"uv":[13.4375,15.8125,13.3125,15.6875],"rotation":0,"texture":"#0","tintindex":0},"down":{"uv":[14.5,15.6875,14.375,15.8125],"rotation":0,"texture":"#0","tintindex":0}}},{"from":[12.4800005,-9.382908,12.178336],"to":[14.4,-6.8229084,17.298336],"rotation":{"angle":-22.5,"axis":"x","origin":[13.76,-7.462908,15.378336]},"faces":{"east":{"uv":[12.28125,11.1875,12.5625,11.3125],"rotation":0,"texture":"#0","tintindex":0},"south":{"uv":[6.0625,13.84375,6.15625,13.96875],"rotation":0,"texture":"#0","tintindex":0},"north":{"uv":[4.75,13.03125,4.84375,13.15625],"rotation":0,"texture":"#0","tintindex":0},"west":{"uv":[11.15625,12.8125,11.4375,12.9375],"rotation":0,"texture":"#0","tintindex":0},"up":{"uv":[15.78125,5.1875,15.6875,4.90625],"rotation":0,"texture":"#0","tintindex":0},"down":{"uv":[5.0625,15.6875,4.96875,15.96875],"rotation":0,"texture":"#0","tintindex":0}}},{"from":[6.72,-0.9417944,5.9520245],"to":[10.56,10.578206,8.512024],"rotation":{"angle":-22.5,"axis":"x","origin":[8.0,5.4582057,8.512024]},"faces":{"east":{"uv":[11.125,15.0,11.25,15.625],"rotation":0,"texture":"#0","tintindex":0},"south":{"uv":[0.0,14.46875,0.21875,15.09375],"rotation":0,"texture":"#0","tintindex":0},"north":{"uv":[5.90625,11.21875,6.125,11.84375],"rotation":0,"texture":"#0","tintindex":0},"west":{"uv":[7.28125,15.03125,7.40625,15.65625],"rotation":0,"texture":"#0","tintindex":0},"up":{"uv":[14.5625,8.0625,14.34375,7.9375],"rotation":0,"texture":"#0","tintindex":0},"down":{"uv":[15.78125,4.78125,15.5625,4.90625],"rotation":0,"texture":"#0","tintindex":0}}}],"display":{"head":{"translation":[0.0,-6.4,0.0],"scale":[4.0,4.0,4.0]}}}