{"textures":{"0":"modelengine:entity/xiddri"},"elements":[{"from":[5.142857,-16.0,5.2213902],"to":[11.142858,9.200002,11.221391],"rotation":{"angle":0.0,"axis":"y","origin":[9.942858,36.800003,8.82139]},"faces":{"east":{"uv":[0.96875,10.34375,1.3125,11.71875],"rotation":0,"texture":"#0","tintindex":0},"south":{"uv":[10.34375,9.90625,10.6875,11.28125],"rotation":0,"texture":"#0","tintindex":0},"north":{"uv":[5.78125,9.84375,6.125,11.21875],"rotation":0,"texture":"#0","tintindex":0},"west":{"uv":[7.21875,10.40625,7.5625,11.78125],"rotation":0,"texture":"#0","tintindex":0},"up":{"uv":[14.71875,14.9375,14.375,14.59375],"rotation":0,"texture":"#0","tintindex":0},"down":{"uv":[14.96875,4.1875,14.625,4.53125],"rotation":0,"texture":"#0","tintindex":0}}},{"from":[6.9142857,-4.8571424,8.221391],"to":[9.3714285,6.8000016,13.021391],"rotation":{"angle":45.0,"axis":"x","origin":[8.142858,-1.5999985,14.221391]},"faces":{"east":{"uv":[9.5,14.375,9.75,15.0],"rotation":0,"texture":"#0","tintindex":0},"south":{"uv":[12.84375,10.53125,12.96875,11.15625],"rotation":0,"texture":"#0","tintindex":0},"north":{"uv":[2.625,11.0,2.75,11.625],"rotation":0,"texture":"#0","tintindex":0},"west":{"uv":[10.65625,14.375,10.90625,15.0],"rotation":0,"texture":"#0","tintindex":0},"up":{"uv":[15.78125,12.625,15.65625,12.375],"rotation":0,"texture":"#0","tintindex":0},"down":{"uv":[15.78125,12.625,15.65625,12.875],"rotation":0,"texture":"#0","tintindex":0}}},{"from":[6.9142857,-12.285713,13.935677],"to":[9.3714285,-2.9142838,17.59282],"rotation":{"angle":45.0,"axis":"x","origin":[8.142858,-1.5999985,14.221391]},"faces":{"east":{"uv":[5.03125,4.28125,5.21875,4.78125],"rotation":0,"texture":"#0","tintindex":0},"south":{"uv":[15.3125,4.125,15.4375,4.625],"rotation":0,"texture":"#0","tintindex":0},"north":{"uv":[3.09375,15.3125,3.21875,15.8125],"rotation":0,"texture":"#0","tintindex":0},"west":{"uv":[7.8125,14.84375,8.0,15.34375],"rotation":0,"texture":"#0","tintindex":0},"up":{"uv":[13.8125,9.25,13.6875,9.0625],"rotation":0,"texture":"#0","tintindex":0},"down":{"uv":[8.15625,14.5,8.03125,14.6875],"rotation":0,"texture":"#0","tintindex":0}}},{"from":[6.9142857,-14.571428,18.507107],"to":[9.3714285,-8.057142,21.59282],"rotation":{"angle":45.0,"axis":"x","origin":[8.142858,-1.5999985,14.221391]},"faces":{"east":{"uv":[15.34375,5.125,15.5,5.46875],"rotation":0,"texture":"#0","tintindex":0},"south":{"uv":[13.9375,14.09375,14.0625,14.4375],"rotation":0,"texture":"#0","tintindex":0},"north":{"uv":[6.34375,11.875,6.46875,12.21875],"rotation":0,"texture":"#0","tintindex":0},"west":{"uv":[5.6875,15.34375,5.84375,15.6875],"rotation":0,"texture":"#0","tintindex":0},"up":{"uv":[9.4375,7.5,9.3125,7.34375],"rotation":0,"texture":"#0","tintindex":0},"down":{"uv":[12.96875,8.59375,12.84375,8.75],"rotation":0,"texture":"#0","tintindex":0}}},{"from":[3.9428568,4.4000015,4.02139],"to":[12.342857,11.600002,12.421391],"rotation":{"angle":0.0,"axis":"y","origin":[9.942858,36.800003,8.82139]},"faces":{"east":{"uv":[13.90625,9.6875,14.375,10.09375],"rotation":0,"texture":"#0","tintindex":0},"south":{"uv":[13.96875,0.875,14.4375,1.28125],"rotation":0,"texture":"#0","tintindex":0},"north":{"uv":[13.90625,6.71875,14.375,7.125],"rotation":0,"texture":"#0","tintindex":0},"west":{"uv":[4.96875,13.96875,5.4375,14.375],"rotation":0,"texture":"#0","tintindex":0},"up":{"uv":[14.0,4.34375,13.53125,3.875],"rotation":0,"texture":"#0","tintindex":0},"down":{"uv":[14.0,4.34375,13.53125,4.8125],"rotation":0,"texture":"#0","tintindex":0}}},{"from":[5.742857,4.1000013,5.2213902],"to":[9.342857,11.300002,11.221391],"rotation":{"angle":22.5,"axis":"z","origin":[2.142857,0.80000114,8.221391]},"faces":{"east":{"uv":[12.1875,9.28125,12.53125,9.6875],"rotation":0,"texture":"#0","tintindex":0},"south":{"uv":[15.03125,14.0,15.21875,14.40625],"rotation":0,"texture":"#0","tintindex":0},"north":{"uv":[10.6875,1.0,10.875,1.40625],"rotation":0,"texture":"#0","tintindex":0},"west":{"uv":[12.96875,14.5,13.3125,14.90625],"rotation":0,"texture":"#0","tintindex":0},"up":{"uv":[15.40625,14.3125,15.21875,13.96875],"rotation":0,"texture":"#0","tintindex":0},"down":{"uv":[14.1875,15.21875,14.0,15.5625],"rotation":0,"texture":"#0","tintindex":0}}},{"from":[2.742857,-1.5999985,6.42139],"to":[6.342857,9.200002,10.021391],"rotation":{"angle":0.0,"axis":"y","origin":[2.142857,0.80000114,8.221391]},"faces":{"east":{"uv":[5.5625,10.625,5.75,11.21875],"rotation":0,"texture":"#0","tintindex":0},"south":{"uv":[6.15625,12.65625,6.34375,13.25],"rotation":0,"texture":"#0","tintindex":0},"north":{"uv":[1.34375,8.875,1.53125,9.46875],"rotation":0,"texture":"#0","tintindex":0},"west":{"uv":[3.875,13.21875,4.0625,13.8125],"rotation":0,"texture":"#0","tintindex":0},"up":{"uv":[15.75,3.25,15.5625,3.0625],"rotation":0,"texture":"#0","tintindex":0},"down":{"uv":[15.75,12.90625,15.5625,13.09375],"rotation":0,"texture":"#0","tintindex":0}}},{"from":[0.9428568,-10.0,7.6213903],"to":[4.542857,0.80000114,8.82139],"rotation":{"angle":22.5,"axis":"z","origin":[2.142857,0.80000114,8.221391]},"faces":{"east":{"uv":[6.75,1.125,6.8125,1.71875],"rotation":0,"texture":"#0","tintindex":0},"south":{"uv":[4.40625,14.65625,4.59375,15.25],"rotation":0,"texture":"#0","tintindex":0},"north":{"uv":[2.9375,13.375,3.125,13.96875],"rotation":0,"texture":"#0","tintindex":0},"west":{"uv":[3.6875,7.125,3.75,7.71875],"rotation":0,"texture":"#0","tintindex":0},"up":{"uv":[4.9375,3.46875,4.75,3.40625],"rotation":0,"texture":"#0","tintindex":0},"down":{"uv":[6.0,3.3125,5.8125,3.375],"rotation":0,"texture":"#0","tintindex":0}}}],"display":{"head":{"translation":[0.0,-8.249327,0.0],"scale":[4.0,4.0,4.0]}}}