{"textures":{"0":"modelengine:entity/xiddri"},"elements":[{"from":[4.9066668,3.8497543,-1.920001],"to":[12.586667,11.529755,5.7599993],"rotation":{"angle":-22.5,"axis":"x","origin":[7.1466665,9.609755,1.2799993]},"faces":{"east":{"uv":[7.21875,14.28125,7.625,14.6875],"rotation":0,"texture":"#0","tintindex":0},"south":{"uv":[14.3125,0.3125,14.71875,0.71875],"rotation":0,"texture":"#0","tintindex":0},"north":{"uv":[14.28125,3.78125,14.6875,4.1875],"rotation":0,"texture":"#0","tintindex":0},"west":{"uv":[14.3125,6.25,14.71875,6.65625],"rotation":0,"texture":"#0","tintindex":0},"up":{"uv":[8.59375,14.71875,8.1875,14.3125],"rotation":0,"texture":"#0","tintindex":0},"down":{"uv":[12.1875,14.3125,11.78125,14.71875],"rotation":0,"texture":"#0","tintindex":0}}},{"from":[5.866667,4.489754,3.8399997],"to":[12.266666,10.889754,32.0],"rotation":{"angle":0.0,"axis":"y","origin":[8.426666,33.929756,1.2799993]},"faces":{"east":{"uv":[8.90625,2.6875,10.4375,3.03125],"rotation":0,"texture":"#0","tintindex":0},"south":{"uv":[14.6875,3.8125,15.03125,4.15625],"rotation":0,"texture":"#0","tintindex":0},"north":{"uv":[14.6875,3.46875,15.03125,3.8125],"rotation":0,"texture":"#0","tintindex":0},"west":{"uv":[9.46875,7.34375,11.0,7.6875],"rotation":0,"texture":"#0","tintindex":0},"up":{"uv":[2.53125,5.65625,2.1875,4.125],"rotation":0,"texture":"#0","tintindex":0},"down":{"uv":[6.53125,8.96875,6.1875,10.5],"rotation":0,"texture":"#0","tintindex":0}}},{"from":[4.5866666,5.7697544,3.8399997],"to":[10.986667,12.169754,24.32],"rotation":{"angle":0.0,"axis":"y","origin":[9.066667,5.129754,17.92]},"faces":{"east":{"uv":[11.15625,10.96875,12.28125,11.3125],"rotation":0,"texture":"#0","tintindex":0},"south":{"uv":[14.6875,14.09375,15.03125,14.4375],"rotation":0,"texture":"#0","tintindex":0},"north":{"uv":[7.21875,14.6875,7.5625,15.03125],"rotation":0,"texture":"#0","tintindex":0},"west":{"uv":[3.71875,11.21875,4.84375,11.5625],"rotation":0,"texture":"#0","tintindex":0},"up":{"uv":[10.3125,11.8125,9.96875,10.6875],"rotation":0,"texture":"#0","tintindex":0},"down":{"uv":[0.96875,11.125,0.625,12.25],"rotation":0,"texture":"#0","tintindex":0}}},{"from":[5.1866665,13.0985,2.5852656],"to":[7.4552383,18.218502,10.265265],"rotation":{"angle":45.0,"axis":"x","origin":[5.8209524,11.6585,11.425265]},"faces":{"east":{"uv":[12.40625,7.84375,12.8125,8.125],"rotation":0,"texture":"#0","tintindex":0},"south":{"uv":[11.125,15.625,11.25,15.90625],"rotation":0,"texture":"#0","tintindex":0},"north":{"uv":[4.46875,15.59375,4.59375,15.875],"rotation":0,"texture":"#0","tintindex":0},"west":{"uv":[8.03125,14.71875,8.4375,15.0],"rotation":0,"texture":"#0","tintindex":0},"up":{"uv":[13.65625,15.84375,13.53125,15.4375],"rotation":0,"texture":"#0","tintindex":0},"down":{"uv":[15.5625,14.28125,15.4375,14.6875],"rotation":0,"texture":"#0","tintindex":0}}},{"from":[5.0438094,9.740366,11.258289],"to":[7.7409525,16.574652,16.652576],"rotation":{"angle":-22.5,"axis":"x","origin":[6.3923807,12.943224,14.526862]},"faces":{"east":{"uv":[14.875,10.3125,15.28125,10.5625],"rotation":0,"texture":"#0","tintindex":0},"south":{"uv":[15.5625,2.8125,15.71875,3.0625],"rotation":0,"texture":"#0","tintindex":0},"north":{"uv":[15.5625,0.875,15.71875,1.125],"rotation":0,"texture":"#0","tintindex":0},"west":{"uv":[14.875,10.3125,15.28125,10.5625],"rotation":0,"texture":"#0","tintindex":0},"up":{"uv":[15.4375,9.46875,15.28125,9.0625],"rotation":0,"texture":"#0","tintindex":0},"down":{"uv":[9.84375,15.28125,9.6875,15.6875],"rotation":0,"texture":"#0","tintindex":0}}},{"from":[6.1866665,17.66993,15.585266],"to":[8.88381,22.218502,23.265266],"rotation":{"angle":45.0,"axis":"x","origin":[5.8209524,11.6585,11.425265]},"faces":{"east":{"uv":[14.875,10.5625,15.28125,10.8125],"rotation":0,"texture":"#0","tintindex":0},"south":{"uv":[15.5625,4.53125,15.71875,4.78125],"rotation":0,"texture":"#0","tintindex":0},"north":{"uv":[15.5625,3.375,15.71875,3.625],"rotation":0,"texture":"#0","tintindex":0},"west":{"uv":[14.875,10.8125,15.28125,11.0625],"rotation":0,"texture":"#0","tintindex":0},"up":{"uv":[10.0,15.6875,9.84375,15.28125],"rotation":0,"texture":"#0","tintindex":0},"down":{"uv":[15.4375,9.96875,15.28125,10.375],"rotation":0,"texture":"#0","tintindex":0}}}],"display":{"head":{"translation":[0.0,-6.4,23.74672],"scale":[4.0,4.0,4.0]}}}