{"textures":{"0":"modelengine:entity/xiddri"},"elements":[{"from":[5.7279997,-15.187632,4.7509727],"to":[10.768,9.004369,9.790974],"rotation":{"angle":0.0,"axis":"y","origin":[9.76,7.996369,7.7749734]},"faces":{"east":{"uv":[3.75,7.09375,4.15625,8.96875],"rotation":0,"texture":"#0","tintindex":0},"south":{"uv":[4.15625,7.09375,4.5625,8.96875],"rotation":0,"texture":"#0","tintindex":0},"north":{"uv":[1.65625,6.8125,2.0625,8.6875],"rotation":0,"texture":"#0","tintindex":0},"west":{"uv":[2.0625,7.125,2.46875,9.0],"rotation":0,"texture":"#0","tintindex":0},"up":{"uv":[14.5625,5.09375,14.15625,4.6875],"rotation":0,"texture":"#0","tintindex":0},"down":{"uv":[14.5625,8.09375,14.15625,8.5],"rotation":0,"texture":"#0","tintindex":0}}},{"from":[3.9639997,2.956369,2.734973],"to":[12.028,10.012369,12.814974],"rotation":{"angle":-22.5,"axis":"z","origin":[9.76,7.996369,7.7749734]},"faces":{"east":{"uv":[10.5,9.15625,11.28125,9.71875],"rotation":0,"texture":"#0","tintindex":0},"south":{"uv":[12.0625,3.5625,12.6875,4.125],"rotation":0,"texture":"#0","tintindex":0},"north":{"uv":[3.75,12.03125,4.375,12.59375],"rotation":0,"texture":"#0","tintindex":0},"west":{"uv":[10.59375,3.9375,11.375,4.5],"rotation":0,"texture":"#0","tintindex":0},"up":{"uv":[1.96875,10.59375,1.34375,9.8125],"rotation":0,"texture":"#0","tintindex":0},"down":{"uv":[5.78125,9.84375,5.15625,10.625],"rotation":0,"texture":"#0","tintindex":0}}},{"from":[3.6516213,-2.47674,3.7429733],"to":[9.699621,5.5872602,11.806973],"rotation":{"angle":0.0,"axis":"y","origin":[7.179621,-0.20873928,7.270973]},"faces":{"east":{"uv":[8.625,11.03125,9.25,11.65625],"rotation":0,"texture":"#0","tintindex":0},"south":{"uv":[12.4375,2.84375,12.90625,3.46875],"rotation":0,"texture":"#0","tintindex":0},"north":{"uv":[12.4375,2.21875,12.90625,2.84375],"rotation":0,"texture":"#0","tintindex":0},"west":{"uv":[0.0,11.125,0.625,11.75],"rotation":0,"texture":"#0","tintindex":0},"up":{"uv":[13.0,9.90625,12.53125,9.28125],"rotation":0,"texture":"#0","tintindex":0},"down":{"uv":[13.03125,0.625,12.5625,1.25],"rotation":0,"texture":"#0","tintindex":0}}},{"from":[4.6596212,-10.540739,3.9949732],"to":[8.691621,-2.47674,10.546973],"rotation":{"angle":0.0,"axis":"y","origin":[7.179621,-0.20873928,7.270973]},"faces":{"east":{"uv":[12.34375,8.125,12.84375,8.75],"rotation":0,"texture":"#0","tintindex":0},"south":{"uv":[13.84375,9.0625,14.15625,9.6875],"rotation":0,"texture":"#0","tintindex":0},"north":{"uv":[13.84375,4.8125,14.15625,5.4375],"rotation":0,"texture":"#0","tintindex":0},"west":{"uv":[10.65625,12.34375,11.15625,12.96875],"rotation":0,"texture":"#0","tintindex":0},"up":{"uv":[12.96875,14.875,12.65625,14.375],"rotation":0,"texture":"#0","tintindex":0},"down":{"uv":[14.6875,14.09375,14.375,14.59375],"rotation":0,"texture":"#0","tintindex":0}}},{"from":[6.259621,-9.84074,9.494973],"to":[7.491621,-1.7767401,13.246973],"rotation":{"angle":45.0,"axis":"x","origin":[6.8756213,-6.5087385,12.270973]},"faces":{"east":{"uv":[4.875,9.875,5.15625,10.5],"rotation":0,"texture":"#0","tintindex":0},"south":{"uv":[12.90625,13.75,13.0,14.375],"rotation":0,"texture":"#0","tintindex":0},"north":{"uv":[1.96875,9.8125,2.0625,10.4375],"rotation":0,"texture":"#0","tintindex":0},"west":{"uv":[9.25,11.03125,9.53125,11.65625],"rotation":0,"texture":"#0","tintindex":0},"up":{"uv":[7.6875,2.28125,7.59375,2.0],"rotation":0,"texture":"#0","tintindex":0},"down":{"uv":[3.21875,11.75,3.125,12.03125],"rotation":0,"texture":"#0","tintindex":0}}},{"from":[6.359621,-2.8407393,10.594974],"to":[7.391621,1.6232605,14.846973],"rotation":{"angle":22.5,"axis":"x","origin":[6.8756213,-6.5087385,12.270973]},"faces":{"east":{"uv":[14.625,5.09375,14.96875,5.4375],"rotation":0,"texture":"#0","tintindex":0},"south":{"uv":[8.59375,13.53125,8.6875,13.875],"rotation":0,"texture":"#0","tintindex":0},"north":{"uv":[6.0625,13.5,6.15625,13.84375],"rotation":0,"texture":"#0","tintindex":0},"west":{"uv":[6.03125,14.625,6.375,14.96875],"rotation":0,"texture":"#0","tintindex":0},"up":{"uv":[11.875,14.21875,11.78125,13.875],"rotation":0,"texture":"#0","tintindex":0},"down":{"uv":[8.75,15.46875,8.65625,15.8125],"rotation":0,"texture":"#0","tintindex":0}}},{"from":[1.7221808,9.036369,8.204524],"to":[11.802181,15.08437,14.252524],"rotation":{"angle":45.0,"axis":"y","origin":[3.990181,9.036369,8.456524]},"faces":{"east":{"uv":[7.375,13.53125,7.84375,14.0],"rotation":0,"texture":"#0","tintindex":0},"south":{"uv":[11.625,7.65625,12.40625,8.125],"rotation":0,"texture":"#0","tintindex":0},"north":{"uv":[7.5625,11.625,8.34375,12.09375],"rotation":0,"texture":"#0","tintindex":0},"west":{"uv":[13.53125,7.71875,14.0,8.1875],"rotation":0,"texture":"#0","tintindex":0},"up":{"uv":[12.4375,3.09375,11.65625,2.625],"rotation":0,"texture":"#0","tintindex":0},"down":{"uv":[12.4375,3.09375,11.65625,3.5625],"rotation":0,"texture":"#0","tintindex":0}}},{"from":[4.1821804,19.928793,10.936891],"to":[5.8621807,26.776793,18.18489],"rotation":{"angle":0.0,"axis":"y","origin":[8.362181,24.752792,15.760891]},"faces":{"east":{"uv":[12.40625,6.78125,12.96875,7.3125],"rotation":0,"texture":"#0","tintindex":0},"south":{"uv":[0.875,15.21875,1.0,15.75],"rotation":0,"texture":"#0","tintindex":0},"north":{"uv":[12.78125,15.1875,12.90625,15.71875],"rotation":0,"texture":"#0","tintindex":0},"west":{"uv":[12.40625,7.3125,12.96875,7.84375],"rotation":0,"texture":"#0","tintindex":0},"up":{"uv":[4.5,12.59375,4.375,12.03125],"rotation":0,"texture":"#0","tintindex":0},"down":{"uv":[1.53125,15.09375,1.40625,15.65625],"rotation":0,"texture":"#0","tintindex":0}}},{"from":[4.162181,12.260592,9.560618],"to":[5.842181,21.908592,16.408619],"rotation":{"angle":22.5,"axis":"x","origin":[8.362181,17.084593,12.584618]},"faces":{"east":{"uv":[7.5625,10.875,8.09375,11.625],"rotation":0,"texture":"#0","tintindex":0},"south":{"uv":[7.4375,7.71875,7.5625,8.46875],"rotation":0,"texture":"#0","tintindex":0},"north":{"uv":[1.53125,7.6875,1.65625,8.4375],"rotation":0,"texture":"#0","tintindex":0},"west":{"uv":[8.09375,10.875,8.625,11.625],"rotation":0,"texture":"#0","tintindex":0},"up":{"uv":[1.125,15.75,1.0,15.21875],"rotation":0,"texture":"#0","tintindex":0},"down":{"uv":[4.71875,15.21875,4.59375,15.75],"rotation":0,"texture":"#0","tintindex":0}}},{"from":[0.6276212,-9.02874,6.766973],"to":[4.6596212,2.0592604,8.782973],"rotation":{"angle":22.5,"axis":"z","origin":[0.6276212,1.5552602,7.7749734]},"faces":{"east":{"uv":[4.71875,7.09375,4.5625,7.96875],"rotation":0,"texture":"#0","tintindex":0},"south":{"uv":[13.28125,6.4375,12.96875,7.3125],"rotation":0,"texture":"#0","tintindex":0},"north":{"uv":[1.09375,12.96875,0.78125,13.84375],"rotation":0,"texture":"#0","tintindex":0},"west":{"uv":[3.90625,5.8125,3.75,6.6875],"rotation":0,"texture":"#0","tintindex":0},"up":{"uv":[15.34375,11.75,15.65625,11.59375],"rotation":0,"texture":"#0","tintindex":0},"down":{"uv":[15.40625,11.03125,15.71875,11.1875],"rotation":0,"texture":"#0","tintindex":0}}},{"from":[1.8686552,5.8265877,6.766973],"to":[5.9006557,9.858588,8.782973],"rotation":{"angle":22.5,"axis":"z","origin":[1.1126556,8.850588,7.7749734]},"faces":{"east":{"uv":[10.9375,15.46875,10.78125,15.78125],"rotation":0,"texture":"#0","tintindex":0},"south":{"uv":[13.6875,0.46875,13.375,0.78125],"rotation":0,"texture":"#0","tintindex":0},"north":{"uv":[7.5625,11.78125,7.25,12.09375],"rotation":0,"texture":"#0","tintindex":0},"west":{"uv":[15.625,1.53125,15.46875,1.84375],"rotation":0,"texture":"#0","tintindex":0},"up":{"uv":[13.28125,7.28125,13.59375,7.125],"rotation":0,"texture":"#0","tintindex":0},"down":{"uv":[15.34375,2.125,15.65625,2.28125],"rotation":0,"texture":"#0","tintindex":0}}}],"display":{"head":{"translation":[0.0,-6.4,0.0],"scale":[4.0,4.0,4.0]}}}