{"textures":{"0":"modelengine:entity/xiddri","2":"modelengine:entity/xiddri_fur"},"elements":[{"from":[3.1999998,8.794813,-6.8928957],"to":[12.8,16.294813,9.9071045],"rotation":{"angle":0.0,"axis":"y","origin":[8.0,8.794813,-9.292896]},"faces":{"east":{"uv":[11.28125,9.28125,12.1875,9.6875],"rotation":0,"texture":"#0","tintindex":0},"south":{"uv":[13.6875,8.65625,14.21875,9.0625],"rotation":0,"texture":"#0","tintindex":0},"north":{"uv":[13.375,9.71875,13.90625,10.125],"rotation":0,"texture":"#0","tintindex":0},"west":{"uv":[11.4375,4.96875,12.34375,5.375],"rotation":0,"texture":"#0","tintindex":0},"up":{"uv":[10.875,2.3125,10.34375,1.40625],"rotation":0,"texture":"#0","tintindex":0},"down":{"uv":[10.875,3.03125,10.34375,3.9375],"rotation":0,"texture":"#0","tintindex":0}}},{"from":[6.2,13.294813,-2.9928951],"to":[9.8,19.594814,7.5071044],"rotation":{"angle":-22.5,"axis":"x","origin":[8.0,17.344814,5.1071043]},"faces":{"east":{"uv":[3.90625,1.9375,4.46875,2.28125],"rotation":0,"texture":"#0","tintindex":0},"south":{"uv":[2.4375,13.0,2.625,13.34375],"rotation":0,"texture":"#0","tintindex":0},"north":{"uv":[12.75,6.4375,12.9375,6.78125],"rotation":0,"texture":"#0","tintindex":0},"west":{"uv":[8.21875,9.75,8.78125,10.09375],"rotation":0,"texture":"#0","tintindex":0},"up":{"uv":[3.28125,15.3125,3.09375,14.75],"rotation":0,"texture":"#0","tintindex":0},"down":{"uv":[14.9375,11.28125,14.75,11.84375],"rotation":0,"texture":"#0","tintindex":0}}},{"from":[7.939697,5.255116,-7.492895],"to":[16.339699,13.655116,9.307105],"rotation":{"angle":45.0,"axis":"z","origin":[13.939697,2.855116,59.107105]},"faces":{"east":{"uv":[10.59375,4.5,11.5,4.96875],"rotation":0,"texture":"#0","tintindex":0},"south":{"uv":[6.90625,13.5,7.375,13.96875],"rotation":0,"texture":"#0","tintindex":0},"north":{"uv":[13.375,9.25,13.84375,9.71875],"rotation":0,"texture":"#0","tintindex":0},"west":{"uv":[2.75,10.84375,3.21875,11.75],"rotation":90,"texture":"#0","tintindex":0},"up":{"uv":[11.15625,11.625,10.6875,10.71875],"rotation":0,"texture":"#0","tintindex":0},"down":{"uv":[3.21875,10.84375,2.75,11.75],"rotation":0,"texture":"#0","tintindex":0}}},{"from":[6.857143,-6.000001,-7.4285717],"to":[6.857143,3.142857,14.285715],"rotation":{"angle":-22.5,"axis":"z","origin":[7.428571,8.0,8.0]},"faces":{"east":{"uv":[0.0,2.75,2.375,3.75],"rotation":0,"texture":"#2","tintindex":0},"south":{"uv":[0.0,0.0,0.0,0.5],"rotation":0,"texture":"#missing","tintindex":0},"north":{"uv":[0.0,0.0,0.0,0.5],"rotation":0,"texture":"#missing","tintindex":0},"west":{"uv":[2.375,2.75,0.0,3.75],"rotation":0,"texture":"#2","tintindex":0},"up":{"uv":[0.0,0.0,0.0,1.1875],"rotation":0,"texture":"#missing","tintindex":0},"down":{"uv":[0.0,0.0,0.0,1.1875],"rotation":0,"texture":"#missing","tintindex":0}}},{"from":[9.142858,-6.000001,-7.4285717],"to":[9.142858,3.142857,14.285715],"rotation":{"angle":22.5,"axis":"z","origin":[8.571428,8.0,8.0]},"faces":{"east":{"uv":[0.0,2.75,2.375,3.75],"rotation":0,"texture":"#2","tintindex":0},"south":{"uv":[0.0,0.0,0.0,0.5],"rotation":0,"texture":"#missing","tintindex":0},"north":{"uv":[0.0,0.0,0.0,0.5],"rotation":0,"texture":"#missing","tintindex":0},"west":{"uv":[2.375,2.75,0.0,3.75],"rotation":0,"texture":"#2","tintindex":0},"up":{"uv":[0.0,0.0,0.0,1.1875],"rotation":0,"texture":"#missing","tintindex":0},"down":{"uv":[0.0,0.0,0.0,1.1875],"rotation":0,"texture":"#missing","tintindex":0}}}],"display":{"head":{"translation":[0.0,-6.4,0.0],"scale":[4.0,4.0,4.0]}}}