{"textures":{"0":"modelengine:entity/xiddri","2":"modelengine:entity/xiddri_fur"},"elements":[{"from":[1.9999995,14.5091,-8.15004],"to":[14.0,23.2091,8.649961],"rotation":{"angle":0.0,"axis":"y","origin":[8.0,14.5091,-10.550039]},"faces":{"east":{"uv":[10.875,1.0,11.78125,1.46875],"rotation":0,"texture":"#0","tintindex":0},"south":{"uv":[12.0,1.75,12.65625,2.21875],"rotation":0,"texture":"#0","tintindex":0},"north":{"uv":[8.21875,1.78125,8.875,2.25],"rotation":0,"texture":"#0","tintindex":0},"west":{"uv":[10.875,1.46875,11.78125,1.9375],"rotation":0,"texture":"#0","tintindex":0},"up":{"uv":[9.5625,2.6875,8.90625,1.78125],"rotation":0,"texture":"#0","tintindex":0},"down":{"uv":[4.34375,8.96875,3.6875,9.875],"rotation":0,"texture":"#0","tintindex":0}}},{"from":[6.8,21.4091,-6.6500397],"to":[9.2,26.2091,2.6499615],"rotation":{"angle":-22.5,"axis":"x","origin":[8.0,23.059101,3.8499613]},"faces":{"east":{"uv":[9.46875,8.375,9.96875,8.625],"rotation":0,"texture":"#0","tintindex":0},"south":{"uv":[15.65625,11.8125,15.78125,12.0625],"rotation":0,"texture":"#0","tintindex":0},"north":{"uv":[15.65625,11.5625,15.78125,11.8125],"rotation":0,"texture":"#0","tintindex":0},"west":{"uv":[10.65625,11.625,11.15625,11.875],"rotation":0,"texture":"#0","tintindex":0},"up":{"uv":[13.6875,6.09375,13.5625,5.59375],"rotation":0,"texture":"#0","tintindex":0},"down":{"uv":[15.4375,0.0,15.3125,0.5],"rotation":0,"texture":"#0","tintindex":0}}},{"from":[6.2,21.86688,7.4087887],"to":[9.8,28.166882,13.108789],"rotation":{"angle":-45.0,"axis":"x","origin":[8.0,19.91688,11.158789]},"faces":{"east":{"uv":[1.21875,14.75,1.53125,15.09375],"rotation":0,"texture":"#0","tintindex":0},"south":{"uv":[15.15625,11.25,15.34375,11.59375],"rotation":0,"texture":"#0","tintindex":0},"north":{"uv":[11.875,13.3125,12.0625,13.65625],"rotation":0,"texture":"#0","tintindex":0},"west":{"uv":[2.78125,14.75,3.09375,15.09375],"rotation":0,"texture":"#0","tintindex":0},"up":{"uv":[7.4375,4.1875,7.25,3.875],"rotation":0,"texture":"#0","tintindex":0},"down":{"uv":[14.6875,0.0,14.5,0.3125],"rotation":0,"texture":"#0","tintindex":0}}},{"from":[7.639697,10.669403,-11.150038],"to":[19.939697,22.969402,8.049962],"rotation":{"angle":45.0,"axis":"z","origin":[13.939697,8.569403,57.849964]},"faces":{"east":{"uv":[7.59375,8.5625,8.28125,7.5],"rotation":90,"texture":"#0","tintindex":0},"south":{"uv":[8.84375,10.34375,9.53125,11.03125],"rotation":0,"texture":"#0","tintindex":0},"north":{"uv":[10.3125,6.59375,11.0,7.28125],"rotation":0,"texture":"#0","tintindex":0},"west":{"uv":[7.625,5.5625,8.3125,6.625],"rotation":90,"texture":"#0","tintindex":0},"up":{"uv":[8.28125,8.5625,7.59375,7.5],"rotation":0,"texture":"#0","tintindex":0},"down":{"uv":[8.3125,5.5625,7.625,6.625],"rotation":0,"texture":"#0","tintindex":0}}},{"from":[6.439697,9.469403,-2.750039],"to":[16.339699,19.369404,11.649961],"rotation":{"angle":45.0,"axis":"z","origin":[13.939697,8.569403,57.849964]},"faces":{"east":{"uv":[10.875,2.84375,11.65625,3.375],"rotation":0,"texture":"#0","tintindex":0},"south":{"uv":[12.6875,3.46875,13.21875,4.0],"rotation":0,"texture":"#0","tintindex":0},"north":{"uv":[12.65625,1.65625,13.1875,2.1875],"rotation":0,"texture":"#0","tintindex":0},"west":{"uv":[10.875,3.375,11.65625,3.90625],"rotation":0,"texture":"#0","tintindex":0},"up":{"uv":[6.75,1.90625,6.21875,1.125],"rotation":0,"texture":"#0","tintindex":0},"down":{"uv":[11.65625,3.40625,10.875,3.90625],"rotation":90,"texture":"#0","tintindex":0}}},{"from":[8.0,-16.0,-5.1428576],"to":[8.0,6.285715,29.142859],"rotation":{"angle":0.0,"axis":"y","origin":[8.0,13.1428585,8.0]},"faces":{"east":{"uv":[0.0,8.625,3.75,11.0625],"rotation":0,"texture":"#2","tintindex":0},"south":{"uv":[0.0,0.0,0.0,2.4375],"rotation":0,"texture":"#2","tintindex":0},"north":{"uv":[0.0,0.0,0.0,2.4375],"rotation":0,"texture":"#2","tintindex":0},"west":{"uv":[3.75,8.625,0.0,11.0625],"rotation":0,"texture":"#2","tintindex":0},"up":{"uv":[0.0,3.75,0.0,0.0],"rotation":0,"texture":"#2","tintindex":0},"down":{"uv":[0.0,0.0,0.0,3.75],"rotation":0,"texture":"#2","tintindex":0}}},{"from":[5.142857,-12.0,-5.1428576],"to":[5.142857,10.285715,29.142859],"rotation":{"angle":-22.5,"axis":"z","origin":[8.0,13.1428585,8.0]},"faces":{"east":{"uv":[7.25,8.1875,11.0,10.625],"rotation":0,"texture":"#2","tintindex":0},"south":{"uv":[0.0,0.0,0.0,2.4375],"rotation":0,"texture":"#2","tintindex":0},"north":{"uv":[0.0,0.0,0.0,2.4375],"rotation":0,"texture":"#2","tintindex":0},"west":{"uv":[11.0,8.1875,7.25,10.625],"rotation":0,"texture":"#2","tintindex":0},"up":{"uv":[0.0,3.75,0.0,0.0],"rotation":0,"texture":"#2","tintindex":0},"down":{"uv":[0.0,0.0,0.0,3.75],"rotation":0,"texture":"#2","tintindex":0}}},{"from":[10.857143,-12.0,-5.1428576],"to":[10.857143,10.285715,29.142859],"rotation":{"angle":22.5,"axis":"z","origin":[8.0,13.1428585,8.0]},"faces":{"east":{"uv":[7.25,8.1875,11.0,10.625],"rotation":0,"texture":"#2","tintindex":0},"south":{"uv":[0.0,0.0,0.0,2.4375],"rotation":0,"texture":"#2","tintindex":0},"north":{"uv":[0.0,0.0,0.0,2.4375],"rotation":0,"texture":"#2","tintindex":0},"west":{"uv":[11.0,8.1875,7.25,10.625],"rotation":0,"texture":"#2","tintindex":0},"up":{"uv":[0.0,3.75,0.0,0.0],"rotation":0,"texture":"#2","tintindex":0},"down":{"uv":[0.0,0.0,0.0,3.75],"rotation":0,"texture":"#2","tintindex":0}}}],"display":{"head":{"translation":[0.0,-26.971434,0.0],"scale":[4.0,4.0,4.0]}}}