{"textures":{"0":"modelengine:entity/xiddri"},"elements":[{"from":[6.242857,0.30909872,5.564247],"to":[9.842857,8.709099,9.1642475],"rotation":{"angle":22.5,"axis":"z","origin":[7.4428573,8.109098,8.264248]},"faces":{"east":{"uv":[9.5,15.0,9.6875,15.46875],"rotation":0,"texture":"#0","tintindex":0},"south":{"uv":[10.1875,15.0,10.375,15.46875],"rotation":0,"texture":"#0","tintindex":0},"north":{"uv":[8.5625,15.0,8.75,15.46875],"rotation":0,"texture":"#0","tintindex":0},"west":{"uv":[10.375,15.0,10.5625,15.46875],"rotation":0,"texture":"#0","tintindex":0},"up":{"uv":[15.8125,1.6875,15.625,1.5],"rotation":0,"texture":"#0","tintindex":0},"down":{"uv":[15.8125,2.53125,15.625,2.71875],"rotation":0,"texture":"#0","tintindex":0}}},{"from":[8.2301655,-5.8391905,6.1642475],"to":[10.930166,1.6608095,8.564247],"rotation":{"angle":-22.5,"axis":"z","origin":[12.130166,-1.6391907,7.3642473]},"faces":{"east":{"uv":[15.4375,9.71875,15.5625,10.125],"rotation":0,"texture":"#0","tintindex":0},"south":{"uv":[15.28125,7.5,15.4375,7.90625],"rotation":0,"texture":"#0","tintindex":0},"north":{"uv":[15.28125,7.09375,15.4375,7.5],"rotation":0,"texture":"#0","tintindex":0},"west":{"uv":[15.4375,10.125,15.5625,10.53125],"rotation":0,"texture":"#0","tintindex":0},"up":{"uv":[15.84375,8.25,15.6875,8.125],"rotation":0,"texture":"#0","tintindex":0},"down":{"uv":[15.84375,8.25,15.6875,8.375],"rotation":0,"texture":"#0","tintindex":0}}}],"display":{"head":{"translation":[0.0,-6.4,0.0],"scale":[4.0,4.0,4.0]}}}