{"textures":{"0":"modelengine:entity/xiddri"},"elements":[{"from":[6.3,2.0519552,5.7642474],"to":[9.9,10.451956,9.364247],"rotation":{"angle":-22.5,"axis":"x","origin":[7.5,9.851955,8.464248]},"faces":{"east":{"uv":[10.75,15.0,10.9375,15.46875],"rotation":0,"texture":"#0","tintindex":0},"south":{"uv":[10.9375,15.0,11.125,15.46875],"rotation":0,"texture":"#0","tintindex":0},"north":{"uv":[10.5625,15.0,10.75,15.46875],"rotation":0,"texture":"#0","tintindex":0},"west":{"uv":[11.6875,15.0,11.875,15.46875],"rotation":0,"texture":"#0","tintindex":0},"up":{"uv":[15.8125,4.0625,15.625,3.875],"rotation":0,"texture":"#0","tintindex":0},"down":{"uv":[15.8125,4.0625,15.625,4.25],"rotation":0,"texture":"#0","tintindex":0}}},{"from":[6.7873087,-3.196333,8.1642475],"to":[9.4873085,4.3036666,10.564247],"rotation":{"angle":22.5,"axis":"x","origin":[12.187309,0.10366678,7.5642476]},"faces":{"east":{"uv":[15.4375,12.90625,15.5625,13.3125],"rotation":0,"texture":"#0","tintindex":0},"south":{"uv":[15.28125,8.3125,15.4375,8.71875],"rotation":0,"texture":"#0","tintindex":0},"north":{"uv":[15.28125,7.90625,15.4375,8.3125],"rotation":0,"texture":"#0","tintindex":0},"west":{"uv":[15.4375,13.3125,15.5625,13.71875],"rotation":0,"texture":"#0","tintindex":0},"up":{"uv":[15.84375,8.5,15.6875,8.375],"rotation":0,"texture":"#0","tintindex":0},"down":{"uv":[15.84375,8.5,15.6875,8.625],"rotation":0,"texture":"#0","tintindex":0}}}],"display":{"head":{"translation":[0.0,-6.4,0.0],"scale":[4.0,4.0,4.0]}}}