{"textures":{"0":"modelengine:entity/xiddri"},"elements":[{"from":[8.544762,13.0985,2.5852656],"to":[10.8133335,18.218502,10.265265],"rotation":{"angle":45.0,"axis":"x","origin":[10.179048,11.6585,11.425265]},"faces":{"east":{"uv":[10.1875,14.71875,10.59375,15.0],"rotation":0,"texture":"#0","tintindex":0},"south":{"uv":[7.21875,15.65625,7.34375,15.9375],"rotation":0,"texture":"#0","tintindex":0},"north":{"uv":[1.40625,15.65625,1.53125,15.9375],"rotation":0,"texture":"#0","tintindex":0},"west":{"uv":[11.6875,14.71875,12.09375,15.0],"rotation":0,"texture":"#0","tintindex":0},"up":{"uv":[4.15625,15.875,4.03125,15.46875],"rotation":0,"texture":"#0","tintindex":0},"down":{"uv":[4.28125,15.46875,4.15625,15.875],"rotation":0,"texture":"#0","tintindex":0}}},{"from":[7.1161904,17.66993,15.585266],"to":[9.8133335,22.218502,23.265266],"rotation":{"angle":45.0,"axis":"x","origin":[10.179048,11.6585,11.425265]},"faces":{"east":{"uv":[14.90625,4.53125,15.3125,4.78125],"rotation":0,"texture":"#0","tintindex":0},"south":{"uv":[15.5625,6.5,15.71875,6.75],"rotation":0,"texture":"#0","tintindex":0},"north":{"uv":[15.5625,6.25,15.71875,6.5],"rotation":0,"texture":"#0","tintindex":0},"west":{"uv":[14.90625,4.78125,15.3125,5.03125],"rotation":0,"texture":"#0","tintindex":0},"up":{"uv":[15.4375,13.3125,15.28125,12.90625],"rotation":0,"texture":"#0","tintindex":0},"down":{"uv":[15.4375,13.3125,15.28125,13.71875],"rotation":0,"texture":"#0","tintindex":0}}},{"from":[3.413333,3.8497543,-1.920001],"to":[11.093333,11.529755,5.7599993],"rotation":{"angle":-22.5,"axis":"x","origin":[8.853333,9.609755,1.2799993]},"faces":{"east":{"uv":[2.9375,14.34375,3.34375,14.75],"rotation":0,"texture":"#0","tintindex":0},"south":{"uv":[14.34375,7.53125,14.75,7.9375],"rotation":0,"texture":"#0","tintindex":0},"north":{"uv":[1.21875,14.34375,1.625,14.75],"rotation":0,"texture":"#0","tintindex":0},"west":{"uv":[14.34375,11.28125,14.75,11.6875],"rotation":0,"texture":"#0","tintindex":0},"up":{"uv":[14.78125,1.6875,14.375,1.28125],"rotation":0,"texture":"#0","tintindex":0},"down":{"uv":[14.78125,1.6875,14.375,2.09375],"rotation":0,"texture":"#0","tintindex":0}}},{"from":[8.2590475,9.740366,11.258289],"to":[10.95619,16.574652,16.652576],"rotation":{"angle":-22.5,"axis":"x","origin":[9.607619,12.943224,14.526862]},"faces":{"east":{"uv":[15.28125,10.3125,14.875,10.5625],"rotation":0,"texture":"#0","tintindex":0},"south":{"uv":[15.71875,2.8125,15.5625,3.0625],"rotation":0,"texture":"#0","tintindex":0},"north":{"uv":[15.71875,0.875,15.5625,1.125],"rotation":0,"texture":"#0","tintindex":0},"west":{"uv":[15.28125,10.3125,14.875,10.5625],"rotation":0,"texture":"#0","tintindex":0},"up":{"uv":[15.28125,9.46875,15.4375,9.0625],"rotation":0,"texture":"#0","tintindex":0},"down":{"uv":[9.6875,15.28125,9.84375,15.6875],"rotation":0,"texture":"#0","tintindex":0}}},{"from":[3.733333,4.489754,3.8399997],"to":[10.133333,10.889754,32.0],"rotation":{"angle":0.0,"axis":"y","origin":[7.5733333,33.929756,1.2799993]},"faces":{"east":{"uv":[9.46875,7.6875,11.0,8.03125],"rotation":0,"texture":"#0","tintindex":0},"south":{"uv":[14.71875,0.34375,15.0625,0.6875],"rotation":0,"texture":"#0","tintindex":0},"north":{"uv":[14.71875,0.0,15.0625,0.34375],"rotation":0,"texture":"#0","tintindex":0},"west":{"uv":[9.46875,8.03125,11.0,8.375],"rotation":0,"texture":"#0","tintindex":0},"up":{"uv":[0.34375,10.84375,0.0,9.3125],"rotation":0,"texture":"#0","tintindex":0},"down":{"uv":[8.21875,9.34375,7.875,10.875],"rotation":0,"texture":"#0","tintindex":0}}},{"from":[5.0133333,5.7697544,3.8399997],"to":[11.413334,12.169754,24.32],"rotation":{"angle":0.0,"axis":"y","origin":[6.9333334,5.129754,17.92]},"faces":{"east":{"uv":[11.28125,2.28125,12.40625,2.625],"rotation":0,"texture":"#0","tintindex":0},"south":{"uv":[14.71875,3.03125,15.0625,3.375],"rotation":0,"texture":"#0","tintindex":0},"north":{"uv":[14.71875,2.6875,15.0625,3.03125],"rotation":0,"texture":"#0","tintindex":0},"west":{"uv":[11.28125,8.9375,12.40625,9.28125],"rotation":0,"texture":"#0","tintindex":0},"up":{"uv":[5.90625,12.34375,5.5625,11.21875],"rotation":0,"texture":"#0","tintindex":0},"down":{"uv":[10.65625,11.28125,10.3125,12.40625],"rotation":0,"texture":"#0","tintindex":0}}}],"display":{"head":{"translation":[0.0,-6.4,23.74672],"scale":[4.0,4.0,4.0]}}}