{"textures":{"0":"modelengine:entity/xiddri"},"elements":[{"from":[7.8285713,4.6519556,3.307104],"to":[12.628572,9.451956,11.707105],"rotation":{"angle":0.0,"axis":"y","origin":[9.028571,34.651955,8.107104]},"faces":{"east":{"uv":[14.65625,12.65625,15.125,12.90625],"rotation":0,"texture":"#0","tintindex":0},"south":{"uv":[15.3125,0.875,15.5625,1.125],"rotation":0,"texture":"#0","tintindex":0},"north":{"uv":[15.28125,11.84375,15.53125,12.09375],"rotation":0,"texture":"#0","tintindex":0},"west":{"uv":[14.71875,6.25,15.1875,6.5],"rotation":0,"texture":"#0","tintindex":0},"up":{"uv":[9.5,15.03125,9.25,14.5625],"rotation":0,"texture":"#0","tintindex":0},"down":{"uv":[3.59375,14.71875,3.34375,15.1875],"rotation":0,"texture":"#0","tintindex":0}}},{"from":[11.1285715,0.1519556,5.7071047],"to":[14.728571,6.451956,9.307105],"rotation":{"angle":22.5,"axis":"z","origin":[12.028572,2.2519555,7.5071044]},"faces":{"east":{"uv":[15.25,15.0,15.4375,15.34375],"rotation":0,"texture":"#0","tintindex":0},"south":{"uv":[15.28125,1.21875,15.46875,1.5625],"rotation":0,"texture":"#0","tintindex":0},"north":{"uv":[15.25,14.65625,15.4375,15.0],"rotation":0,"texture":"#0","tintindex":0},"west":{"uv":[15.28125,1.5625,15.46875,1.90625],"rotation":0,"texture":"#0","tintindex":0},"up":{"uv":[15.78125,13.84375,15.59375,13.65625],"rotation":0,"texture":"#0","tintindex":0},"down":{"uv":[15.78125,13.84375,15.59375,14.03125],"rotation":0,"texture":"#0","tintindex":0}}},{"from":[8.428572,0.7519555,2.407104],"to":[12.028572,5.5519557,6.0071044],"rotation":{"angle":22.5,"axis":"x","origin":[10.228572,2.2519555,5.1071043]},"faces":{"east":{"uv":[15.5,11.1875,15.6875,11.4375],"rotation":0,"texture":"#0","tintindex":0},"south":{"uv":[13.65625,15.5,13.84375,15.75],"rotation":0,"texture":"#0","tintindex":0},"north":{"uv":[15.5,5.75,15.6875,6.0],"rotation":0,"texture":"#0","tintindex":0},"west":{"uv":[15.53125,2.28125,15.71875,2.53125],"rotation":0,"texture":"#0","tintindex":0},"up":{"uv":[15.78125,14.21875,15.59375,14.03125],"rotation":0,"texture":"#0","tintindex":0},"down":{"uv":[15.78125,15.34375,15.59375,15.53125],"rotation":0,"texture":"#0","tintindex":0}}},{"from":[8.428572,0.4519558,9.307105],"to":[12.028572,5.251956,12.9071045],"rotation":{"angle":-22.5,"axis":"x","origin":[10.228572,2.2519555,5.1071043]},"faces":{"east":{"uv":[6.21875,15.53125,6.40625,15.78125],"rotation":0,"texture":"#0","tintindex":0},"south":{"uv":[6.40625,15.53125,6.59375,15.78125],"rotation":0,"texture":"#0","tintindex":0},"north":{"uv":[2.53125,15.53125,2.71875,15.78125],"rotation":0,"texture":"#0","tintindex":0},"west":{"uv":[6.59375,15.53125,6.78125,15.78125],"rotation":0,"texture":"#0","tintindex":0},"up":{"uv":[15.8125,4.4375,15.625,4.25],"rotation":0,"texture":"#0","tintindex":0},"down":{"uv":[15.8125,10.53125,15.625,10.71875],"rotation":0,"texture":"#0","tintindex":0}}},{"from":[6.6285715,3.4519558,4.8071046],"to":[10.228572,10.651956,10.207105],"rotation":{"angle":22.5,"axis":"z","origin":[10.828571,4.6519556,7.5071044]},"faces":{"east":{"uv":[6.375,14.71875,6.65625,15.125],"rotation":0,"texture":"#0","tintindex":0},"south":{"uv":[15.09375,13.3125,15.28125,13.71875],"rotation":0,"texture":"#0","tintindex":0},"north":{"uv":[15.09375,12.90625,15.28125,13.3125],"rotation":0,"texture":"#0","tintindex":0},"west":{"uv":[6.65625,14.71875,6.9375,15.125],"rotation":0,"texture":"#0","tintindex":0},"up":{"uv":[15.625,4.25,15.4375,3.96875],"rotation":0,"texture":"#0","tintindex":0},"down":{"uv":[15.625,4.25,15.4375,4.53125],"rotation":0,"texture":"#0","tintindex":0}}}],"display":{"head":{"translation":[0.0,-6.4,0.0],"scale":[4.0,4.0,4.0]}}}