{"textures":{"0":"modelengine:entity/xiddri"},"elements":[{"from":[4.8,-8.32,4.489167],"to":[11.2,10.880002,13.449167],"rotation":{"angle":0.0,"axis":"y","origin":[-4.160001,-41.6,-44.150833]},"faces":{"east":{"uv":[9.21875,9.28125,9.71875,10.34375],"rotation":0,"texture":"#0","tintindex":0},"south":{"uv":[9.90625,11.8125,10.25,12.875],"rotation":0,"texture":"#0","tintindex":0},"north":{"uv":[2.78125,11.75,3.125,12.8125],"rotation":0,"texture":"#0","tintindex":0},"west":{"uv":[7.375,9.34375,7.875,10.40625],"rotation":0,"texture":"#0","tintindex":0},"up":{"uv":[14.375,1.78125,14.03125,1.28125],"rotation":0,"texture":"#0","tintindex":0},"down":{"uv":[14.375,1.78125,14.03125,2.28125],"rotation":0,"texture":"#0","tintindex":0}}},{"from":[6.08,2.5600019,2.8891668],"to":[12.4800005,12.800003,11.849167],"rotation":{"angle":0.0,"axis":"y","origin":[8.0,1.9200015,8.969168]},"faces":{"east":{"uv":[12.75,5.875,13.25,6.4375],"rotation":0,"texture":"#0","tintindex":0},"south":{"uv":[5.4375,13.9375,5.78125,14.5],"rotation":0,"texture":"#0","tintindex":0},"north":{"uv":[0.875,13.9375,1.21875,14.5],"rotation":0,"texture":"#0","tintindex":0},"west":{"uv":[2.625,12.8125,3.125,13.375],"rotation":0,"texture":"#0","tintindex":0},"up":{"uv":[14.40625,12.90625,14.0625,12.40625],"rotation":0,"texture":"#0","tintindex":0},"down":{"uv":[14.40625,12.90625,14.0625,13.40625],"rotation":0,"texture":"#0","tintindex":0}}},{"from":[3.5199995,-16.0,0.64916706],"to":[9.92,10.880002,8.329167],"rotation":{"angle":-22.5,"axis":"x","origin":[8.0,1.2800016,3.8491669]},"faces":{"east":{"uv":[8.8125,8.625,9.21875,10.09375],"rotation":0,"texture":"#0","tintindex":0},"south":{"uv":[2.40625,9.53125,2.75,11.0],"rotation":0,"texture":"#0","tintindex":0},"north":{"uv":[2.0625,9.53125,2.40625,11.0],"rotation":0,"texture":"#0","tintindex":0},"west":{"uv":[0.9375,8.875,1.34375,10.34375],"rotation":0,"texture":"#0","tintindex":0},"up":{"uv":[14.875,12.3125,14.53125,11.90625],"rotation":0,"texture":"#0","tintindex":0},"down":{"uv":[14.90625,4.6875,14.5625,5.09375],"rotation":0,"texture":"#0","tintindex":0}}}],"display":{"head":{"translation":[0.0,-8.3386135,0.0],"scale":[4.0,4.0,4.0]}}}