{"textures":{"0":"modelengine:entity/xiddri"},"elements":[{"from":[5.885714,1.4519558,6.1213903],"to":[9.485714,9.851955,9.721391],"rotation":{"angle":22.5,"axis":"z","origin":[7.0857143,9.251956,8.82139]},"faces":{"east":{"uv":[8.0,15.0,8.1875,15.46875],"rotation":0,"texture":"#0","tintindex":0},"south":{"uv":[8.1875,15.0,8.375,15.46875],"rotation":0,"texture":"#0","tintindex":0},"north":{"uv":[4.15625,15.0,4.34375,15.46875],"rotation":0,"texture":"#0","tintindex":0},"west":{"uv":[8.375,15.0,8.5625,15.46875],"rotation":0,"texture":"#0","tintindex":0},"up":{"uv":[15.78125,15.71875,15.59375,15.53125],"rotation":0,"texture":"#0","tintindex":0},"down":{"uv":[15.8125,0.0,15.625,0.1875],"rotation":0,"texture":"#0","tintindex":0}}},{"from":[7.573023,-7.3963337,6.7213902],"to":[10.273024,2.5036669,9.12139],"rotation":{"angle":-45.0,"axis":"z","origin":[11.773024,-0.49633312,7.9213905]},"faces":{"east":{"uv":[4.71875,15.21875,4.84375,15.75],"rotation":0,"texture":"#0","tintindex":0},"south":{"uv":[0.53125,15.03125,0.6875,15.5625],"rotation":0,"texture":"#0","tintindex":0},"north":{"uv":[14.90625,15.0,15.0625,15.53125],"rotation":0,"texture":"#0","tintindex":0},"west":{"uv":[4.84375,15.21875,4.96875,15.75],"rotation":0,"texture":"#0","tintindex":0},"up":{"uv":[15.84375,8.0,15.6875,7.875],"rotation":0,"texture":"#0","tintindex":0},"down":{"uv":[15.84375,8.0,15.6875,8.125],"rotation":0,"texture":"#0","tintindex":0}}}],"display":{"head":{"translation":[0.0,-6.4,0.0],"scale":[4.0,4.0,4.0]}}}