{"textures":{"0":"modelengine:entity/xiddri"},"elements":[{"from":[4.16,0.33820534,8.512024],"to":[10.56,10.578206,11.392024],"rotation":{"angle":-22.5,"axis":"x","origin":[8.0,5.4582057,8.512024]},"faces":{"east":{"uv":[11.0,12.96875,11.15625,13.53125],"rotation":0,"texture":"#0","tintindex":0},"south":{"uv":[4.625,13.96875,4.96875,14.53125],"rotation":0,"texture":"#0","tintindex":0},"north":{"uv":[13.96875,0.3125,14.3125,0.875],"rotation":0,"texture":"#0","tintindex":0},"west":{"uv":[3.71875,13.875,3.875,14.4375],"rotation":0,"texture":"#0","tintindex":0},"up":{"uv":[14.5625,9.0625,14.21875,8.90625],"rotation":0,"texture":"#0","tintindex":0},"down":{"uv":[15.6875,0.71875,15.34375,0.875],"rotation":0,"texture":"#0","tintindex":0}}},{"from":[9.28,-7.4499207,9.283434],"to":[12.16,2.7900796,11.843433],"rotation":{"angle":22.5,"axis":"z","origin":[7.36,-2.3299208,13.123434]},"faces":{"east":{"uv":[3.40625,15.1875,3.53125,15.75],"rotation":0,"texture":"#0","tintindex":0},"south":{"uv":[14.5625,14.9375,14.71875,15.5],"rotation":0,"texture":"#0","tintindex":0},"north":{"uv":[6.34375,14.0,6.5,14.5625],"rotation":0,"texture":"#0","tintindex":0},"west":{"uv":[8.75,15.1875,8.875,15.75],"rotation":0,"texture":"#0","tintindex":0},"up":{"uv":[15.84375,9.25,15.6875,9.125],"rotation":0,"texture":"#0","tintindex":0},"down":{"uv":[15.84375,9.625,15.6875,9.75],"rotation":0,"texture":"#0","tintindex":0}}},{"from":[1.5999999,-5.8499203,8.963433],"to":[4.48,3.1100798,11.523434],"rotation":{"angle":-22.5,"axis":"z","origin":[7.36,-2.3299208,13.123434]},"faces":{"east":{"uv":[12.03125,15.3125,12.15625,15.8125],"rotation":0,"texture":"#0","tintindex":0},"south":{"uv":[9.1875,15.03125,9.34375,15.53125],"rotation":0,"texture":"#0","tintindex":0},"north":{"uv":[7.40625,15.03125,7.5625,15.53125],"rotation":0,"texture":"#0","tintindex":0},"west":{"uv":[12.15625,15.3125,12.28125,15.8125],"rotation":0,"texture":"#0","tintindex":0},"up":{"uv":[9.84375,15.8125,9.6875,15.6875],"rotation":0,"texture":"#0","tintindex":0},"down":{"uv":[15.84375,9.75,15.6875,9.875],"rotation":0,"texture":"#0","tintindex":0}}},{"from":[5.12,-8.40992,8.643434],"to":[8.32,1.8300796,11.203434],"rotation":{"angle":22.5,"axis":"x","origin":[7.36,-2.3299208,13.123434]},"faces":{"east":{"uv":[8.875,15.1875,9.0,15.75],"rotation":0,"texture":"#0","tintindex":0},"south":{"uv":[14.78125,6.5,14.96875,7.0625],"rotation":0,"texture":"#0","tintindex":0},"north":{"uv":[5.15625,14.78125,5.34375,15.34375],"rotation":0,"texture":"#0","tintindex":0},"west":{"uv":[9.0,15.1875,9.125,15.75],"rotation":0,"texture":"#0","tintindex":0},"up":{"uv":[15.875,7.28125,15.6875,7.15625],"rotation":0,"texture":"#0","tintindex":0},"down":{"uv":[15.875,7.28125,15.6875,7.40625],"rotation":0,"texture":"#0","tintindex":0}}},{"from":[5.4399996,-13.122522,7.200304],"to":[8.0,-5.442521,9.7603035],"rotation":{"angle":-22.5,"axis":"x","origin":[6.72,-6.722521,7.840304]},"faces":{"east":{"uv":[8.03125,15.46875,8.15625,15.875],"rotation":0,"texture":"#0","tintindex":0},"south":{"uv":[8.15625,15.46875,8.28125,15.875],"rotation":0,"texture":"#0","tintindex":0},"north":{"uv":[7.90625,15.46875,8.03125,15.875],"rotation":0,"texture":"#0","tintindex":0},"west":{"uv":[8.28125,15.46875,8.40625,15.875],"rotation":0,"texture":"#0","tintindex":0},"up":{"uv":[15.1875,15.8125,15.0625,15.6875],"rotation":0,"texture":"#0","tintindex":0},"down":{"uv":[15.3125,15.6875,15.1875,15.8125],"rotation":0,"texture":"#0","tintindex":0}}},{"from":[5.7599998,-8.962521,12.640305],"to":[7.68,-2.562521,15.200304],"rotation":{"angle":45.0,"axis":"x","origin":[6.72,-6.722521,7.840304]},"faces":{"east":{"uv":[11.8125,15.53125,11.9375,15.875],"rotation":0,"texture":"#0","tintindex":0},"south":{"uv":[9.34375,15.65625,9.4375,16.0],"rotation":0,"texture":"#0","tintindex":0},"north":{"uv":[15.65625,9.28125,15.75,9.625],"rotation":0,"texture":"#0","tintindex":0},"west":{"uv":[13.1875,15.53125,13.3125,15.875],"rotation":0,"texture":"#0","tintindex":0},"up":{"uv":[14.03125,1.40625,13.9375,1.28125],"rotation":0,"texture":"#0","tintindex":0},"down":{"uv":[14.3125,6.25,14.21875,6.375],"rotation":0,"texture":"#0","tintindex":0}}},{"from":[10.24,-11.842522,9.7603035],"to":[12.8,-4.1625204,12.320304],"rotation":{"angle":-22.5,"axis":"x","origin":[11.52,-5.442521,10.400304]},"faces":{"east":{"uv":[8.53125,15.46875,8.65625,15.875],"rotation":0,"texture":"#0","tintindex":0},"south":{"uv":[9.46875,15.46875,9.59375,15.875],"rotation":0,"texture":"#0","tintindex":0},"north":{"uv":[8.40625,15.46875,8.53125,15.875],"rotation":0,"texture":"#0","tintindex":0},"west":{"uv":[10.15625,15.46875,10.28125,15.875],"rotation":0,"texture":"#0","tintindex":0},"up":{"uv":[15.84375,0.96875,15.71875,0.84375],"rotation":0,"texture":"#0","tintindex":0},"down":{"uv":[15.84375,0.96875,15.71875,1.09375],"rotation":0,"texture":"#0","tintindex":0}}},{"from":[10.56,-11.52252,12.640305],"to":[12.4800005,-8.962521,17.760303],"rotation":{"angle":0.0,"axis":"y","origin":[11.52,-5.442521,10.400304]},"faces":{"east":{"uv":[12.96875,7.71875,13.25,7.84375],"rotation":0,"texture":"#0","tintindex":0},"south":{"uv":[6.28125,14.96875,6.375,15.09375],"rotation":0,"texture":"#0","tintindex":0},"north":{"uv":[13.53125,14.5,13.625,14.625],"rotation":0,"texture":"#0","tintindex":0},"west":{"uv":[13.21875,3.875,13.5,4.0],"rotation":0,"texture":"#0","tintindex":0},"up":{"uv":[5.15625,15.96875,5.0625,15.6875],"rotation":0,"texture":"#0","tintindex":0},"down":{"uv":[5.25,15.6875,5.15625,15.96875],"rotation":0,"texture":"#0","tintindex":0}}},{"from":[1.2799997,-10.242521,9.7603035],"to":[3.8399997,-2.562521,12.320304],"rotation":{"angle":-22.5,"axis":"x","origin":[2.2399998,-3.8425207,10.400304]},"faces":{"east":{"uv":[10.40625,15.46875,10.53125,15.875],"rotation":0,"texture":"#0","tintindex":0},"south":{"uv":[10.53125,15.46875,10.65625,15.875],"rotation":0,"texture":"#0","tintindex":0},"north":{"uv":[10.28125,15.46875,10.40625,15.875],"rotation":0,"texture":"#0","tintindex":0},"west":{"uv":[10.65625,15.46875,10.78125,15.875],"rotation":0,"texture":"#0","tintindex":0},"up":{"uv":[15.84375,2.40625,15.71875,2.28125],"rotation":0,"texture":"#0","tintindex":0},"down":{"uv":[15.84375,2.40625,15.71875,2.53125],"rotation":0,"texture":"#0","tintindex":0}}},{"from":[1.5999999,-9.382908,12.178336],"to":[3.5199995,-6.8229084,17.298336],"rotation":{"angle":-22.5,"axis":"x","origin":[2.2399998,-7.462908,15.378336]},"faces":{"east":{"uv":[13.25,7.71875,13.53125,7.84375],"rotation":0,"texture":"#0","tintindex":0},"south":{"uv":[6.84375,15.125,6.9375,15.25],"rotation":0,"texture":"#0","tintindex":0},"north":{"uv":[8.75,15.0,8.84375,15.125],"rotation":0,"texture":"#0","tintindex":0},"west":{"uv":[13.59375,7.59375,13.875,7.71875],"rotation":0,"texture":"#0","tintindex":0},"up":{"uv":[5.34375,15.96875,5.25,15.6875],"rotation":0,"texture":"#0","tintindex":0},"down":{"uv":[5.78125,15.6875,5.6875,15.96875],"rotation":0,"texture":"#0","tintindex":0}}},{"from":[5.4399996,-0.9417944,5.9520245],"to":[9.28,10.578206,8.512024],"rotation":{"angle":-22.5,"axis":"x","origin":[8.0,5.4582057,8.512024]},"faces":{"east":{"uv":[9.34375,15.03125,9.46875,15.65625],"rotation":0,"texture":"#0","tintindex":0},"south":{"uv":[13.3125,14.5,13.53125,15.125],"rotation":0,"texture":"#0","tintindex":0},"north":{"uv":[11.46875,14.5,11.6875,15.125],"rotation":0,"texture":"#0","tintindex":0},"west":{"uv":[14.71875,15.03125,14.84375,15.65625],"rotation":0,"texture":"#0","tintindex":0},"up":{"uv":[15.84375,1.8125,15.625,1.6875],"rotation":0,"texture":"#0","tintindex":0},"down":{"uv":[15.84375,15.21875,15.625,15.34375],"rotation":0,"texture":"#0","tintindex":0}}}],"display":{"head":{"translation":[0.0,-6.4,0.0],"scale":[4.0,4.0,4.0]}}}