{"textures":{"0":"modelengine:entity/xiddri"},"elements":[{"from":[5.232,-15.187632,4.7509727],"to":[10.272,9.004369,9.790974],"rotation":{"angle":0.0,"axis":"y","origin":[6.24,7.996369,7.7749734]},"faces":{"east":{"uv":[2.875,7.125,3.28125,9.0],"rotation":0,"texture":"#0","tintindex":0},"south":{"uv":[3.28125,7.125,3.6875,9.0],"rotation":0,"texture":"#0","tintindex":0},"north":{"uv":[2.46875,7.125,2.875,9.0],"rotation":0,"texture":"#0","tintindex":0},"west":{"uv":[0.0,7.4375,0.40625,9.3125],"rotation":0,"texture":"#0","tintindex":0},"up":{"uv":[14.5625,9.46875,14.15625,9.0625],"rotation":0,"texture":"#0","tintindex":0},"down":{"uv":[14.625,8.5,14.21875,8.90625],"rotation":0,"texture":"#0","tintindex":0}}},{"from":[3.9720001,2.956369,2.734973],"to":[12.036,10.012369,12.814974],"rotation":{"angle":22.5,"axis":"z","origin":[6.24,7.996369,7.7749734]},"faces":{"east":{"uv":[3.71875,10.65625,4.5,11.21875],"rotation":0,"texture":"#0","tintindex":0},"south":{"uv":[7.875,12.125,8.5,12.6875],"rotation":0,"texture":"#0","tintindex":0},"north":{"uv":[7.25,12.09375,7.875,12.65625],"rotation":0,"texture":"#0","tintindex":0},"west":{"uv":[10.65625,8.375,11.4375,8.9375],"rotation":0,"texture":"#0","tintindex":0},"up":{"uv":[4.25,10.65625,3.625,9.875],"rotation":0,"texture":"#0","tintindex":0},"down":{"uv":[4.875,9.875,4.25,10.65625],"rotation":0,"texture":"#0","tintindex":0}}},{"from":[10.099344,5.8265877,6.766973],"to":[14.131345,9.858588,8.782973],"rotation":{"angle":-22.5,"axis":"z","origin":[14.887344,8.850588,7.7749734]},"faces":{"east":{"uv":[15.46875,1.53125,15.625,1.84375],"rotation":0,"texture":"#0","tintindex":0},"south":{"uv":[13.375,0.46875,13.6875,0.78125],"rotation":0,"texture":"#0","tintindex":0},"north":{"uv":[7.25,11.78125,7.5625,12.09375],"rotation":0,"texture":"#0","tintindex":0},"west":{"uv":[10.78125,15.46875,10.9375,15.78125],"rotation":0,"texture":"#0","tintindex":0},"up":{"uv":[13.59375,7.28125,13.28125,7.125],"rotation":0,"texture":"#0","tintindex":0},"down":{"uv":[15.65625,2.125,15.34375,2.28125],"rotation":0,"texture":"#0","tintindex":0}}},{"from":[6.300379,-2.47674,3.7429733],"to":[12.348379,5.5872602,11.806973],"rotation":{"angle":0.0,"axis":"y","origin":[8.820378,-0.20873928,7.270973]},"faces":{"east":{"uv":[11.125,9.71875,11.75,10.34375],"rotation":0,"texture":"#0","tintindex":0},"south":{"uv":[12.5625,9.90625,13.03125,10.53125],"rotation":0,"texture":"#0","tintindex":0},"north":{"uv":[4.84375,12.5625,5.3125,13.1875],"rotation":0,"texture":"#0","tintindex":0},"west":{"uv":[11.15625,10.34375,11.78125,10.96875],"rotation":0,"texture":"#0","tintindex":0},"up":{"uv":[3.59375,13.21875,3.125,12.59375],"rotation":0,"texture":"#0","tintindex":0},"down":{"uv":[4.0625,12.59375,3.59375,13.21875],"rotation":0,"texture":"#0","tintindex":0}}},{"from":[11.340379,-9.02874,6.766973],"to":[15.372379,2.0592604,8.782973],"rotation":{"angle":-22.5,"axis":"z","origin":[15.372379,1.5552602,7.7749734]},"faces":{"east":{"uv":[3.75,5.8125,3.90625,6.6875],"rotation":0,"texture":"#0","tintindex":0},"south":{"uv":[12.96875,6.4375,13.28125,7.3125],"rotation":0,"texture":"#0","tintindex":0},"north":{"uv":[0.78125,12.96875,1.09375,13.84375],"rotation":0,"texture":"#0","tintindex":0},"west":{"uv":[4.5625,7.09375,4.71875,7.96875],"rotation":0,"texture":"#0","tintindex":0},"up":{"uv":[15.65625,11.75,15.34375,11.59375],"rotation":0,"texture":"#0","tintindex":0},"down":{"uv":[15.71875,11.03125,15.40625,11.1875],"rotation":0,"texture":"#0","tintindex":0}}},{"from":[7.3083787,-10.540739,3.9949732],"to":[11.340379,-2.47674,10.546973],"rotation":{"angle":0.0,"axis":"y","origin":[8.820378,-0.20873928,7.270973]},"faces":{"east":{"uv":[12.375,0.0,12.875,0.625],"rotation":0,"texture":"#0","tintindex":0},"south":{"uv":[8.59375,13.90625,8.90625,14.53125],"rotation":0,"texture":"#0","tintindex":0},"north":{"uv":[11.46875,13.875,11.78125,14.5],"rotation":0,"texture":"#0","tintindex":0},"west":{"uv":[12.375,5.25,12.875,5.875],"rotation":0,"texture":"#0","tintindex":0},"up":{"uv":[2.4375,14.90625,2.125,14.40625],"rotation":0,"texture":"#0","tintindex":0},"down":{"uv":[14.71875,2.96875,14.40625,3.46875],"rotation":0,"texture":"#0","tintindex":0}}},{"from":[4.1978188,9.036369,8.204524],"to":[14.277819,15.08437,14.252524],"rotation":{"angle":-45.0,"axis":"y","origin":[12.009819,9.036369,8.456524]},"faces":{"east":{"uv":[13.5625,1.40625,14.03125,1.875],"rotation":0,"texture":"#0","tintindex":0},"south":{"uv":[9.125,11.6875,9.90625,12.15625],"rotation":0,"texture":"#0","tintindex":0},"north":{"uv":[8.34375,11.65625,9.125,12.125],"rotation":0,"texture":"#0","tintindex":0},"west":{"uv":[13.5625,1.875,14.03125,2.34375],"rotation":0,"texture":"#0","tintindex":0},"up":{"uv":[2.78125,12.21875,2.0,11.75],"rotation":0,"texture":"#0","tintindex":0},"down":{"uv":[12.53125,9.6875,11.75,10.15625],"rotation":0,"texture":"#0","tintindex":0}}},{"from":[8.508379,-9.84074,9.494973],"to":[9.740378,-1.7767401,13.246973],"rotation":{"angle":45.0,"axis":"x","origin":[9.124378,-6.5087385,12.270973]},"faces":{"east":{"uv":[14.0,3.78125,14.28125,4.40625],"rotation":0,"texture":"#0","tintindex":0},"south":{"uv":[12.90625,15.1875,13.0,15.8125],"rotation":0,"texture":"#0","tintindex":0},"north":{"uv":[13.4375,15.125,13.53125,15.75],"rotation":0,"texture":"#0","tintindex":0},"west":{"uv":[6.0625,14.0,6.34375,14.625],"rotation":0,"texture":"#0","tintindex":0},"up":{"uv":[11.0,14.65625,10.90625,14.375],"rotation":0,"texture":"#0","tintindex":0},"down":{"uv":[7.21875,14.71875,7.125,15.0],"rotation":0,"texture":"#0","tintindex":0}}},{"from":[8.608378,-2.8407393,10.594974],"to":[9.640379,1.6232605,14.846973],"rotation":{"angle":22.5,"axis":"x","origin":[9.124378,-6.5087385,12.270973]},"faces":{"east":{"uv":[3.71875,14.65625,4.0625,15.0],"rotation":0,"texture":"#0","tintindex":0},"south":{"uv":[9.25,15.53125,9.34375,15.875],"rotation":0,"texture":"#0","tintindex":0},"north":{"uv":[9.59375,15.46875,9.6875,15.8125],"rotation":0,"texture":"#0","tintindex":0},"west":{"uv":[4.0625,14.65625,4.40625,15.0],"rotation":0,"texture":"#0","tintindex":0},"up":{"uv":[12.03125,15.875,11.9375,15.53125],"rotation":0,"texture":"#0","tintindex":0},"down":{"uv":[15.0625,15.53125,14.96875,15.875],"rotation":0,"texture":"#0","tintindex":0}}},{"from":[10.157819,12.260592,9.560618],"to":[11.837819,21.908592,16.408619],"rotation":{"angle":22.5,"axis":"x","origin":[7.637819,17.084593,12.584618]},"faces":{"east":{"uv":[10.90625,4.96875,11.4375,5.71875],"rotation":0,"texture":"#0","tintindex":0},"south":{"uv":[3.21875,10.84375,3.34375,11.59375],"rotation":0,"texture":"#0","tintindex":0},"north":{"uv":[7.21875,9.375,7.34375,10.125],"rotation":0,"texture":"#0","tintindex":0},"west":{"uv":[10.9375,5.71875,11.46875,6.46875],"rotation":0,"texture":"#0","tintindex":0},"up":{"uv":[5.46875,15.75,5.34375,15.21875],"rotation":0,"texture":"#0","tintindex":0},"down":{"uv":[5.59375,15.21875,5.46875,15.75],"rotation":0,"texture":"#0","tintindex":0}}},{"from":[10.137819,19.928793,10.936891],"to":[11.81782,26.776793,18.18489],"rotation":{"angle":0.0,"axis":"y","origin":[7.637819,24.752792,15.760891]},"faces":{"east":{"uv":[12.40625,8.75,12.96875,9.28125],"rotation":0,"texture":"#0","tintindex":0},"south":{"uv":[13.875,15.21875,14.0,15.75],"rotation":0,"texture":"#0","tintindex":0},"north":{"uv":[15.21875,5.75,15.34375,6.28125],"rotation":0,"texture":"#0","tintindex":0},"west":{"uv":[0.78125,12.4375,1.34375,12.96875],"rotation":0,"texture":"#0","tintindex":0},"up":{"uv":[13.4375,15.6875,13.3125,15.125],"rotation":0,"texture":"#0","tintindex":0},"down":{"uv":[15.28125,1.21875,15.15625,1.78125],"rotation":0,"texture":"#0","tintindex":0}}}],"display":{"head":{"translation":[0.0,-6.4,0.0],"scale":[4.0,4.0,4.0]}}}