{"textures":{"0":"modelengine:entity/xiddri"},"elements":[{"from":[1.4714284,2.1090984,5.792819],"to":[5.0714283,9.309099,9.392818],"rotation":{"angle":-45.0,"axis":"z","origin":[6.5714283,2.1090984,8.192819]},"faces":{"east":{"uv":[6.46875,15.125,6.65625,15.53125],"rotation":0,"texture":"#0","tintindex":0},"south":{"uv":[6.65625,15.125,6.84375,15.53125],"rotation":0,"texture":"#0","tintindex":0},"north":{"uv":[6.28125,15.125,6.46875,15.53125],"rotation":0,"texture":"#0","tintindex":0},"west":{"uv":[11.4375,15.125,11.625,15.53125],"rotation":0,"texture":"#0","tintindex":0},"up":{"uv":[15.8125,15.21875,15.625,15.03125],"rotation":0,"texture":"#0","tintindex":0},"down":{"uv":[15.59375,15.625,15.40625,15.8125],"rotation":0,"texture":"#0","tintindex":0}}},{"from":[3.2714286,-0.5909023,6.0928187],"to":[5.6714287,5.4090986,9.092819],"rotation":{"angle":0.0,"axis":"y","origin":[6.5714283,2.1090984,8.192819]},"faces":{"east":{"uv":[2.09375,15.40625,2.25,15.75],"rotation":0,"texture":"#0","tintindex":0},"south":{"uv":[11.375,15.53125,11.5,15.875],"rotation":0,"texture":"#0","tintindex":0},"north":{"uv":[15.53125,9.34375,15.65625,9.6875],"rotation":0,"texture":"#0","tintindex":0},"west":{"uv":[15.40625,12.09375,15.5625,12.4375],"rotation":0,"texture":"#0","tintindex":0},"up":{"uv":[6.5,14.71875,6.375,14.5625],"rotation":0,"texture":"#0","tintindex":0},"down":{"uv":[15.5625,2.8125,15.4375,2.96875],"rotation":0,"texture":"#0","tintindex":0}}}],"display":{"head":{"translation":[0.0,-6.4,0.0],"scale":[4.0,4.0,4.0]}}}