{"textures":{"0":"modelengine:entity/xiddri"},"elements":[{"from":[6.6285715,-4.8571424,8.221391],"to":[9.085714,6.8000016,13.021391],"rotation":{"angle":45.0,"axis":"x","origin":[7.857143,-1.5999985,14.221391]},"faces":{"east":{"uv":[1.625,14.40625,1.875,15.03125],"rotation":0,"texture":"#0","tintindex":0},"south":{"uv":[13.1875,14.90625,13.3125,15.53125],"rotation":0,"texture":"#0","tintindex":0},"north":{"uv":[0.65625,13.03125,0.78125,13.65625],"rotation":0,"texture":"#0","tintindex":0},"west":{"uv":[1.875,14.40625,2.125,15.03125],"rotation":0,"texture":"#0","tintindex":0},"up":{"uv":[14.84375,15.90625,14.71875,15.65625],"rotation":0,"texture":"#0","tintindex":0},"down":{"uv":[0.3125,15.6875,0.1875,15.9375],"rotation":0,"texture":"#0","tintindex":0}}},{"from":[6.6285715,-12.285713,13.935677],"to":[9.085714,-2.9142838,17.59282],"rotation":{"angle":45.0,"axis":"x","origin":[7.857143,-1.5999985,14.221391]},"faces":{"east":{"uv":[2.125,14.90625,2.3125,15.40625],"rotation":0,"texture":"#0","tintindex":0},"south":{"uv":[6.84375,15.3125,6.96875,15.8125],"rotation":0,"texture":"#0","tintindex":0},"north":{"uv":[15.3125,4.625,15.4375,5.125],"rotation":0,"texture":"#0","tintindex":0},"west":{"uv":[13.0,14.90625,13.1875,15.40625],"rotation":0,"texture":"#0","tintindex":0},"up":{"uv":[15.8125,0.84375,15.6875,0.65625],"rotation":0,"texture":"#0","tintindex":0},"down":{"uv":[15.8125,3.625,15.6875,3.8125],"rotation":0,"texture":"#0","tintindex":0}}},{"from":[6.6285715,-14.571428,18.507107],"to":[9.085714,-8.057142,21.59282],"rotation":{"angle":45.0,"axis":"x","origin":[7.857143,-1.5999985,14.221391]},"faces":{"east":{"uv":[15.34375,11.25,15.5,11.59375],"rotation":0,"texture":"#0","tintindex":0},"south":{"uv":[9.125,15.53125,9.25,15.875],"rotation":0,"texture":"#0","tintindex":0},"north":{"uv":[7.40625,15.53125,7.53125,15.875],"rotation":0,"texture":"#0","tintindex":0},"west":{"uv":[15.25,15.34375,15.40625,15.6875],"rotation":0,"texture":"#0","tintindex":0},"up":{"uv":[13.96875,5.59375,13.84375,5.4375],"rotation":0,"texture":"#0","tintindex":0},"down":{"uv":[14.4375,0.71875,14.3125,0.875],"rotation":0,"texture":"#0","tintindex":0}}},{"from":[4.8571424,-16.0,5.2213902],"to":[10.857143,9.200002,11.221391],"rotation":{"angle":0.0,"axis":"y","origin":[6.0571427,36.800003,8.82139]},"faces":{"east":{"uv":[1.3125,10.59375,1.65625,11.96875],"rotation":0,"texture":"#0","tintindex":0},"south":{"uv":[1.65625,10.59375,2.0,11.96875],"rotation":0,"texture":"#0","tintindex":0},"north":{"uv":[6.125,10.5,6.46875,11.875],"rotation":0,"texture":"#0","tintindex":0},"west":{"uv":[4.875,10.625,5.21875,12.0],"rotation":0,"texture":"#0","tintindex":0},"up":{"uv":[14.96875,8.6875,14.625,8.34375],"rotation":0,"texture":"#0","tintindex":0},"down":{"uv":[13.875,14.625,13.53125,14.96875],"rotation":0,"texture":"#0","tintindex":0}}},{"from":[3.6571426,4.4000015,4.02139],"to":[12.057143,11.600002,12.421391],"rotation":{"angle":0.0,"axis":"y","origin":[6.0571427,36.800003,8.82139]},"faces":{"east":{"uv":[13.96875,5.84375,14.4375,6.25],"rotation":0,"texture":"#0","tintindex":0},"south":{"uv":[6.75,13.96875,7.21875,14.375],"rotation":0,"texture":"#0","tintindex":0},"north":{"uv":[13.96875,5.4375,14.4375,5.84375],"rotation":0,"texture":"#0","tintindex":0},"west":{"uv":[10.1875,13.96875,10.65625,14.375],"rotation":0,"texture":"#0","tintindex":0},"up":{"uv":[8.3125,14.0,7.84375,13.53125],"rotation":0,"texture":"#0","tintindex":0},"down":{"uv":[13.8125,13.53125,13.34375,14.0],"rotation":0,"texture":"#0","tintindex":0}}},{"from":[6.6571426,4.1000013,5.2213902],"to":[10.257143,11.300002,11.221391],"rotation":{"angle":-22.5,"axis":"z","origin":[13.857143,0.80000114,8.221391]},"faces":{"east":{"uv":[4.625,14.53125,4.96875,14.9375],"rotation":0,"texture":"#0","tintindex":0},"south":{"uv":[15.09375,9.15625,15.28125,9.5625],"rotation":0,"texture":"#0","tintindex":0},"north":{"uv":[2.90625,15.09375,3.09375,15.5],"rotation":0,"texture":"#0","tintindex":0},"west":{"uv":[14.53125,10.0625,14.875,10.46875],"rotation":0,"texture":"#0","tintindex":0},"up":{"uv":[15.4375,9.0625,15.25,8.71875],"rotation":0,"texture":"#0","tintindex":0},"down":{"uv":[15.4375,14.3125,15.25,14.65625],"rotation":0,"texture":"#0","tintindex":0}}},{"from":[9.657143,-1.5999985,6.42139],"to":[13.257143,9.200002,10.021391],"rotation":{"angle":0.0,"axis":"y","origin":[13.857143,0.80000114,8.221391]},"faces":{"east":{"uv":[11.25,14.71875,11.4375,15.3125],"rotation":0,"texture":"#0","tintindex":0},"south":{"uv":[12.09375,14.71875,12.28125,15.3125],"rotation":0,"texture":"#0","tintindex":0},"north":{"uv":[6.9375,14.71875,7.125,15.3125],"rotation":0,"texture":"#0","tintindex":0},"west":{"uv":[12.28125,14.71875,12.46875,15.3125],"rotation":0,"texture":"#0","tintindex":0},"up":{"uv":[4.46875,15.78125,4.28125,15.59375],"rotation":0,"texture":"#0","tintindex":0},"down":{"uv":[7.71875,15.59375,7.53125,15.78125],"rotation":0,"texture":"#0","tintindex":0}}},{"from":[11.457143,-10.0,7.6213903],"to":[15.057143,0.80000114,8.82139],"rotation":{"angle":-22.5,"axis":"z","origin":[13.857143,0.80000114,8.221391]},"faces":{"east":{"uv":[3.6875,7.71875,3.75,8.3125],"rotation":0,"texture":"#0","tintindex":0},"south":{"uv":[14.71875,14.4375,14.90625,15.03125],"rotation":0,"texture":"#0","tintindex":0},"north":{"uv":[12.46875,14.71875,12.65625,15.3125],"rotation":0,"texture":"#0","tintindex":0},"west":{"uv":[3.6875,8.3125,3.75,8.90625],"rotation":0,"texture":"#0","tintindex":0},"up":{"uv":[6.1875,3.375,6.0,3.3125],"rotation":0,"texture":"#0","tintindex":0},"down":{"uv":[6.375,3.3125,6.1875,3.375],"rotation":0,"texture":"#0","tintindex":0}}}],"display":{"head":{"translation":[0.0,-8.249327,0.0],"scale":[4.0,4.0,4.0]}}}