{"textures":{"0":"modelengine:entity/xiddri"},"elements":[{"from":[-2.8000002,11.629099,-5.315753],"to":[18.8,21.709099,4.764247],"rotation":{"angle":-22.5,"axis":"x","origin":[8.0,15.503385,-0.27575302]},"faces":{"east":{"uv":[12.0625,12.25,12.625,12.8125],"rotation":0,"texture":"#0","tintindex":0},"south":{"uv":[8.28125,8.0625,9.46875,8.625],"rotation":0,"texture":"#0","tintindex":0},"north":{"uv":[8.28125,7.5,9.46875,8.0625],"rotation":0,"texture":"#0","tintindex":0},"west":{"uv":[12.28125,4.125,12.84375,4.6875],"rotation":0,"texture":"#0","tintindex":0},"up":{"uv":[9.5,6.125,8.3125,5.5625],"rotation":0,"texture":"#0","tintindex":0},"down":{"uv":[9.5,6.125,8.3125,6.6875],"rotation":0,"texture":"#0","tintindex":0}}},{"from":[-4.2400007,-1.1873302,-1.5347891],"to":[20.240002,14.652671,14.305212],"rotation":{"angle":0.0,"axis":"y","origin":[8.0,22.572672,9.265211]},"faces":{"east":{"uv":[6.375,3.3125,7.25,4.1875],"rotation":0,"texture":"#0","tintindex":0},"south":{"uv":[5.21875,4.28125,6.5625,5.15625],"rotation":0,"texture":"#0","tintindex":0},"north":{"uv":[5.03125,3.40625,6.375,4.28125],"rotation":0,"texture":"#0","tintindex":0},"west":{"uv":[6.5625,4.1875,7.4375,5.0625],"rotation":0,"texture":"#0","tintindex":0},"up":{"uv":[6.5625,6.03125,5.21875,5.15625],"rotation":0,"texture":"#0","tintindex":0},"down":{"uv":[1.34375,5.4375,0.0,6.3125],"rotation":0,"texture":"#0","tintindex":0}}},{"from":[0.55999947,-13.18733,4.465211],"to":[15.440001,-0.9473295,20.305212],"rotation":{"angle":0.0,"axis":"y","origin":[9.2,22.572672,9.265211]},"faces":{"east":{"uv":[8.65625,0.0,9.53125,0.65625],"rotation":0,"texture":"#0","tintindex":0},"south":{"uv":[9.21875,8.625,10.03125,9.28125],"rotation":0,"texture":"#0","tintindex":0},"north":{"uv":[4.34375,9.21875,5.15625,9.875],"rotation":0,"texture":"#0","tintindex":0},"west":{"uv":[8.65625,6.6875,9.53125,7.34375],"rotation":0,"texture":"#0","tintindex":0},"up":{"uv":[7.4375,8.59375,6.625,7.71875],"rotation":0,"texture":"#0","tintindex":0},"down":{"uv":[8.65625,0.0,7.84375,0.875],"rotation":0,"texture":"#0","tintindex":0}}},{"from":[4.16,-11.087332,1.7652111],"to":[11.84,1.1526704,8.005212],"rotation":{"angle":-22.5,"axis":"x","origin":[8.0,-7.0673304,1.5852113]},"faces":{"east":{"uv":[13.3125,11.9375,13.65625,12.59375],"rotation":0,"texture":"#0","tintindex":0},"south":{"uv":[3.46875,13.21875,3.875,13.875],"rotation":0,"texture":"#0","tintindex":0},"north":{"uv":[13.21875,3.21875,13.625,3.875],"rotation":0,"texture":"#0","tintindex":0},"west":{"uv":[13.34375,8.59375,13.6875,9.25],"rotation":0,"texture":"#0","tintindex":0},"up":{"uv":[12.0625,3.90625,11.65625,3.5625],"rotation":0,"texture":"#0","tintindex":0},"down":{"uv":[8.03125,14.5,7.625,14.84375],"rotation":0,"texture":"#0","tintindex":0}}},{"from":[-10.0,-1.1873302,-1.5347891],"to":[-4.2400007,14.652671,14.305212],"rotation":{"angle":22.5,"axis":"x","origin":[-7.12,6.7326703,6.3852115]},"faces":{"east":{"uv":[6.5625,5.0625,7.4375,5.9375],"rotation":0,"texture":"#0","tintindex":0},"south":{"uv":[12.0625,12.8125,12.375,13.6875],"rotation":0,"texture":"#0","tintindex":0},"north":{"uv":[0.0,12.8125,0.3125,13.6875],"rotation":0,"texture":"#0","tintindex":0},"west":{"uv":[6.75,5.9375,7.625,6.8125],"rotation":0,"texture":"#0","tintindex":0},"up":{"uv":[10.0,13.75,9.6875,12.875],"rotation":0,"texture":"#0","tintindex":0},"down":{"uv":[12.6875,12.875,12.375,13.75],"rotation":0,"texture":"#0","tintindex":0}}},{"from":[20.240002,-1.1873302,-1.5347891],"to":[26.0,14.652671,14.305212],"rotation":{"angle":22.5,"axis":"x","origin":[23.119999,6.7326703,6.3852115]},"faces":{"east":{"uv":[0.78125,6.8125,1.65625,7.6875],"rotation":0,"texture":"#0","tintindex":0},"south":{"uv":[12.90625,2.1875,13.21875,3.0625],"rotation":0,"texture":"#0","tintindex":0},"north":{"uv":[12.6875,12.875,13.0,13.75],"rotation":0,"texture":"#0","tintindex":0},"west":{"uv":[6.8125,1.125,7.6875,2.0],"rotation":0,"texture":"#0","tintindex":0},"up":{"uv":[13.21875,5.28125,12.90625,4.40625],"rotation":0,"texture":"#0","tintindex":0},"down":{"uv":[11.46875,12.9375,11.15625,13.8125],"rotation":0,"texture":"#0","tintindex":0}}},{"from":[7.2799997,22.212671,2.0652108],"to":[8.72,26.532673,13.585212],"rotation":{"angle":-22.5,"axis":"x","origin":[8.0,26.89267,7.1052113]},"faces":{"east":{"uv":[14.375,2.09375,15.0,2.34375],"rotation":0,"texture":"#0","tintindex":0},"south":{"uv":[15.1875,1.78125,15.28125,2.03125],"rotation":0,"texture":"#0","tintindex":0},"north":{"uv":[0.53125,14.4375,0.625,14.6875],"rotation":0,"texture":"#0","tintindex":0},"west":{"uv":[14.375,9.8125,15.0,10.0625],"rotation":0,"texture":"#0","tintindex":0},"up":{"uv":[2.1875,4.75,2.09375,4.125],"rotation":0,"texture":"#0","tintindex":0},"down":{"uv":[2.1875,4.75,2.09375,5.375],"rotation":0,"texture":"#0","tintindex":0}}},{"from":[-5.6800013,17.663385,1.8842473],"to":[8.72,26.303385,10.524248],"rotation":{"angle":22.5,"axis":"z","origin":[8.0,15.503385,-0.27575302]},"faces":{"east":{"uv":[13.34375,12.59375,13.8125,13.0625],"rotation":0,"texture":"#0","tintindex":0},"south":{"uv":[11.46875,5.78125,12.25,6.25],"rotation":0,"texture":"#0","tintindex":0},"north":{"uv":[6.8125,2.0,7.59375,2.46875],"rotation":0,"texture":"#0","tintindex":0},"west":{"uv":[13.34375,13.0625,13.8125,13.53125],"rotation":0,"texture":"#0","tintindex":0},"up":{"uv":[12.28125,4.9375,11.5,4.46875],"rotation":0,"texture":"#0","tintindex":0},"down":{"uv":[4.5,11.5625,3.71875,12.03125],"rotation":0,"texture":"#0","tintindex":0}}},{"from":[7.2799997,17.663385,1.8842473],"to":[21.68,26.303385,10.524248],"rotation":{"angle":-22.5,"axis":"z","origin":[8.0,15.503385,-0.27575302]},"faces":{"east":{"uv":[13.375,0.0,13.84375,0.46875],"rotation":0,"texture":"#0","tintindex":0},"south":{"uv":[11.625,6.25,12.40625,6.71875],"rotation":0,"texture":"#0","tintindex":0},"north":{"uv":[11.59375,0.34375,12.375,0.8125],"rotation":0,"texture":"#0","tintindex":0},"west":{"uv":[2.4375,13.375,2.90625,13.84375],"rotation":0,"texture":"#0","tintindex":0},"up":{"uv":[12.40625,7.1875,11.625,6.71875],"rotation":0,"texture":"#0","tintindex":0},"down":{"uv":[12.40625,7.1875,11.625,7.65625],"rotation":0,"texture":"#0","tintindex":0}}},{"from":[-13.24,9.023384,-8.915754],"to":[1.1599994,20.543385,2.604247],"rotation":{"angle":22.5,"axis":"y","origin":[8.0,15.503385,-0.27575302]},"faces":{"east":{"uv":[2.0,11.0,2.625,11.625],"rotation":0,"texture":"#0","tintindex":0},"south":{"uv":[9.5,5.90625,10.28125,6.53125],"rotation":0,"texture":"#0","tintindex":0},"north":{"uv":[9.5,5.28125,10.28125,5.90625],"rotation":0,"texture":"#0","tintindex":0},"west":{"uv":[11.0,6.46875,11.625,7.09375],"rotation":0,"texture":"#0","tintindex":0},"up":{"uv":[10.3125,0.625,9.53125,0.0],"rotation":0,"texture":"#0","tintindex":0},"down":{"uv":[10.3125,6.53125,9.53125,7.15625],"rotation":0,"texture":"#0","tintindex":0}}},{"from":[14.84,9.023384,-8.915754],"to":[29.24,20.543385,2.604247],"rotation":{"angle":-22.5,"axis":"y","origin":[8.0,15.503385,-0.27575302]},"faces":{"east":{"uv":[11.0,7.09375,11.625,7.71875],"rotation":0,"texture":"#0","tintindex":0},"south":{"uv":[9.5625,3.03125,10.34375,3.65625],"rotation":0,"texture":"#0","tintindex":0},"north":{"uv":[9.5625,1.71875,10.34375,2.34375],"rotation":0,"texture":"#0","tintindex":0},"west":{"uv":[11.0,7.71875,11.625,8.34375],"rotation":0,"texture":"#0","tintindex":0},"up":{"uv":[10.5,9.90625,9.71875,9.28125],"rotation":0,"texture":"#0","tintindex":0},"down":{"uv":[10.59375,4.40625,9.8125,5.03125],"rotation":0,"texture":"#0","tintindex":0}}}],"display":{"head":{"translation":[0.0,-6.4,0.0],"scale":[4.0,4.0,4.0]}}}