{"textures":{"0":"modelengine:entity/xiddri"},"elements":[{"from":[3.3142858,5.2524915,-10.239998],"to":[12.685715,13.206778,32.0],"rotation":{"angle":0.0,"axis":"y","origin":[8.0,-46.381794,-65.28]},"faces":{"east":{"uv":[3.90625,1.375,6.21875,1.9375],"rotation":0,"texture":"#0","tintindex":0},"south":{"uv":[11.375,3.90625,12.0625,4.46875],"rotation":0,"texture":"#0","tintindex":0},"north":{"uv":[11.15625,11.3125,11.84375,11.875],"rotation":0,"texture":"#0","tintindex":0},"west":{"uv":[4.5,1.9375,6.8125,2.5],"rotation":0,"texture":"#0","tintindex":0},"up":{"uv":[3.21875,5.8125,2.53125,3.5],"rotation":0,"texture":"#0","tintindex":0},"down":{"uv":[3.90625,3.5,3.21875,5.8125],"rotation":0,"texture":"#0","tintindex":0}}},{"from":[6.72,2.5782056,2.5600023],"to":[9.28,8.978206,14.080004],"rotation":{"angle":-22.5,"axis":"x","origin":[8.0,8.018206,-10.879999]},"faces":{"east":{"uv":[13.6875,6.375,14.3125,6.71875],"rotation":0,"texture":"#0","tintindex":0},"south":{"uv":[0.46875,15.5625,0.59375,15.90625],"rotation":0,"texture":"#0","tintindex":0},"north":{"uv":[14.84375,15.53125,14.96875,15.875],"rotation":0,"texture":"#0","tintindex":0},"west":{"uv":[13.71875,11.375,14.34375,11.71875],"rotation":0,"texture":"#0","tintindex":0},"up":{"uv":[15.1875,0.625,15.0625,0.0],"rotation":0,"texture":"#0","tintindex":0},"down":{"uv":[0.34375,15.0625,0.21875,15.6875],"rotation":0,"texture":"#0","tintindex":0}}},{"from":[7.04,10.664751,12.598793],"to":[8.96,15.784751,24.118793],"rotation":{"angle":0.0,"axis":"y","origin":[8.0,17.704752,18.358791]},"faces":{"east":{"uv":[14.0,4.40625,14.625,4.6875],"rotation":0,"texture":"#0","tintindex":0},"south":{"uv":[15.6875,6.75,15.78125,7.03125],"rotation":0,"texture":"#0","tintindex":0},"north":{"uv":[15.6875,5.6875,15.78125,5.96875],"rotation":0,"texture":"#0","tintindex":0},"west":{"uv":[7.21875,14.0,7.84375,14.28125],"rotation":0,"texture":"#0","tintindex":0},"up":{"uv":[12.5625,15.9375,12.46875,15.3125],"rotation":0,"texture":"#0","tintindex":0},"down":{"uv":[12.65625,15.3125,12.5625,15.9375],"rotation":0,"texture":"#0","tintindex":0}}}],"display":{"head":{"translation":[0.0,-6.4,71.16809],"scale":[4.0,4.0,4.0]}}}