{"textures":{"0":"modelengine:entity/xiddri","2":"modelengine:entity/xiddri_fur"},"elements":[{"from":[1.6114283,2.4867768,-10.240004],"to":[14.388572,13.572493,32.0],"rotation":{"angle":0.0,"axis":"y","origin":[7.714286,-47.296085,-65.28001]},"faces":{"east":{"uv":[6.21875,0.6875,3.90625,1.375],"rotation":0,"texture":"#0","tintindex":0},"south":{"uv":[8.59375,3.1875,9.5625,3.875],"rotation":0,"texture":"#0","tintindex":0},"north":{"uv":[5.5625,8.28125,6.53125,8.96875],"rotation":0,"texture":"#0","tintindex":0},"west":{"uv":[3.90625,0.6875,6.21875,1.375],"rotation":0,"texture":"#0","tintindex":0},"up":{"uv":[0.96875,5.25,0.0,2.9375],"rotation":0,"texture":"#0","tintindex":0},"down":{"uv":[3.90625,0.0,2.9375,2.3125],"rotation":0,"texture":"#0","tintindex":0}}},{"from":[4.8,9.02392,-8.640003],"to":[11.2,16.70392,4.159998],"rotation":{"angle":-22.5,"axis":"x","origin":[8.0,17.983921,-3.840003]},"faces":{"east":{"uv":[12.84375,4.0,13.53125,4.40625],"rotation":0,"texture":"#0","tintindex":0},"south":{"uv":[14.5625,8.90625,14.90625,9.3125],"rotation":0,"texture":"#0","tintindex":0},"north":{"uv":[14.5625,7.9375,14.90625,8.34375],"rotation":0,"texture":"#0","tintindex":0},"west":{"uv":[12.84375,7.84375,13.53125,8.25],"rotation":0,"texture":"#0","tintindex":0},"up":{"uv":[5.78125,13.9375,5.4375,13.25],"rotation":0,"texture":"#0","tintindex":0},"down":{"uv":[6.5,13.3125,6.15625,14.0],"rotation":0,"texture":"#0","tintindex":0}}},{"from":[6.08,9.677417,4.525303],"to":[9.92,17.357418,21.165302],"rotation":{"angle":0.0,"axis":"y","origin":[8.0,16.077417,25.005302]},"faces":{"east":{"uv":[11.4375,8.34375,12.34375,8.75],"rotation":0,"texture":"#0","tintindex":0},"south":{"uv":[14.9375,11.25,15.15625,11.65625],"rotation":0,"texture":"#0","tintindex":0},"north":{"uv":[5.6875,14.9375,5.90625,15.34375],"rotation":0,"texture":"#0","tintindex":0},"west":{"uv":[11.46875,5.375,12.375,5.78125],"rotation":0,"texture":"#0","tintindex":0},"up":{"uv":[7.21875,11.75,7.0,10.84375],"rotation":0,"texture":"#0","tintindex":0},"down":{"uv":[11.46875,13.8125,11.25,14.71875],"rotation":0,"texture":"#0","tintindex":0}}},{"from":[8.0,-11.428572,-11.094885],"to":[8.0,2.2857141,31.76226],"rotation":{"angle":0.0,"axis":"y","origin":[8.0,8.0,-7.666313]},"faces":{"east":{"uv":[9.25,2.4375,13.9375,3.9375],"rotation":0,"texture":"#2","tintindex":0},"south":{"uv":[0.0,0.0,0.0,1.5],"rotation":0,"texture":"#2","tintindex":0},"north":{"uv":[0.0,0.0,0.0,1.5],"rotation":0,"texture":"#2","tintindex":0},"west":{"uv":[13.9375,2.4375,9.25,3.9375],"rotation":0,"texture":"#2","tintindex":0},"up":{"uv":[0.0,4.6875,0.0,0.0],"rotation":0,"texture":"#2","tintindex":0},"down":{"uv":[0.0,0.0,0.0,4.6875],"rotation":0,"texture":"#2","tintindex":0}}}],"display":{"head":{"translation":[0.0,-6.4,62.665253],"scale":[4.0,4.0,4.0]}}}