{"textures":{"0":"modelengine:entity/xiddri"},"elements":[{"from":[6.112,6.332744,-9.968],"to":[9.888,10.108744,16.4],"rotation":{"angle":0.0,"axis":"y","origin":[8.0,8.220744,3.2159986]},"faces":{"east":{"uv":[5.8125,2.5,8.125,2.90625],"rotation":0,"texture":"#0","tintindex":0},"south":{"uv":[14.375,6.65625,14.78125,7.0625],"rotation":0,"texture":"#0","tintindex":0},"north":{"uv":[4.96875,14.375,5.375,14.78125],"rotation":0,"texture":"#0","tintindex":0},"west":{"uv":[5.8125,2.90625,8.125,3.3125],"rotation":0,"texture":"#0","tintindex":0},"up":{"uv":[5.15625,8.03125,4.75,5.71875],"rotation":0,"texture":"#0","tintindex":0},"down":{"uv":[5.5625,6.03125,5.15625,8.34375],"rotation":0,"texture":"#0","tintindex":0}}},{"from":[-1.408,8.220744,-12.0320015],"to":[17.408,8.220744,32.0],"rotation":{"angle":0.0,"axis":"y","origin":[8.0,8.220744,14.384001]},"faces":{"east":{"uv":[0.0,0.0,2.9375,0.0],"rotation":0,"texture":"#0","tintindex":0},"south":{"uv":[0.0,0.0,1.46875,0.0],"rotation":0,"texture":"#0","tintindex":0},"north":{"uv":[0.0,0.0,1.46875,0.0],"rotation":0,"texture":"#0","tintindex":0},"west":{"uv":[0.0,0.0,2.9375,0.0],"rotation":0,"texture":"#0","tintindex":0},"up":{"uv":[1.46875,2.9375,0.0,0.0],"rotation":0,"texture":"#0","tintindex":0},"down":{"uv":[1.46875,0.0,0.0,2.9375],"rotation":0,"texture":"#0","tintindex":0}}},{"from":[8.0,-1.2279997,-12.0320015],"to":[8.0,17.588001,32.0],"rotation":{"angle":0.0,"axis":"y","origin":[8.0,8.18,9.983999]},"faces":{"east":{"uv":[1.46875,0.0,0.0,2.9375],"rotation":270,"texture":"#0","tintindex":0},"south":{"uv":[0.0,0.0,1.46875,0.0],"rotation":270,"texture":"#0","tintindex":0},"north":{"uv":[0.0,0.0,1.46875,0.0],"rotation":90,"texture":"#0","tintindex":0},"west":{"uv":[1.46875,2.9375,0.0,0.0],"rotation":270,"texture":"#0","tintindex":0},"up":{"uv":[0.0,0.0,2.9375,0.0],"rotation":270,"texture":"#0","tintindex":0},"down":{"uv":[0.0,0.0,2.9375,0.0],"rotation":270,"texture":"#0","tintindex":0}}}],"display":{"head":{"translation":[0.0,-6.4,71.51367],"scale":[4.0,4.0,4.0]}}}