{"textures":{"0":"modelengine:entity/nocsy_fpv2_boss"},"elements":[{"from":[2.2812438,4.3563433,4.7348824],"to":[13.709816,15.784915,4.7348824],"rotation":{"angle":-45.0,"axis":"z","origin":[7.9955297,10.070629,4.7348824]},"faces":{"east":{"uv":[5.0,8.6875,5.0,9.3125],"rotation":0,"texture":"#0","tintindex":0},"south":{"uv":[2.09375,2.09375,2.71875,2.71875],"rotation":0,"texture":"#0","tintindex":0},"north":{"uv":[2.09375,1.4375,2.71875,2.0625],"rotation":0,"texture":"#0","tintindex":0},"west":{"uv":[5.03125,8.6875,5.03125,9.3125],"rotation":0,"texture":"#0","tintindex":0},"up":{"uv":[9.21875,6.8125,8.59375,6.8125],"rotation":0,"texture":"#0","tintindex":0},"down":{"uv":[9.25,1.625,8.625,1.625],"rotation":0,"texture":"#0","tintindex":0}}},{"from":[8.079213,6.5849147,4.563454],"to":[9.793499,8.2992,5.134883],"rotation":{"angle":45.0,"axis":"z","origin":[7.793499,6.5849147,4.906311]},"faces":{"east":{"uv":[3.15625,4.6875,3.1875,4.78125],"rotation":0,"texture":"#0","tintindex":0},"south":{"uv":[7.40625,5.0,7.5,5.09375],"rotation":0,"texture":"#0","tintindex":0},"north":{"uv":[5.4375,6.03125,5.53125,6.125],"rotation":0,"texture":"#0","tintindex":0},"west":{"uv":[0.40625,4.9375,0.4375,5.03125],"rotation":0,"texture":"#0","tintindex":0},"up":{"uv":[2.71875,3.09375,2.625,3.0625],"rotation":0,"texture":"#0","tintindex":0},"down":{"uv":[4.6875,1.46875,4.59375,1.5],"rotation":0,"texture":"#0","tintindex":0}}},{"from":[2.2812438,4.870629,5.706311],"to":[13.709816,16.299202,5.706311],"rotation":{"angle":22.5,"axis":"x","origin":[7.9955297,10.584915,4.906311]},"faces":{"east":{"uv":[2.0,8.6875,2.0,9.3125],"rotation":0,"texture":"#0","tintindex":0},"south":{"uv":[1.4375,2.09375,2.0625,2.71875],"rotation":0,"texture":"#0","tintindex":0},"north":{"uv":[1.4375,1.4375,2.0625,2.0625],"rotation":0,"texture":"#0","tintindex":0},"west":{"uv":[2.03125,8.6875,2.03125,9.3125],"rotation":0,"texture":"#0","tintindex":0},"up":{"uv":[9.09375,5.90625,8.46875,5.90625],"rotation":0,"texture":"#0","tintindex":0},"down":{"uv":[9.125,4.09375,8.5,4.09375],"rotation":0,"texture":"#0","tintindex":0}}},{"from":[7.424101,6.4685593,6.67774],"to":[15.99553,12.182845,15.249168],"rotation":{"angle":22.5,"axis":"z","origin":[11.709815,13.897131,7.2491684]},"faces":{"east":{"uv":[5.5,2.34375,5.96875,2.65625],"rotation":0,"texture":"#0","tintindex":0},"south":{"uv":[5.5,2.6875,5.96875,3.0],"rotation":0,"texture":"#0","tintindex":0},"north":{"uv":[5.5,0.0,5.96875,0.3125],"rotation":0,"texture":"#0","tintindex":0},"west":{"uv":[5.5,3.75,5.96875,4.0625],"rotation":0,"texture":"#0","tintindex":0},"up":{"uv":[1.28125,4.5625,0.8125,4.09375],"rotation":0,"texture":"#0","tintindex":0},"down":{"uv":[1.78125,4.09375,1.3125,4.5625],"rotation":0,"texture":"#0","tintindex":0}}},{"from":[-0.004470825,6.4685593,6.67774],"to":[8.566958,12.182845,15.249168],"rotation":{"angle":-22.5,"axis":"z","origin":[4.2812433,13.897131,7.2491684]},"faces":{"east":{"uv":[5.53125,3.03125,6.0,3.34375],"rotation":0,"texture":"#0","tintindex":0},"south":{"uv":[5.5625,5.46875,6.03125,5.78125],"rotation":0,"texture":"#0","tintindex":0},"north":{"uv":[5.5,4.5625,5.96875,4.875],"rotation":0,"texture":"#0","tintindex":0},"west":{"uv":[5.59375,3.375,6.0625,3.6875],"rotation":0,"texture":"#0","tintindex":0},"up":{"uv":[4.5625,4.0625,4.09375,3.59375],"rotation":0,"texture":"#0","tintindex":0},"down":{"uv":[4.5625,4.09375,4.09375,4.5625],"rotation":0,"texture":"#0","tintindex":0}}},{"from":[0.0012435913,8.133486,7.254883],"to":[15.989816,13.836344,14.672026],"rotation":{"angle":0.0,"axis":"y","origin":[14.566958,7.556343,7.2491684]},"faces":{"east":{"uv":[6.0,4.5625,6.40625,4.875],"rotation":0,"texture":"#0","tintindex":0},"south":{"uv":[3.34375,1.9375,4.21875,2.25],"rotation":0,"texture":"#0","tintindex":0},"north":{"uv":[1.1875,3.34375,2.0625,3.65625],"rotation":0,"texture":"#0","tintindex":0},"west":{"uv":[6.03125,2.96875,6.4375,3.28125],"rotation":0,"texture":"#0","tintindex":0},"up":{"uv":[3.0,0.40625,2.125,0.0],"rotation":0,"texture":"#0","tintindex":0},"down":{"uv":[3.0,0.4375,2.125,0.84375],"rotation":0,"texture":"#0","tintindex":0}}},{"from":[5.1452436,8.549963,7.2560253],"to":[10.845816,15.96482,14.670883],"rotation":{"angle":0.0,"axis":"y","origin":[14.566958,7.9716773,7.2491684]},"faces":{"east":{"uv":[5.0625,3.75,5.46875,4.15625],"rotation":0,"texture":"#0","tintindex":0},"south":{"uv":[5.09375,6.03125,5.40625,6.4375],"rotation":0,"texture":"#0","tintindex":0},"north":{"uv":[4.25,6.0,4.5625,6.40625],"rotation":0,"texture":"#0","tintindex":0},"west":{"uv":[5.0625,4.5625,5.46875,4.96875],"rotation":0,"texture":"#0","tintindex":0},"up":{"uv":[6.34375,6.21875,6.03125,5.8125],"rotation":0,"texture":"#0","tintindex":0},"down":{"uv":[6.375,4.90625,6.0625,5.3125],"rotation":0,"texture":"#0","tintindex":0}}},{"from":[9.856758,14.784441,7.255454],"to":[15.558474,17.057585,14.671454],"rotation":{"angle":-22.5,"axis":"z","origin":[7.5647583,14.206727,10.963454]},"faces":{"east":{"uv":[7.59375,7.3125,8.0,7.4375],"rotation":0,"texture":"#0","tintindex":0},"south":{"uv":[8.03125,4.125,8.34375,4.25],"rotation":0,"texture":"#0","tintindex":0},"north":{"uv":[1.6875,8.0,2.0,8.125],"rotation":0,"texture":"#0","tintindex":0},"west":{"uv":[0.6875,7.65625,1.09375,7.78125],"rotation":0,"texture":"#0","tintindex":0},"up":{"uv":[6.375,5.75,6.0625,5.34375],"rotation":0,"texture":"#0","tintindex":0},"down":{"uv":[6.40625,1.0625,6.09375,1.46875],"rotation":0,"texture":"#0","tintindex":0}}},{"from":[0.43258572,14.784441,7.255454],"to":[6.1343007,17.057585,14.671454],"rotation":{"angle":22.5,"axis":"z","origin":[8.426301,14.206727,10.963454]},"faces":{"east":{"uv":[1.125,7.65625,1.53125,7.78125],"rotation":0,"texture":"#0","tintindex":0},"south":{"uv":[8.03125,6.21875,8.34375,6.34375],"rotation":0,"texture":"#0","tintindex":0},"north":{"uv":[8.03125,6.0625,8.34375,6.1875],"rotation":0,"texture":"#0","tintindex":0},"west":{"uv":[7.65625,3.84375,8.0625,3.96875],"rotation":0,"texture":"#0","tintindex":0},"up":{"uv":[1.59375,6.53125,1.28125,6.125],"rotation":0,"texture":"#0","tintindex":0},"down":{"uv":[6.46875,0.46875,6.15625,0.875],"rotation":0,"texture":"#0","tintindex":0}}},{"from":[4.852672,9.270629,7.2491684],"to":[11.138387,16.6992,12.963454],"rotation":{"angle":-22.5,"axis":"x","origin":[7.9955297,13.270629,10.67774]},"faces":{"east":{"uv":[5.4375,6.15625,5.75,6.5625],"rotation":0,"texture":"#0","tintindex":0},"south":{"uv":[5.8125,1.65625,6.15625,2.0625],"rotation":0,"texture":"#0","tintindex":0},"north":{"uv":[3.875,5.78125,4.21875,6.1875],"rotation":0,"texture":"#0","tintindex":0},"west":{"uv":[6.1875,1.5,6.5,1.90625],"rotation":0,"texture":"#0","tintindex":0},"up":{"uv":[1.15625,4.0625,0.8125,3.75],"rotation":0,"texture":"#0","tintindex":0},"down":{"uv":[6.875,3.3125,6.53125,3.625],"rotation":0,"texture":"#0","tintindex":0}}},{"from":[-2.1295958,8.109607,6.1063113],"to":[3.5846906,10.395322,7.2491684],"rotation":{"angle":-22.5,"axis":"z","origin":[1.8704047,10.109608,6.67774]},"faces":{"east":{"uv":[7.0,7.53125,7.0625,7.65625],"rotation":0,"texture":"#0","tintindex":0},"south":{"uv":[8.03125,7.28125,8.34375,7.40625],"rotation":0,"texture":"#0","tintindex":0},"north":{"uv":[6.90625,8.03125,7.21875,8.15625],"rotation":0,"texture":"#0","tintindex":0},"west":{"uv":[7.65625,6.40625,7.71875,6.53125],"rotation":0,"texture":"#0","tintindex":0},"up":{"uv":[8.875,6.90625,8.5625,6.84375],"rotation":0,"texture":"#0","tintindex":0},"down":{"uv":[8.90625,3.28125,8.59375,3.34375],"rotation":0,"texture":"#0","tintindex":0}}},{"from":[1.3006372,8.691012,6.1120257],"to":[5.2892084,10.393869,7.243454],"rotation":{"angle":45.0,"axis":"z","origin":[3.2949228,9.828155,6.67774]},"faces":{"east":{"uv":[8.21875,7.96875,8.28125,8.0625],"rotation":0,"texture":"#0","tintindex":0},"south":{"uv":[0.375,8.5625,0.59375,8.65625],"rotation":0,"texture":"#0","tintindex":0},"north":{"uv":[1.1875,3.21875,1.40625,3.3125],"rotation":0,"texture":"#0","tintindex":0},