{"textures":{"0":"modelengine:entity/nocsy_fpv2_boss"},"elements":[{"from":[10.571428,6.285714,7.714286],"to":[15.142858,13.714286,12.857143],"rotation":{"angle":-45.0,"axis":"z","origin":[8.0,8.571428,6.5714283]},"faces":{"east":{"uv":[6.46875,2.875,6.75,3.28125],"rotation":0,"texture":"#0","tintindex":0},"south":{"uv":[6.78125,2.84375,7.03125,3.25],"rotation":0,"texture":"#0","tintindex":0},"north":{"uv":[0.9375,6.78125,1.1875,7.1875],"rotation":0,"texture":"#0","tintindex":0},"west":{"uv":[6.5,0.46875,6.78125,0.875],"rotation":0,"texture":"#0","tintindex":0},"up":{"uv":[7.375,6.84375,7.125,6.5625],"rotation":0,"texture":"#0","tintindex":0},"down":{"uv":[7.375,6.875,7.125,7.15625],"rotation":0,"texture":"#0","tintindex":0}}},{"from":[0.85714245,6.285714,7.714286],"to":[5.428571,13.714286,12.857143],"rotation":{"angle":45.0,"axis":"z","origin":[8.0,8.571428,6.5714283]},"faces":{"east":{"uv":[6.53125,1.28125,6.8125,1.6875],"rotation":0,"texture":"#0","tintindex":0},"south":{"uv":[6.78125,5.28125,7.03125,5.6875],"rotation":0,"texture":"#0","tintindex":0},"north":{"uv":[6.78125,4.84375,7.03125,5.25],"rotation":0,"texture":"#0","tintindex":0},"west":{"uv":[5.78125,6.53125,6.0625,6.9375],"rotation":0,"texture":"#0","tintindex":0},"up":{"uv":[0.25,7.4375,0.0,7.15625],"rotation":0,"texture":"#0","tintindex":0},"down":{"uv":[7.40625,0.34375,7.15625,0.625],"rotation":0,"texture":"#0","tintindex":0}}},{"from":[2.2857141,2.2306414,6.5714283],"to":[13.714286,9.087784,14.0],"rotation":{"angle":0.0,"axis":"y","origin":[14.571428,6.2306414,6.5714283]},"faces":{"east":{"uv":[2.8125,5.3125,3.21875,5.6875],"rotation":0,"texture":"#0","tintindex":0},"south":{"uv":[1.1875,3.6875,1.8125,4.0625],"rotation":0,"texture":"#0","tintindex":0},"north":{"uv":[3.34375,2.71875,3.96875,3.09375],"rotation":0,"texture":"#0","tintindex":0},"west":{"uv":[0.40625,5.34375,0.8125,5.71875],"rotation":0,"texture":"#0","tintindex":0},"up":{"uv":[3.96875,2.6875,3.34375,2.28125],"rotation":0,"texture":"#0","tintindex":0},"down":{"uv":[4.09375,1.125,3.46875,1.53125],"rotation":0,"texture":"#0","tintindex":0}}},{"from":[1.7142854,-2.340788,5.428571],"to":[14.285715,2.2306414,14.571428],"rotation":{"angle":0.0,"axis":"y","origin":[14.571428,3.3734984,6.5714283]},"faces":{"east":{"uv":[2.84375,1.125,3.34375,1.375],"rotation":0,"texture":"#0","tintindex":0},"south":{"uv":[5.0625,0.9375,5.75,1.1875],"rotation":0,"texture":"#0","tintindex":0},"north":{"uv":[0.40625,5.0625,1.09375,5.3125],"rotation":0,"texture":"#0","tintindex":0},"west":{"uv":[2.09375,3.34375,2.59375,3.59375],"rotation":0,"texture":"#0","tintindex":0},"up":{"uv":[2.8125,1.375,2.125,0.875],"rotation":0,"texture":"#0","tintindex":0},"down":{"uv":[0.6875,2.15625,0.0,2.65625],"rotation":0,"texture":"#0","tintindex":0}}},{"from":[1.6571422,0.4592123,5.3714285],"to":[14.342857,2.287784,14.628572],"rotation":{"angle":0.0,"axis":"y","origin":[14.571428,2.8020697,6.5714283]},"faces":{"east":{"uv":[3.59375,1.0,4.09375,1.09375],"rotation":0,"texture":"#0","tintindex":0},"south":{"uv":[7.15625,5.9375,7.84375,6.03125],"rotation":0,"texture":"#0","tintindex":0},"north":{"uv":[7.15625,1.59375,7.84375,1.6875],"rotation":0,"texture":"#0","tintindex":0},"west":{"uv":[7.875,5.9375,8.375,6.03125],"rotation":0,"texture":"#0","tintindex":0},"up":{"uv":[1.40625,2.65625,0.71875,2.15625],"rotation":0,"texture":"#0","tintindex":0},"down":{"uv":[0.6875,2.6875,0.0,3.1875],"rotation":0,"texture":"#0","tintindex":0}}},{"from":[1.6571422,-2.397931,5.3714285],"to":[14.342857,-0.5693588,14.628572],"rotation":{"angle":0.0,"axis":"y","origin":[14.571428,3.3734984,6.5714283]},"faces":{"east":{"uv":[7.90625,5.21875,8.40625,5.3125],"rotation":0,"texture":"#0","tintindex":0},"south":{"uv":[7.1875,4.4375,7.875,4.53125],"rotation":0,"texture":"#0","tintindex":0},"north":{"uv":[7.1875,0.9375,7.875,1.03125],"rotation":0,"texture":"#0","tintindex":0},"west":{"uv":[7.90625,7.46875,8.40625,7.5625],"rotation":0,"texture":"#0","tintindex":0},"up":{"uv":[1.40625,3.1875,0.71875,2.6875],"rotation":0,"texture":"#0","tintindex":0},"down":{"uv":[3.4375,1.40625,2.75,1.90625],"rotation":0,"texture":"#0","tintindex":0}}},{"from":[2.8571424,-12.626503,5.428571],"to":[13.142858,-2.340788,5.428571],"rotation":{"angle":0.0,"axis":"y","origin":[14.571428,3.3734984,6.5714283]},"faces":{"east":{"uv":[7.0,8.6875,7.0,9.25],"rotation":0,"texture":"#0","tintindex":0},"south":{"uv":[2.75,1.9375,3.3125,2.5],"rotation":0,"texture":"#0","tintindex":0},"north":{"uv":[1.4375,2.75,2.0,3.3125],"rotation":0,"texture":"#0","tintindex":0},"west":{"uv":[0.09375,8.75,0.09375,9.3125],"rotation":0,"texture":"#0","tintindex":0},"up":{"uv":[2.6875,1.40625,2.125,1.40625],"rotation":0,"texture":"#0","tintindex":0},"down":{"uv":[9.1875,1.65625,8.625,1.65625],"rotation":0,"texture":"#0","tintindex":0}}},{"from":[2.8571424,-12.626503,14.570858],"to":[13.142858,-2.340788,14.570858],"rotation":{"angle":0.0,"axis":"y","origin":[14.571428,3.3734984,13.428]},"faces":{"east":{"uv":[0.125,8.75,0.125,9.3125],"rotation":0,"texture":"#0","tintindex":0},"south":{"uv":[2.75,2.53125,3.3125,3.09375],"rotation":0,"texture":"#0","tintindex":0},"north":{"uv":[2.03125,2.75,2.59375,3.3125],"rotation":0,"texture":"#0","tintindex":0},"west":{"uv":[3.0,8.75,3.0,9.3125],"rotation":0,"texture":"#0","tintindex":0},"up":{"uv":[9.1875,3.96875,8.625,3.96875],"rotation":0,"texture":"#0","tintindex":0},"down":{"uv":[9.21875,4.75,8.65625,4.75],"rotation":0,"texture":"#0","tintindex":0}}},{"from":[4.6551123,-2.0550737,4.8571424],"to":[10.369398,3.6592126,9.428572],"rotation":{"angle":-45.0,"axis":"z","origin":[7.7979693,0.23064137,7.714286]},"faces":{"east":{"uv":[1.21875,7.0,1.46875,7.3125],"rotation":0,"texture":"#0","tintindex":0},"south":{"uv":[6.8125,0.4375,7.125,0.75],"rotation":0,"texture":"#0","tintindex":0},"north":{"uv":[0.0,6.8125,0.3125,7.125],"rotation":0,"texture":"#0","tintindex":0},"west":{"uv":[7.0,1.71875,7.25,2.03125],"rotation":0,"texture":"#0","tintindex":0},"up":{"uv":[7.1875,4.8125,6.875,4.5625],"rotation":0,"texture":"#0","tintindex":0},"down":{"uv":[7.3125,2.0625,7.0,2.3125],"rotation":0,"texture":"#0","tintindex":0}}},{"from":[3.1595936,-5.426502,4.742857],"to":[12.87388,4.287784,4.742857],"rotation":{"angle":45.0,"axis":"z","origin":[7.959594,-0.5693588,4.742857]},"faces":{"east":{"uv":[3.6875,8.75,3.6875,9.28125],"rotation":0,"texture":"#0","tintindex":0},"south":{"uv":[3.03125,0.5625,3.5625,1.09375],"rotation":0,"texture":"#0","tintindex":0},"north":{"uv":[3.03125,0.0,3.5625,0.53125],"rotation":0,"texture":"#0","tintindex":0},"west":{"uv":[6.625,8.75,6.625,9.28125],"rotation":0,"texture":"#0","tintindex":0},"up":{"uv":[8.625,4.65625,8.09375,4.65625],"rotation":0,"texture":"#0","tintindex":0},"down":{"uv":[9.1875,5.875,8.65625,5.875],"rotation":0,"texture":"#0","tintindex":0}}}],"display":{"head":{"translation":[0.0,-6.4,0.0],"scale":[4.0,4.0,4.0]}}}