{"textures":{"0":"modelengine:entity/nocsy_fpv2_boss"},"elements":[{"from":[3.4496975,-0.21297264,10.902765],"to":[12.592555,6.0727415,14.331337],"rotation":{"angle":22.5,"axis":"x","origin":[8.021126,2.9298844,12.617051]},"faces":{"east":{"uv":[1.84375,3.6875,2.03125,4.03125],"rotation":0,"texture":"#0","tintindex":0},"south":{"uv":[3.59375,5.0625,4.09375,5.40625],"rotation":0,"texture":"#0","tintindex":0},"north":{"uv":[5.0625,3.375,5.5625,3.71875],"rotation":0,"texture":"#0","tintindex":0},"west":{"uv":[0.71875,7.09375,0.90625,7.4375],"rotation":0,"texture":"#0","tintindex":0},"up":{"uv":[7.3125,3.84375,6.8125,3.65625],"rotation":0,"texture":"#0","tintindex":0},"down":{"uv":[4.40625,6.8125,3.90625,7.0],"rotation":0,"texture":"#0","tintindex":0}}},{"from":[4.592555,4.173469,10.356074],"to":[11.4496975,8.744898,13.784646],"rotation":{"angle":-22.5,"axis":"x","origin":[8.021126,8.744898,12.07036]},"faces":{"east":{"uv":[5.4375,7.9375,5.625,8.1875],"rotation":0,"texture":"#0","tintindex":0},"south":{"uv":[6.84375,1.09375,7.21875,1.34375],"rotation":0,"texture":"#0","tintindex":0},"north":{"uv":[3.125,6.8125,3.5,7.0625],"rotation":0,"texture":"#0","tintindex":0},"west":{"uv":[5.65625,7.9375,5.84375,8.1875],"rotation":0,"texture":"#0","tintindex":0},"up":{"uv":[5.4375,4.375,5.0625,4.1875],"rotation":0,"texture":"#0","tintindex":0},"down":{"uv":[7.53125,1.375,7.15625,1.5625],"rotation":0,"texture":"#0","tintindex":0}}},{"from":[2.1387782,-7.0225487,0.80713797],"to":[3.8416357,2.6803093,4.7957096],"rotation":{"angle":22.5,"axis":"x","origin":[3.2759213,-1.3719883,5.9243593]},"faces":{"east":{"uv":[2.25,6.46875,2.46875,7.0],"rotation":0,"texture":"#0","tintindex":0},"south":{"uv":[5.125,7.59375,5.21875,8.125],"rotation":0,"texture":"#0","tintindex":0},"north":{"uv":[6.1875,7.5625,6.28125,8.09375],"rotation":0,"texture":"#0","tintindex":0},"west":{"uv":[2.5,6.46875,2.71875,7.0],"rotation":0,"texture":"#0","tintindex":0},"up":{"uv":[4.5625,6.65625,4.46875,6.4375],"rotation":0,"texture":"#0","tintindex":0},"down":{"uv":[6.59375,6.71875,6.5,6.9375],"rotation":0,"texture":"#0","tintindex":0}}},{"from":[3.8410645,-16.0,-2.9086065],"to":[3.8410645,-6.285715,2.2342505],"rotation":{"angle":22.5,"axis":"x","origin":[3.2696357,-10.343727,2.2143297]},"faces":{"east":{"uv":[4.625,5.34375,4.90625,5.875],"rotation":0,"texture":"#0","tintindex":0},"south":{"uv":[4.75,8.78125,4.75,9.3125],"rotation":0,"texture":"#0","tintindex":0},"north":{"uv":[4.71875,8.78125,4.71875,9.3125],"rotation":0,"texture":"#0","tintindex":0},"west":{"uv":[4.9375,5.34375,5.21875,5.875],"rotation":0,"texture":"#0","tintindex":0},"up":{"uv":[4.78125,9.0625,4.78125,8.78125],"rotation":0,"texture":"#0","tintindex":0},"down":{"uv":[4.8125,8.78125,4.8125,9.0625],"rotation":0,"texture":"#0","tintindex":0}}},{"from":[2.1267786,-16.0,-2.9086065],"to":[2.1267786,-6.285715,2.2342505],"rotation":{"angle":22.5,"axis":"x","origin":[3.25535,-10.343727,2.2143297]},"faces":{"east":{"uv":[5.40625,1.21875,5.6875,1.75],"rotation":0,"texture":"#0","tintindex":0},"south":{"uv":[4.875,8.78125,4.875,9.3125],"rotation":0,"texture":"#0","tintindex":0},"north":{"uv":[4.84375,8.78125,4.84375,9.3125],"rotation":0,"texture":"#0","tintindex":0},"west":{"uv":[3.25,5.40625,3.53125,5.9375],"rotation":0,"texture":"#0","tintindex":0},"up":{"uv":[8.78125,5.25,8.78125,4.96875],"rotation":0,"texture":"#0","tintindex":0},"down":{"uv":[6.1875,8.78125,6.1875,9.0625],"rotation":0,"texture":"#0","tintindex":0}}},{"from":[2.1267786,-16.0,-2.9086065],"to":[3.8410645,-6.285715,-2.9086065],"rotation":{"angle":22.5,"axis":"x","origin":[3.25535,-10.343727,2.2143297]},"faces":{"east":{"uv":[6.21875,8.78125,6.21875,9.3125],"rotation":0,"texture":"#0","tintindex":0},"south":{"uv":[2.71875,7.625,2.8125,8.15625],"rotation":0,"texture":"#0","tintindex":0},"north":{"uv":[2.03125,7.625,2.125,8.15625],"rotation":0,"texture":"#0","tintindex":0},"west":{"uv":[6.25,8.78125,6.25,9.3125],"rotation":0,"texture":"#0","tintindex":0},"up":{"uv":[2.9375,1.09375,2.84375,1.09375],"rotation":0,"texture":"#0","tintindex":0},"down":{"uv":[2.46875,3.625,2.375,3.625],"rotation":0,"texture":"#0","tintindex":0}}},{"from":[12.201188,-16.0,-2.9086065],"to":[13.915474,-6.285715,-2.9086065],"rotation":{"angle":22.5,"axis":"x","origin":[12.786902,-10.343727,2.2143297]},"faces":{"east":{"uv":[6.28125,8.78125,6.28125,9.3125],"rotation":0,"texture":"#0","tintindex":0},"south":{"uv":[1.5625,7.65625,1.65625,8.1875],"rotation":0,"texture":"#0","tintindex":0},"north":{"uv":[2.84375,7.625,2.9375,8.15625],"rotation":0,"texture":"#0","tintindex":0},"west":{"uv":[6.3125,8.78125,6.3125,9.3125],"rotation":0,"texture":"#0","tintindex":0},"up":{"uv":[2.59375,3.625,2.5,3.625],"rotation":0,"texture":"#0","tintindex":0},"down":{"uv":[5.15625,5.0,5.0625,5.0],"rotation":0,"texture":"#0","tintindex":0}}},{"from":[13.915474,-16.0,-2.9086065],"to":[13.915474,-6.285715,2.2342505],"rotation":{"angle":22.5,"axis":"x","origin":[12.786902,-10.343727,2.2143297]},"faces":{"east":{"uv":[0.0,5.4375,0.28125,5.96875],"rotation":0,"texture":"#0","tintindex":0},"south":{"uv":[6.71875,8.78125,6.71875,9.3125],"rotation":0,"texture":"#0","tintindex":0},"north":{"uv":[6.6875,8.78125,6.6875,9.3125],"rotation":0,"texture":"#0","tintindex":0},"west":{"uv":[3.5625,5.4375,3.84375,5.96875],"rotation":0,"texture":"#0","tintindex":0},"up":{"uv":[6.75,9.0625,6.75,8.78125],"rotation":0,"texture":"#0","tintindex":0},"down":{"uv":[6.78125,8.78125,6.78125,9.0625],"rotation":0,"texture":"#0","tintindex":0}}},{"from":[12.201188,-16.0,-2.9086065],"to":[12.201188,-6.285715,2.2342505],"rotation":{"angle":22.5,"axis":"x","origin":[12.772616,-10.343727,2.2143297]},"faces":{"east":{"uv":[5.25,5.46875,5.53125,6.0],"rotation":0,"texture":"#0","tintindex":0},"south":{"uv":[6.84375,8.78125,6.84375,9.3125],"rotation":0,"texture":"#0","tintindex":0},"north":{"uv":[6.8125,8.78125,6.8125,9.3125],"rotation":0,"texture":"#0","tintindex":0},"west":{"uv":[5.5,1.78125,5.78125,2.3125],"rotation":0,"texture":"#0","tintindex":0},"up":{"uv":[6.875,9.0625,6.875,8.78125],"rotation":0,"texture":"#0","tintindex":0},"down":{"uv":[7.03125,8.78125,7.03125,9.0625],"rotation":0,"texture":"#0","tintindex":0}}},{"from":[3.9863915,8.303588,1.0495529],"to":[8.569249,10.029303,13.632411],"rotation":{"angle":22.5,"axis":"z","origin":[5.706392,9.166446,7.626696]},"faces":{"east":{"uv":[7.125,7.1875,7.8125,7.28125],"rotation":0,"texture":"#0","tintindex":0},"south":{"uv":[8.40625,7.125,8.65625,7.21875],"rotation":0,"texture":"#0","tintindex":0},"north":{"uv":[2.8125,6.3125,3.0625,6.40625],"rotation":0,"texture":"#0","tintindex":0},"west":{"uv":[7.21875,3.25,7.90625,3.34375],"rotation":0,"texture":"#0","tintindex":0},"up":{"uv":[1.375,5.75,1.125,5.0625],"rotation":0,"texture":"#0","tintindex":0},"down":{"uv":[4.375,5.0625,4.125,5.75],"rotation":0,"texture":"#0","tintindex":0}}},{"from":[7.4730034,8.303588,1.0495529],"to":[12.0558605,10.029303,13.632411],"rotation":{"angle":-22.5,"axis":"z","origin":[10.33586,9.166446,7.626696]},"faces":{"east":{"uv":[7.21875,3.375,7.90625,3.46875],"rotation":0,"texture":"#0","tintindex":0},"south":{"uv":[3.25,8.5,3.5,8.59375],"rotation":0,"texture":"#0","tintindex":0},"north":{"uv":[8.4375,0.875,8.6875,0.96875],"rotation":0,"texture":"#0","tintindex":0},"west":{"uv":[7.21875,3.5,7.90625,3.59375],"rotation":0,"texture":"#0","tintindex":0},"up":{"uv":[5.375,1.90625,5.125,1.21875],"rotation":0,"texture":"#0","tintindex":0},"down":{"uv":[1.96875,5.15625,1.71875,5.84375],"rotation":0,"texture":"#0","tintindex":0}}},{"from":[2.1330638,-4.23384,2.744318],"to":[3.8473501,4.3375883,12.458605],"rotation":{"angle":0.0,"axis":"y","origin":[3.2759213,2.2698665,7.3844795]},"faces":{"east":{"uv":[3.59375,0.0,4.125,0.46875],"rotation":0,"texture":"#0","tintindex":0},"south":{"uv":[4.5,7.9375,4.59375,8.40625],"rotation":0,"texture":"#0","tintindex":0},"north":{"uv":[1.4375,7.8125,1.53125,8.28125],"rotation":0,"texture":"#0","tintindex":0},