{"textures":{"0":"modelengine:entity/nocsy_fpv2_boss"},"elements":[{"from":[5.25401,0.9065285,6.0434365],"to":[10.956867,8.323671,12.317722],"rotation":{"angle":0.0,"axis":"y","origin":[8.105439,4.6151,9.18058]},"faces":{"east":{"uv":[5.6875,4.90625,6.03125,5.3125],"rotation":0,"texture":"#0","tintindex":0},"south":{"uv":[6.0,2.53125,6.3125,2.9375],"rotation":0,"texture":"#0","tintindex":0},"north":{"uv":[6.0,2.09375,6.3125,2.5],"rotation":0,"texture":"#0","tintindex":0},"west":{"uv":[5.71875,1.21875,6.0625,1.625],"rotation":0,"texture":"#0","tintindex":0},"up":{"uv":[6.96875,2.0625,6.65625,1.71875],"rotation":0,"texture":"#0","tintindex":0},"down":{"uv":[6.96875,2.09375,6.65625,2.4375],"rotation":0,"texture":"#0","tintindex":0}}},{"from":[6.834492,2.0436716,4.833677],"to":[9.863064,8.329386,11.119391],"rotation":{"angle":-22.5,"axis":"y","origin":[7.4059205,4.6151,7.976534]},"faces":{"east":{"uv":[0.53125,6.40625,0.875,6.75],"rotation":0,"texture":"#0","tintindex":0},"south":{"uv":[6.8125,7.53125,6.96875,7.875],"rotation":0,"texture":"#0","tintindex":0},"north":{"uv":[7.53125,5.0,7.6875,5.34375],"rotation":0,"texture":"#0","tintindex":0},"west":{"uv":[0.90625,6.40625,1.25,6.75],"rotation":0,"texture":"#0","tintindex":0},"up":{"uv":[7.71875,2.59375,7.5625,2.25],"rotation":0,"texture":"#0","tintindex":0},"down":{"uv":[5.59375,7.5625,5.4375,7.90625],"rotation":0,"texture":"#0","tintindex":0}}},{"from":[5.9446607,2.0379572,3.0785527],"to":[8.984661,8.3351,9.375695],"rotation":{"angle":22.5,"axis":"y","origin":[12.978947,4.6151,6.227124]},"faces":{"east":{"uv":[6.40625,4.90625,6.75,5.25],"rotation":0,"texture":"#0","tintindex":0},"south":{"uv":[5.8125,7.5625,5.96875,7.90625],"rotation":0,"texture":"#0","tintindex":0},"north":{"uv":[5.625,7.5625,5.78125,7.90625],"rotation":0,"texture":"#0","tintindex":0},"west":{"uv":[6.40625,5.28125,6.75,5.625],"rotation":0,"texture":"#0","tintindex":0},"up":{"uv":[6.15625,7.90625,6.0,7.5625],"rotation":0,"texture":"#0","tintindex":0},"down":{"uv":[2.5,7.59375,2.34375,7.9375],"rotation":0,"texture":"#0","tintindex":0}}},{"from":[4.562581,0.6005187,5.531627],"to":[11.419724,2.8862329,14.103056],"rotation":{"angle":22.5,"axis":"x","origin":[8.905438,4.314805,8.38877]},"faces":{"east":{"uv":[6.3125,7.3125,6.78125,7.4375],"rotation":0,"texture":"#0","tintindex":0},"south":{"uv":[7.9375,1.0625,8.3125,1.1875],"rotation":0,"texture":"#0","tintindex":0},"north":{"uv":[7.9375,0.0,8.3125,0.125],"rotation":0,"texture":"#0","tintindex":0},"west":{"uv":[7.09375,7.3125,7.5625,7.4375],"rotation":0,"texture":"#0","tintindex":0},"up":{"uv":[5.09375,1.9375,4.71875,1.46875],"rotation":0,"texture":"#0","tintindex":0},"down":{"uv":[3.21875,4.8125,2.84375,5.28125],"rotation":0,"texture":"#0","tintindex":0}}}],"display":{"head":{"translation":[0.0,-6.4,0.0],"scale":[4.0,4.0,4.0]}}}