{"textures":{"0":"modelengine:entity/nocsy_fpv2_boss"},"elements":[{"from":[5.436166,8.241943,4.5081854],"to":[10.567595,9.9448,11.925328],"rotation":{"angle":-45.0,"axis":"x","origin":[7.716166,7.5505147,6.788185]},"faces":{"east":{"uv":[8.1875,2.25,8.59375,2.34375],"rotation":0,"texture":"#0","tintindex":0},"south":{"uv":[5.6875,5.34375,5.96875,5.4375],"rotation":0,"texture":"#0","tintindex":0},"north":{"uv":[2.84375,4.6875,3.125,4.78125],"rotation":0,"texture":"#0","tintindex":0},"west":{"uv":[8.1875,2.375,8.59375,2.46875],"rotation":0,"texture":"#0","tintindex":0},"up":{"uv":[1.5625,6.96875,1.28125,6.5625],"rotation":0,"texture":"#0","tintindex":0},"down":{"uv":[6.84375,3.96875,6.5625,4.375],"rotation":0,"texture":"#0","tintindex":0}}},{"from":[5.4304514,5.3456125,3.4748845],"to":[10.573309,7.6313267,11.474885],"rotation":{"angle":0.0,"axis":"y","origin":[7.716166,5.517041,7.474885]},"faces":{"east":{"uv":[7.40625,3.0625,7.84375,3.1875],"rotation":0,"texture":"#0","tintindex":0},"south":{"uv":[1.96875,8.1875,2.25,8.3125],"rotation":0,"texture":"#0","tintindex":0},"north":{"uv":[5.78125,1.0625,6.0625,1.1875],"rotation":0,"texture":"#0","tintindex":0},"west":{"uv":[7.40625,7.0,7.84375,7.125],"rotation":0,"texture":"#0","tintindex":0},"up":{"uv":[4.0625,6.65625,3.78125,6.21875],"rotation":0,"texture":"#0","tintindex":0},"down":{"uv":[4.875,6.25,4.59375,6.6875],"rotation":0,"texture":"#0","tintindex":0}}},{"from":[3.9729314,5.351327,-0.04398346],"to":[7.5900745,7.6256127,3.5731592],"rotation":{"angle":-45.0,"axis":"y","origin":[4.82436,6.2027555,5.2931595]},"faces":{"east":{"uv":[0.4375,8.0,0.625,8.125],"rotation":0,"texture":"#0","tintindex":0},"south":{"uv":[8.4375,7.4375,8.625,7.5625],"rotation":0,"texture":"#0","tintindex":0},"north":{"uv":[6.375,6.09375,6.5625,6.21875],"rotation":0,"texture":"#0","tintindex":0},"west":{"uv":[8.46875,7.59375,8.65625,7.71875],"rotation":0,"texture":"#0","tintindex":0},"up":{"uv":[3.5625,8.1875,3.375,8.0],"rotation":0,"texture":"#0","tintindex":0},"down":{"uv":[3.09375,8.1875,2.90625,8.375],"rotation":0,"texture":"#0","tintindex":0}}}],"display":{"head":{"translation":[0.0,-6.4,0.0],"scale":[4.0,4.0,4.0]}}}