{"textures":{"0":"modelengine:entity/nocsy_fpv2_boss"},"elements":[{"from":[5.4324055,8.241943,4.5081854],"to":[10.563834,9.9448,11.925328],"rotation":{"angle":-45.0,"axis":"x","origin":[8.2838335,7.5505147,6.788185]},"faces":{"east":{"uv":[2.46875,8.1875,2.875,8.28125],"rotation":0,"texture":"#0","tintindex":0},"south":{"uv":[8.34375,1.375,8.625,1.46875],"rotation":0,"texture":"#0","tintindex":0},"north":{"uv":[6.40625,5.65625,6.6875,5.75],"rotation":0,"texture":"#0","tintindex":0},"west":{"uv":[8.1875,3.15625,8.59375,3.25],"rotation":0,"texture":"#0","tintindex":0},"up":{"uv":[6.84375,4.8125,6.5625,4.40625],"rotation":0,"texture":"#0","tintindex":0},"down":{"uv":[5.6875,6.59375,5.40625,7.0],"rotation":0,"texture":"#0","tintindex":0}}},{"from":[5.426691,5.3456125,3.4748845],"to":[10.569549,7.6313267,11.474885],"rotation":{"angle":0.0,"axis":"y","origin":[8.2838335,5.517041,7.474885]},"faces":{"east":{"uv":[7.4375,0.5,7.875,0.625],"rotation":0,"texture":"#0","tintindex":0},"south":{"uv":[6.78125,8.1875,7.0625,8.3125],"rotation":0,"texture":"#0","tintindex":0},"north":{"uv":[5.0625,8.1875,5.34375,8.3125],"rotation":0,"texture":"#0","tintindex":0},"west":{"uv":[7.46875,5.78125,7.90625,5.90625],"rotation":0,"texture":"#0","tintindex":0},"up":{"uv":[6.59375,6.6875,6.3125,6.25],"rotation":0,"texture":"#0","tintindex":0},"down":{"uv":[6.625,0.0,6.34375,0.4375],"rotation":0,"texture":"#0","tintindex":0}}},{"from":[8.409925,5.351327,-0.04398346],"to":[12.027069,7.6256127,3.5731592],"rotation":{"angle":45.0,"axis":"y","origin":[11.17564,6.2027555,5.2931595]},"faces":{"east":{"uv":[0.15625,8.5,0.34375,8.625],"rotation":0,"texture":"#0","tintindex":0},"south":{"uv":[8.5,0.46875,8.6875,0.59375],"rotation":0,"texture":"#0","tintindex":0},"north":{"uv":[8.46875,7.75,8.65625,7.875],"rotation":0,"texture":"#0","tintindex":0},"west":{"uv":[3.03125,8.5,3.21875,8.625],"rotation":0,"texture":"#0","tintindex":0},"up":{"uv":[3.78125,8.375,3.59375,8.1875],"rotation":0,"texture":"#0","tintindex":0},"down":{"uv":[7.28125,8.1875,7.09375,8.375],"rotation":0,"texture":"#0","tintindex":0}}}],"display":{"head":{"translation":[0.0,-6.4,0.0],"scale":[4.0,4.0,4.0]}}}