{"textures":{"0":"modelengine:entity/nocsy_fpv2_boss"},"elements":[{"from":[5.0914288,3.0342855,4.0057144],"to":[11.937143,8.165714,11.994286],"rotation":{"angle":0.0,"axis":"y","origin":[-11.1428585,13.714286,4.0]},"faces":{"east":{"uv":[6.34375,3.65625,6.78125,3.9375],"rotation":0,"texture":"#0","tintindex":0},"south":{"uv":[0.53125,6.78125,0.90625,7.0625],"rotation":0,"texture":"#0","tintindex":0},"north":{"uv":[6.09375,6.71875,6.46875,7.0],"rotation":0,"texture":"#0","tintindex":0},"west":{"uv":[6.375,5.78125,6.8125,6.0625],"rotation":0,"texture":"#0","tintindex":0},"up":{"uv":[2.78125,5.71875,2.40625,5.28125],"rotation":0,"texture":"#0","tintindex":0},"down":{"uv":[5.65625,5.0,5.28125,5.4375],"rotation":0,"texture":"#0","tintindex":0}}},{"from":[9.657143,0.742857,4.0],"to":[11.942858,3.0285711,12.0],"rotation":{"angle":0.0,"axis":"y","origin":[-11.1428585,13.714286,4.0]},"faces":{"east":{"uv":[0.71875,7.5,1.15625,7.625],"rotation":0,"texture":"#0","tintindex":0},"south":{"uv":[8.625,2.71875,8.75,2.84375],"rotation":0,"texture":"#0","tintindex":0},"north":{"uv":[3.59375,7.8125,3.71875,7.9375],"rotation":0,"texture":"#0","tintindex":0},"west":{"uv":[1.1875,7.5,1.625,7.625],"rotation":0,"texture":"#0","tintindex":0},"up":{"uv":[4.625,7.90625,4.5,7.46875],"rotation":0,"texture":"#0","tintindex":0},"down":{"uv":[6.78125,7.46875,6.65625,7.90625],"rotation":0,"texture":"#0","tintindex":0}}},{"from":[7.3714285,1.885714,4.0],"to":[9.657143,3.0285711,12.0],"rotation":{"angle":0.0,"axis":"y","origin":[-11.1428585,13.714286,4.0]},"faces":{"east":{"uv":[8.28125,2.09375,8.71875,2.15625],"rotation":0,"texture":"#0","tintindex":0},"south":{"uv":[6.96875,0.34375,7.09375,0.40625],"rotation":0,"texture":"#0","tintindex":0},"north":{"uv":[5.5,4.90625,5.625,4.96875],"rotation":0,"texture":"#0","tintindex":0},"west":{"uv":[8.34375,0.0,8.78125,0.0625],"rotation":0,"texture":"#0","tintindex":0},"up":{"uv":[7.625,4.28125,7.5,3.84375],"rotation":0,"texture":"#0","tintindex":0},"down":{"uv":[7.625,6.0625,7.5,6.5],"rotation":0,"texture":"#0","tintindex":0}}},{"from":[4.5142856,6.457143,3.4285712],"to":[12.514286,8.171429,12.571428],"rotation":{"angle":0.0,"axis":"y","origin":[-11.1428585,13.714286,4.0]},"faces":{"east":{"uv":[7.9375,7.59375,8.4375,7.6875],"rotation":0,"texture":"#0","tintindex":0},"south":{"uv":[8.03125,3.5625,8.46875,3.65625],"rotation":0,"texture":"#0","tintindex":0},"north":{"uv":[8.0,5.46875,8.4375,5.5625],"rotation":0,"texture":"#0","tintindex":0},"west":{"uv":[7.9375,7.71875,8.4375,7.8125],"rotation":0,"texture":"#0","tintindex":0},"up":{"uv":[3.1875,4.65625,2.75,4.15625],"rotation":0,"texture":"#0","tintindex":0},"down":{"uv":[4.6875,1.53125,4.25,2.03125],"rotation":0,"texture":"#0","tintindex":0}}},{"from":[4.0571427,0.742857,3.4285712],"to":[12.057143,2.4571428,12.571428],"rotation":{"angle":-22.5,"axis":"z","origin":[8.514286,1.0285711,8.0]},"faces":{"east":{"uv":[7.9375,7.84375,8.4375,7.9375],"rotation":0,"texture":"#0","tintindex":0},"south":{"uv":[8.03125,4.0,8.46875,4.09375],"rotation":0,"texture":"#0","tintindex":0},"north":{"uv":[8.03125,3.6875,8.46875,3.78125],"rotation":0,"texture":"#0","tintindex":0},"west":{"uv":[7.96875,0.5625,8.46875,0.65625],"rotation":0,"texture":"#0","tintindex":0},"up":{"uv":[3.65625,4.78125,3.21875,4.28125],"rotation":0,"texture":"#0","tintindex":0},"down":{"uv":[0.4375,4.40625,0.0,4.90625],"rotation":0,"texture":"#0","tintindex":0}}},{"from":[3.778491,-6.4264174,6.390218],"to":[6.6242056,-0.72356033,9.235932],"rotation":{"angle":-22.5,"axis":"z","origin":[7.2340474,-2.374403,7.2681875]},"faces":{"east":{"uv":[1.25,7.8125,1.40625,8.125],"rotation":0,"texture":"#0","tintindex":0},"south":{"uv":[7.8125,5.34375,7.96875,5.65625],"rotation":0,"texture":"#0","tintindex":0},"north":{"uv":[1.0625,7.8125,1.21875,8.125],"rotation":0,"texture":"#0","tintindex":0},"west":{"uv":[2.15625,7.84375,2.3125,8.15625],"rotation":0,"texture":"#0","tintindex":0},"up":{"uv":[8.59375,3.125,8.4375,2.96875],"rotation":0,"texture":"#0","tintindex":0},"down":{"uv":[8.59375,3.8125,8.4375,3.96875],"rotation":0,"texture":"#0","tintindex":0}}},{"from":[4.052233,-5.8456936,8.61879],"to":[6.8979473,-0.14283657,11.464504],"rotation":{"angle":-22.5,"axis":"z","origin":[7.2340474,-2.374403,7.2681875]},"faces":{"east":{"uv":[5.25,7.84375,5.40625,8.15625],"rotation":0,"texture":"#0","tintindex":0},"south":{"uv":[7.84375,6.0625,8.0,6.375],"rotation":0,"texture":"#0","tintindex":0},"north":{"uv":[7.84375,4.0,8.0,4.3125],"rotation":0,"texture":"#0","tintindex":0},"west":{"uv":[7.375,7.84375,7.53125,8.15625],"rotation":0,"texture":"#0","tintindex":0},"up":{"uv":[8.59375,4.375,8.4375,4.21875],"rotation":0,"texture":"#0","tintindex":0},"down":{"uv":[8.59375,4.96875,8.4375,5.125],"rotation":0,"texture":"#0","tintindex":0}}},{"from":[4.520973,-5.955022,8.670218],"to":[10.235259,-2.5264502,11.527361],"rotation":{"angle":0.0,"axis":"y","origin":[7.2340474,-2.374403,7.2681875]},"faces":{"east":{"uv":[8.3125,8.1875,8.46875,8.375],"rotation":0,"texture":"#0","tintindex":0},"south":{"uv":[7.40625,4.78125,7.71875,4.96875],"rotation":0,"texture":"#0","tintindex":0},"north":{"uv":[7.40625,2.84375,7.71875,3.03125],"rotation":0,"texture":"#0","tintindex":0},"west":{"uv":[0.40625,8.34375,0.5625,8.53125],"rotation":0,"texture":"#0","tintindex":0},"up":{"uv":[8.09375,0.34375,7.78125,0.1875],"rotation":0,"texture":"#0","tintindex":0},"down":{"uv":[8.15625,1.9375,7.84375,2.09375],"rotation":0,"texture":"#0","tintindex":0}}},{"from":[8.766165,-5.10896,6.390218],"to":[11.611879,-1.6918173,9.235932],"rotation":{"angle":-22.5,"axis":"z","origin":[7.2340474,-2.374403,7.211045]},"faces":{"east":{"uv":[0.78125,8.34375,0.9375,8.53125],"rotation":0,"texture":"#0","tintindex":0},"south":{"uv":[0.96875,8.34375,1.125,8.53125],"rotation":0,"texture":"#0","tintindex":0},"north":{"uv":[0.59375,8.34375,0.75,8.53125],"rotation":0,"texture":"#0","tintindex":0},"west":{"uv":[8.34375,1.0,8.5,1.1875],"rotation":0,"texture":"#0","tintindex":0},"up":{"uv":[8.59375,5.3125,8.4375,5.15625],"rotation":0,"texture":"#0","tintindex":0},"down":{"uv":[2.34375,8.46875,2.1875,8.625],"rotation":0,"texture":"#0","tintindex":0}}},{"from":[8.52562,-4.5282354,8.675933],"to":[11.371335,-1.1110926,11.5216465],"rotation":{"angle":-22.5,"axis":"z","origin":[7.2340474,-2.374403,7.2681875]},"faces":{"east":{"uv":[1.8125,8.34375,1.96875,8.53125],"rotation":0,"texture":"#0","tintindex":0},"south":{"uv":[2.0,8.34375,2.15625,8.53125],"rotation":0,"texture":"#0","tintindex":0},"north":{"uv":[1.625,8.34375,1.78125,8.53125],"rotation":0,"texture":"#0","tintindex":0},"west":{"uv":[4.625,8.34375,4.78125,8.53125],"rotation":0,"texture":"#0","tintindex":0},"up":{"uv":[4.15625,8.625,4.0,8.46875],"rotation":0,"texture":"#0","tintindex":0},"down":{"uv":[4.34375,8.46875,4.1875,8.625],"rotation":0,"texture":"#0","tintindex":0}}},{"from":[4.515259,-6.589308,6.3787894],"to":[10.240973,-3.1493082,9.247361],"rotation":{"angle":0.0,"axis":"y","origin":[7.2340474,-2.374403,7.211045]},"faces":{"east":{"uv":[4.8125,8.34375,4.96875,8.53125],"rotation":0,"texture":"#0","tintindex":0},"south":{"uv":[7.40625,6.78125,7.71875,6.96875],"rotation":0,"texture":"#0","tintindex":0},"north":{"uv":[7.40625,6.5625,7.71875,6.75],"rotation":0,"texture":"#0","tintindex":0},"west":{"uv":[5.0,8.34375,5.15625,8.53125],"rotation":0,"texture":"#0","tintindex":0},"up":{"uv":[8.1875,1.71875,7.875,1.5625],"rotation":0,"texture":"#0","tintindex":0},"down":{"uv":[8.1875,1.75,7.875,1.90625],"rotation":0,"texture":"#0","tintindex":0}}},{"from":[4.052233,-5.8456936,4.1045036],"to":[6.8979473,-0.14283657,6.950218],"rotation":{"angle":-22.5,"axis":"z","origin":[7.2340474,-2.374403,7.2681875]},"faces":{"east":{"uv":[0.25,7.875,0.40625,8.1875],"rotation":0,"texture":"#0","tintindex":0},"south":{"uv":[7.875,6.9375,8.03125,7.25],"rotation":0,"texture":"#0","tintindex":0},"north":{"uv":[7.5625,7.84375,7.71875,8.15625],"rotation":0,"texture":"#0","tintindex":0},