{"textures":{"0":"modelengine:entity/nocsy_fpv2_boss"},"elements":[{"from":[5.043133,0.9065285,6.0434365],"to":[10.74599,8.323671,12.317722],"rotation":{"angle":0.0,"axis":"y","origin":[7.8945613,4.6151,9.18058]},"faces":{"east":{"uv":[2.28125,5.75,2.625,6.15625],"rotation":0,"texture":"#0","tintindex":0},"south":{"uv":[6.0,3.71875,6.3125,4.125],"rotation":0,"texture":"#0","tintindex":0},"north":{"uv":[3.4375,6.0,3.75,6.40625],"rotation":0,"texture":"#0","tintindex":0},"west":{"uv":[5.78125,0.625,6.125,1.03125],"rotation":0,"texture":"#0","tintindex":0},"up":{"uv":[6.96875,2.8125,6.65625,2.46875],"rotation":0,"texture":"#0","tintindex":0},"down":{"uv":[3.875,6.6875,3.5625,7.03125],"rotation":0,"texture":"#0","tintindex":0}}},{"from":[6.136936,2.0436716,4.833677],"to":[9.165508,8.329386,11.119391],"rotation":{"angle":22.5,"axis":"y","origin":[8.594079,4.6151,7.976534]},"faces":{"east":{"uv":[6.4375,0.90625,6.78125,1.25],"rotation":0,"texture":"#0","tintindex":0},"south":{"uv":[3.1875,7.59375,3.34375,7.9375],"rotation":0,"texture":"#0","tintindex":0},"north":{"uv":[3.0,7.59375,3.15625,7.9375],"rotation":0,"texture":"#0","tintindex":0},"west":{"uv":[2.8125,6.4375,3.15625,6.78125],"rotation":0,"texture":"#0","tintindex":0},"up":{"uv":[3.90625,7.9375,3.75,7.59375],"rotation":0,"texture":"#0","tintindex":0},"down":{"uv":[4.09375,7.59375,3.9375,7.9375],"rotation":0,"texture":"#0","tintindex":0}}},{"from":[7.0153394,2.0379572,3.0785527],"to":[10.05534,8.3351,9.375695],"rotation":{"angle":-22.5,"axis":"y","origin":[3.0210538,4.6151,6.227124]},"faces":{"east":{"uv":[3.1875,6.4375,3.53125,6.78125],"rotation":0,"texture":"#0","tintindex":0},"south":{"uv":[0.5,7.625,0.65625,7.96875],"rotation":0,"texture":"#0","tintindex":0},"north":{"uv":[4.9375,7.59375,5.09375,7.9375],"rotation":0,"texture":"#0","tintindex":0},"west":{"uv":[4.09375,6.4375,4.4375,6.78125],"rotation":0,"texture":"#0","tintindex":0},"up":{"uv":[2.0,7.96875,1.84375,7.625],"rotation":0,"texture":"#0","tintindex":0},"down":{"uv":[2.6875,7.625,2.53125,7.96875],"rotation":0,"texture":"#0","tintindex":0}}},{"from":[4.5802755,0.6005187,5.531627],"to":[11.437419,2.8862329,14.103056],"rotation":{"angle":22.5,"axis":"x","origin":[7.094561,4.314805,8.38877]},"faces":{"east":{"uv":[1.21875,7.34375,1.6875,7.46875],"rotation":0,"texture":"#0","tintindex":0},"south":{"uv":[7.9375,3.40625,8.3125,3.53125],"rotation":0,"texture":"#0","tintindex":0},"north":{"uv":[7.9375,1.375,8.3125,1.5],"rotation":0,"texture":"#0","tintindex":0},"west":{"uv":[7.34375,2.0,7.8125,2.125],"rotation":0,"texture":"#0","tintindex":0},"up":{"uv":[5.25,3.03125,4.875,2.5625],"rotation":0,"texture":"#0","tintindex":0},"down":{"uv":[0.375,4.9375,0.0,5.40625],"rotation":0,"texture":"#0","tintindex":0}}}],"display":{"head":{"translation":[0.0,-6.4,0.0],"scale":[4.0,4.0,4.0]}}}