{"textures":{"0":"modelengine:entity/nocsy_fpv2_boss"},"elements":[{"from":[6.4761906,3.0476189,4.0],"to":[14.476191,11.047619,12.0],"rotation":{"angle":0.0,"axis":"y","origin":[-8.666668,2.47619,4.0]},"faces":{"east":{"uv":[4.59375,3.46875,5.03125,3.90625],"rotation":0,"texture":"#0","tintindex":0},"south":{"uv":[3.6875,4.59375,4.125,5.03125],"rotation":0,"texture":"#0","tintindex":0},"north":{"uv":[4.59375,1.0,5.03125,1.4375],"rotation":0,"texture":"#0","tintindex":0},"west":{"uv":[4.59375,3.9375,5.03125,4.375],"rotation":0,"texture":"#0","tintindex":0},"up":{"uv":[4.59375,5.03125,4.15625,4.59375],"rotation":0,"texture":"#0","tintindex":0},"down":{"uv":[5.0625,0.0,4.625,0.4375],"rotation":0,"texture":"#0","tintindex":0}}},{"from":[6.4190474,2.9904757,2.7999997],"to":[9.390476,12.24762,13.200001],"rotation":{"angle":0.0,"axis":"y","origin":[7.904762,7.6190476,8.0]},"faces":{"east":{"uv":[0.59375,3.21875,1.15625,3.71875],"rotation":0,"texture":"#0","tintindex":0},"south":{"uv":[0.53125,7.09375,0.6875,7.59375],"rotation":0,"texture":"#0","tintindex":0},"north":{"uv":[7.0625,5.125,7.21875,5.625],"rotation":0,"texture":"#0","tintindex":0},"west":{"uv":[3.21875,3.125,3.78125,3.625],"rotation":0,"texture":"#0","tintindex":0},"up":{"uv":[7.09375,6.625,6.9375,6.0625],"rotation":0,"texture":"#0","tintindex":0},"down":{"uv":[7.09375,6.65625,6.9375,7.21875],"rotation":0,"texture":"#0","tintindex":0}}},{"from":[8.190476,-4.952381,5.142857],"to":[13.333334,3.0476189,10.857143],"rotation":{"angle":0.0,"axis":"y","origin":[-8.666668,2.47619,4.0]},"faces":{"east":{"uv":[3.09375,5.96875,3.40625,6.40625],"rotation":0,"texture":"#0","tintindex":0},"south":{"uv":[6.34375,2.40625,6.625,2.84375],"rotation":0,"texture":"#0","tintindex":0},"north":{"uv":[6.34375,1.9375,6.625,2.375],"rotation":0,"texture":"#0","tintindex":0},"west":{"uv":[6.0,0.0,6.3125,0.4375],"rotation":0,"texture":"#0","tintindex":0},"up":{"uv":[7.1875,3.59375,6.90625,3.28125],"rotation":0,"texture":"#0","tintindex":0},"down":{"uv":[7.25,0.0,6.96875,0.3125],"rotation":0,"texture":"#0","tintindex":0}}}],"display":{"head":{"translation":[0.0,-6.4,0.0],"scale":[4.0,4.0,4.0]}}}