{"textures":{"0":"modelengine:entity/priest_d"},"elements":[{"from":[4.8571424,9.353926,7.695029],"to":[11.142858,11.63964,9.980743],"rotation":{"angle":0.0,"axis":"y","origin":[8.285714,8.496783,8.837886]},"faces":{"east":{"uv":[12.166667,9.25,12.5,9.75],"rotation":0,"texture":"#0","tintindex":0},"south":{"uv":[11.583333,9.75,12.5,10.25],"rotation":0,"texture":"#0","tintindex":0},"north":{"uv":[10.666667,9.75,11.583333,10.25],"rotation":0,"texture":"#0","tintindex":0},"west":{"uv":[13.083333,10.125,13.416667,10.625],"rotation":0,"texture":"#0","tintindex":0},"up":{"uv":[11.583333,10.75,10.666667,10.25],"rotation":0,"texture":"#0","tintindex":0},"down":{"uv":[13.083333,8.0,12.166667,8.5],"rotation":0,"texture":"#0","tintindex":0}}},{"from":[3.7142854,10.211069,8.266458],"to":[12.285715,11.353926,9.409314],"rotation":{"angle":0.0,"axis":"y","origin":[8.285714,8.496783,8.837886]},"faces":{"east":{"uv":[12.5,12.25,12.666667,12.5],"rotation":0,"texture":"#0","tintindex":0},"south":{"uv":[12.666667,8.75,13.916667,9.0],"rotation":0,"texture":"#0","tintindex":0},"north":{"uv":[12.666667,8.5,13.916667,8.75],"rotation":0,"texture":"#0","tintindex":0},"west":{"uv":[12.666667,12.25,12.833333,12.5],"rotation":0,"texture":"#0","tintindex":0},"up":{"uv":[13.916667,9.25,12.666667,9.0],"rotation":0,"texture":"#0","tintindex":0},"down":{"uv":[14.166667,10.75,12.916667,11.0],"rotation":0,"texture":"#0","tintindex":0}}},{"from":[6.285714,8.496783,7.1236],"to":[9.714286,11.925354,10.552172],"rotation":{"angle":0.0,"axis":"y","origin":[8.571428,8.496783,8.837886]},"faces":{"east":{"uv":[11.583333,10.25,12.083333,11.0],"rotation":0,"texture":"#0","tintindex":0},"south":{"uv":[12.083333,10.25,12.583333,11.0],"rotation":0,"texture":"#0","tintindex":0},"north":{"uv":[12.166667,8.5,12.666667,9.25],"rotation":0,"texture":"#0","tintindex":0},"west":{"uv":[10.666667,10.75,11.166667,11.5],"rotation":0,"texture":"#0","tintindex":0},"up":{"uv":[13.0,10.0,12.5,9.25],"rotation":0,"texture":"#0","tintindex":0},"down":{"uv":[13.083333,10.0,12.583333,10.75],"rotation":0,"texture":"#0","tintindex":0}}},{"from":[7.428571,9.762548,6.1544285],"to":[8.571428,11.476834,6.7258573],"rotation":{"angle":-22.5,"axis":"x","origin":[6.857143,10.619692,6.7258573]},"faces":{"east":{"uv":[12.5,11.0,12.583333,11.375],"rotation":0,"texture":"#0","tintindex":0},"south":{"uv":[11.25,12.25,11.416667,12.625],"rotation":0,"texture":"#0","tintindex":0},"north":{"uv":[11.083333,12.25,11.25,12.625],"rotation":0,"texture":"#0","tintindex":0},"west":{"uv":[12.5,11.375,12.583333,11.75],"rotation":0,"texture":"#0","tintindex":0},"up":{"uv":[13.25,10.75,13.083333,10.625],"rotation":0,"texture":"#0","tintindex":0},"down":{"uv":[13.416667,10.625,13.25,10.75],"rotation":0,"texture":"#0","tintindex":0}}},{"from":[6.0,9.856229,6.648834],"to":[10.0,12.141943,8.220263],"rotation":{"angle":-22.5,"axis":"x","origin":[7.142857,10.570515,9.220263]},"faces":{"east":{"uv":[10.666667,12.0,10.916667,12.5],"rotation":0,"texture":"#0","tintindex":0},"south":{"uv":[12.916667,11.0,13.5,11.5],"rotation":0,"texture":"#0","tintindex":0},"north":{"uv":[11.5,11.0,12.083333,11.5],"rotation":0,"texture":"#0","tintindex":0},"west":{"uv":[12.083333,12.0,12.333333,12.5],"rotation":0,"texture":"#0","tintindex":0},"up":{"uv":[12.083333,11.875,11.5,11.5],"rotation":0,"texture":"#0","tintindex":0},"down":{"uv":[13.583333,9.25,13.0,9.625],"rotation":0,"texture":"#0","tintindex":0}}},{"from":[6.5714283,6.782497,7.695029],"to":[9.428572,9.068212,9.980743],"rotation":{"angle":0.0,"axis":"y","origin":[8.285714,8.496783,8.837886]},"faces":{"east":{"uv":[11.083333,11.75,11.416667,12.25],"rotation":0,"texture":"#0","tintindex":0},"south":{"uv":[10.666667,11.5,11.083333,12.0],"rotation":0,"texture":"#0","tintindex":0},"north":{"uv":[12.083333,11.0,12.5,11.5],"rotation":0,"texture":"#0","tintindex":0},"west":{"uv":[12.5,11.75,12.833333,12.25],"rotation":0,"texture":"#0","tintindex":0},"up":{"uv":[12.5,12.0,12.083333,11.5],"rotation":0,"texture":"#0","tintindex":0},"down":{"uv":[13.333333,11.5,12.916667,12.0],"rotation":0,"texture":"#0","tintindex":0}}},{"from":[5.8571424,5.63964,7.1236],"to":[11.0,6.782497,11.1236],"rotation":{"angle":-22.5,"axis":"z","origin":[8.0,6.2110686,9.409314]},"faces":{"east":{"uv":[12.833333,12.0,13.416667,12.25],"rotation":0,"texture":"#0","tintindex":0},"south":{"uv":[13.083333,8.0,13.791667,8.25],"rotation":0,"texture":"#0","tintindex":0},"north":{"uv":[13.0,9.625,13.708333,9.875],"rotation":0,"texture":"#0","tintindex":0},"west":{"uv":[13.333333,11.5,13.916667,11.75],"rotation":0,"texture":"#0","tintindex":0},"up":{"uv":[11.375,8.875,10.666667,8.0],"rotation":0,"texture":"#0","tintindex":0},"down":{"uv":[11.375,8.875,10.666667,9.75],"rotation":0,"texture":"#0","tintindex":0}}},{"from":[5.0,5.63964,6.552171],"to":[10.142858,6.782497,10.552172],"rotation":{"angle":22.5,"axis":"z","origin":[8.0,6.2110686,9.409314]},"faces":{"east":{"uv":[13.333333,11.75,13.916667,12.0],"rotation":0,"texture":"#0","tintindex":0},"south":{"uv":[13.083333,9.875,13.791667,10.125],"rotation":0,"texture":"#0","tintindex":0},"north":{"uv":[13.083333,8.25,13.791667,8.5],"rotation":0,"texture":"#0","tintindex":0},"west":{"uv":[13.416667,10.125,14.0,10.375],"rotation":0,"texture":"#0","tintindex":0},"up":{"uv":[12.125,8.875,11.416667,8.0],"rotation":0,"texture":"#0","tintindex":0},"down":{"uv":[12.125,8.875,11.416667,9.75],"rotation":0,"texture":"#0","tintindex":0}}},{"from":[6.857143,3.848343,5.9807425],"to":[9.142858,6.134057,7.1236],"rotation":{"angle":45.0,"axis":"z","origin":[8.0,4.9912,8.552172]},"faces":{"east":{"uv":[10.916667,12.0,11.083333,12.5],"rotation":0,"texture":"#0","tintindex":0},"south":{"uv":[11.75,11.875,12.083333,12.375],"rotation":0,"texture":"#0","tintindex":0},"north":{"uv":[11.416667,11.875,11.75,12.375],"rotation":0,"texture":"#0","tintindex":0},"west":{"uv":[12.333333,12.0,12.5,12.5],"rotation":0,"texture":"#0","tintindex":0},"up":{"uv":[11.083333,12.0,10.916667,12.5],"rotation":90,"texture":"#0","tintindex":0},"down":{"uv":[13.75,12.0,13.416667,12.25],"rotation":0,"texture":"#0","tintindex":0}}},{"from":[6.857143,0.4197712,6.552171],"to":[9.142858,4.9912,6.552171],"rotation":{"angle":0.0,"axis":"y","origin":[8.0,4.9912,6.552171]},"faces":{"east":{"uv":[10.666667,8.0,10.666667,9.0],"rotation":0,"texture":"#0","tintindex":0},"south":{"uv":[11.166667,10.75,11.5,11.75],"rotation":0,"texture":"#0","tintindex":0},"north":{"uv":[11.166667,10.75,11.5,11.75],"rotation":0,"texture":"#0","tintindex":0},"west":{"uv":[10.666667,8.0,10.666667,9.0],"rotation":0,"texture":"#0","tintindex":0},"up":{"uv":[11.0,8.0,10.666667,8.0],"rotation":0,"texture":"#0","tintindex":0},"down":{"uv":[11.0,8.0,10.666667,8.0],"rotation":0,"texture":"#0","tintindex":0}}}],"display":{"head":{"translation":[0.0,-6.4,0.0],"scale":[4.0,4.0,4.0]}}}