{"textures":{"0":"modelengine:entity/priest_d"},"elements":[{"from":[6.571457,5.954617,8.853588],"to":[9.429743,8.812902,11.140446],"rotation":{"angle":-22.5,"axis":"x","origin":[8.0006,5.363457,7.9767084]},"faces":{"east":{"uv":[8.666667,3.75,9.333333,5.0],"rotation":0,"texture":"#0","tintindex":0},"south":{"uv":[8.0,2.5,8.833333,3.75],"rotation":0,"texture":"#0","tintindex":0},"north":{"uv":[7.0,4.0,7.8333335,5.25],"rotation":0,"texture":"#0","tintindex":0},"west":{"uv":[8.666667,5.0,9.333333,6.25],"rotation":0,"texture":"#0","tintindex":0},"up":{"uv":[6.1666665,6.25,5.3333335,5.25],"rotation":0,"texture":"#0","tintindex":0},"down":{"uv":[9.666667,0.0,8.833333,1.0],"rotation":0,"texture":"#0","tintindex":0}}},{"from":[6.566674,9.188292,6.15012],"to":[9.42496,9.760862,9.579834],"rotation":{"angle":0.0,"axis":"y","origin":[8.281531,5.977777,6.2001657]},"faces":{"east":{"uv":[9.333333,4.0,10.333333,4.25],"rotation":0,"texture":"#0","tintindex":0},"south":{"uv":[9.5,4.75,10.333333,5.0],"rotation":0,"texture":"#0","tintindex":0},"north":{"uv":[9.5,4.5,10.333333,4.75],"rotation":0,"texture":"#0","tintindex":0},"west":{"uv":[9.333333,4.25,10.333333,4.5],"rotation":0,"texture":"#0","tintindex":0},"up":{"uv":[6.1666665,1.5,5.3333335,0.0],"rotation":0,"texture":"#0","tintindex":0},"down":{"uv":[7.0,0.0,6.1666665,1.5],"rotation":0,"texture":"#0","tintindex":0}}},{"from":[10.725612,6.417674,6.1512628],"to":[11.2958975,9.273674,9.5786915],"rotation":{"angle":22.5,"axis":"z","origin":[9.143457,4.8355255,6.771594]},"faces":{"east":{"uv":[5.3333335,1.5,6.3333335,2.75],"rotation":0,"texture":"#0","tintindex":0},"south":{"uv":[5.6666665,6.25,5.8333335,7.5],"rotation":0,"texture":"#0","tintindex":0},"north":{"uv":[5.5,6.25,5.6666665,7.5],"rotation":0,"texture":"#0","tintindex":0},"west":{"uv":[6.3333335,1.5,7.3333335,2.75],"rotation":0,"texture":"#0","tintindex":0},"up":{"uv":[8.333333,6.75,8.166667,5.25],"rotation":0,"texture":"#0","tintindex":0},"down":{"uv":[8.5,5.25,8.333333,6.75],"rotation":0,"texture":"#0","tintindex":0}}},{"from":[4.7053027,6.417674,6.1512628],"to":[5.2755885,9.273674,9.5786915],"rotation":{"angle":-22.5,"axis":"z","origin":[6.857743,4.8355255,6.771594]},"faces":{"east":{"uv":[7.0,0.0,8.0,1.25],"rotation":0,"texture":"#0","tintindex":0},"south":{"uv":[6.0,6.25,6.1666665,7.5],"rotation":0,"texture":"#0","tintindex":0},"north":{"uv":[5.8333335,6.25,6.0,7.5],"rotation":0,"texture":"#0","tintindex":0},"west":{"uv":[5.3333335,2.75,6.3333335,4.0],"rotation":0,"texture":"#0","tintindex":0},"up":{"uv":[8.666667,6.75,8.5,5.25],"rotation":0,"texture":"#0","tintindex":0},"down":{"uv":[8.0,6.0,7.8333335,7.5],"rotation":0,"texture":"#0","tintindex":0}}},{"from":[5.2761602,6.417103,9.57812],"to":[5.8475885,9.274246,9.57812],"rotation":{"angle":-22.5,"axis":"z","origin":[6.857743,4.8355255,6.771594]},"faces":{"east":{"uv":[5.3333335,0.0,5.3333335,1.25],"rotation":0,"texture":"#0","tintindex":0},"south":{"uv":[9.5,5.0,9.666667,6.25],"rotation":0,"texture":"#0","tintindex":0},"north":{"uv":[8.666667,6.25,8.833333,7.5],"rotation":0,"texture":"#0","tintindex":0},"west":{"uv":[5.3333335,0.0,5.3333335,1.25],"rotation":0,"texture":"#0","tintindex":0},"up":{"uv":[5.5,0.0,5.3333335,0.0],"rotation":0,"texture":"#0","tintindex":0},"down":{"uv":[5.5,0.0,5.3333335,0.0],"rotation":0,"texture":"#0","tintindex":0}}},{"from":[10.153612,6.417103,9.57812],"to":[10.72504,9.274246,9.57812],"rotation":{"angle":22.5,"axis":"z","origin":[9.143457,4.8355255,6.771594]},"faces":{"east":{"uv":[5.3333335,0.0,5.3333335,1.25],"rotation":0,"texture":"#0","tintindex":0},"south":{"uv":[9.0,6.25,9.166667,7.5],"rotation":0,"texture":"#0","tintindex":0},"north":{"uv":[8.833333,6.25,9.0,7.5],"rotation":0,"texture":"#0","tintindex":0},"west":{"uv":[5.3333335,0.0,5.3333335,1.25],"rotation":0,"texture":"#0","tintindex":0},"up":{"uv":[5.5,0.0,5.3333335,0.0],"rotation":0,"texture":"#0","tintindex":0},"down":{"uv":[5.5,0.0,5.3333335,0.0],"rotation":0,"texture":"#0","tintindex":0}}},{"from":[6.507806,5.1006513,6.1506915],"to":[7.079234,6.529223,9.579263],"rotation":{"angle":-45.0,"axis":"z","origin":[9.517183,2.6627026,6.771594]},"faces":{"east":{"uv":[6.1666665,5.25,7.1666665,5.875],"rotation":0,"texture":"#0","tintindex":0},"south":{"uv":[9.5,6.25,9.666667,6.875],"rotation":0,"texture":"#0","tintindex":0},"north":{"uv":[9.166667,6.25,9.333333,6.875],"rotation":0,"texture":"#0","tintindex":0},"west":{"uv":[8.833333,2.5,9.833333,3.125],"rotation":0,"texture":"#0","tintindex":0},"up":{"uv":[8.166667,7.5,8.0,6.0],"rotation":0,"texture":"#0","tintindex":0},"down":{"uv":[9.5,4.5,9.333333,6.0],"rotation":0,"texture":"#0","tintindex":0}}},{"from":[8.921966,5.1006513,6.1506915],"to":[9.493395,6.529223,9.579263],"rotation":{"angle":45.0,"axis":"z","origin":[6.484017,2.6627026,6.771594]},"faces":{"east":{"uv":[7.1666665,5.25,8.166667,5.875],"rotation":0,"texture":"#0","tintindex":0},"south":{"uv":[9.666667,5.0,9.833333,5.625],"rotation":0,"texture":"#0","tintindex":0},"north":{"uv":[9.666667,0.0,9.833333,0.625],"rotation":0,"texture":"#0","tintindex":0},"west":{"uv":[9.0,1.0,10.0,1.625],"rotation":0,"texture":"#0","tintindex":0},"up":{"uv":[9.5,7.5,9.333333,6.0],"rotation":0,"texture":"#0","tintindex":0},"down":{"uv":[5.5,6.25,5.3333335,7.75],"rotation":0,"texture":"#0","tintindex":0}}},{"from":[6.715457,5.2293997,6.1512628],"to":[9.285743,6.6568284,8.721549],"rotation":{"angle":0.0,"axis":"y","origin":[13.714886,4.5145426,9.150692]},"faces":{"east":{"uv":[6.1666665,6.0,6.9166665,6.625],"rotation":0,"texture":"#0","tintindex":0},"south":{"uv":[7.0,6.0,7.75,6.625],"rotation":0,"texture":"#0","tintindex":0},"north":{"uv":[9.0,1.75,9.75,2.375],"rotation":0,"texture":"#0","tintindex":0},"west":{"uv":[9.333333,3.25,10.083333,3.875],"rotation":0,"texture":"#0","tintindex":0},"up":{"uv":[8.583333,5.125,7.8333335,4.0],"rotation":0,"texture":"#0","tintindex":0},"down":{"uv":[8.916667,1.25,8.166667,2.375],"rotation":0,"texture":"#0","tintindex":0}}}],"display":{"head":{"translation":[0.0,-6.4,0.0],"scale":[4.0,4.0,4.0]}}}