{"textures":{"0":"modelengine:entity/priest_d"},"elements":[{"from":[6.5714283,7.7961545,6.65104],"to":[9.428572,10.653297,9.508183],"rotation":{"angle":0.0,"axis":"y","origin":[8.285714,6.696703,7.29776]},"faces":{"east":{"uv":[7.1666665,2.75,8.0,4.0],"rotation":0,"texture":"#0","tintindex":0},"south":{"uv":[7.3333335,1.25,8.166667,2.5],"rotation":0,"texture":"#0","tintindex":0},"north":{"uv":[6.3333335,2.75,7.1666665,4.0],"rotation":0,"texture":"#0","tintindex":0},"west":{"uv":[5.3333335,4.0,6.1666665,5.25],"rotation":0,"texture":"#0","tintindex":0},"up":{"uv":[8.833333,1.25,8.0,0.0],"rotation":0,"texture":"#0","tintindex":0},"down":{"uv":[7.0,4.0,6.1666665,5.25],"rotation":0,"texture":"#0","tintindex":0}}}],"display":{"head":{"translation":[0.0,-6.4,0.0],"scale":[4.0,4.0,4.0]}}}