{"textures":{"0":"modelengine:entity/priest_d"},"elements":[{"from":[7.549583,4.840834,7.6663313],"to":[8.178782,5.7304,8.555897],"rotation":{"angle":-45.0,"axis":"x","origin":[8.021326,5.1744967,8.0]},"faces":{"east":{"uv":[10.666667,3.375,10.916667,3.75],"rotation":0,"texture":"#0","tintindex":0},"south":{"uv":[13.333333,3.0,13.166667,3.375],"rotation":0,"texture":"#0","tintindex":0},"north":{"uv":[13.333333,3.375,13.166667,3.75],"rotation":0,"texture":"#0","tintindex":0},"west":{"uv":[10.916667,3.375,10.666667,3.75],"rotation":0,"texture":"#0","tintindex":0},"up":{"uv":[13.416667,3.75,13.166667,4.0],"rotation":90,"texture":"#0","tintindex":0},"down":{"uv":[13.5,0.25,13.25,0.0],"rotation":270,"texture":"#0","tintindex":0}}},{"from":[7.234983,7.5198455,6.4279428],"to":[7.8648114,8.778246,7.6863427],"rotation":{"angle":45.0,"axis":"x","origin":[6.9213257,7.2061887,8.0]},"faces":{"east":{"uv":[12.75,1.125,12.416667,1.625],"rotation":0,"texture":"#0","tintindex":0},"south":{"uv":[11.833333,3.375,11.666667,3.875],"rotation":0,"texture":"#0","tintindex":0},"north":{"uv":[12.5,3.375,12.333333,3.875],"rotation":0,"texture":"#0","tintindex":0},"west":{"uv":[12.583333,0.625,12.25,1.125],"rotation":0,"texture":"#0","tintindex":0},"up":{"uv":[13.25,2.5,12.916667,2.75],"rotation":90,"texture":"#0","tintindex":0},"down":{"uv":[12.833333,3.625,12.5,3.375],"rotation":270,"texture":"#0","tintindex":0}}},{"from":[8.185383,8.22436,7.0562],"to":[9.7586975,8.854817,8.9438],"rotation":{"angle":0.0,"axis":"y","origin":[8.492754,8.539589,8.0]},"faces":{"east":{"uv":[13.25,0.25,12.75,0.5],"rotation":0,"texture":"#0","tintindex":0},"south":{"uv":[12.75,3.125,12.333333,3.375],"rotation":0,"texture":"#0","tintindex":0},"north":{"uv":[13.166667,3.125,12.75,3.375],"rotation":0,"texture":"#0","tintindex":0},"west":{"uv":[13.25,0.0,12.75,0.25],"rotation":0,"texture":"#0","tintindex":0},"up":{"uv":[12.416667,1.125,11.916667,1.75],"rotation":90,"texture":"#0","tintindex":0},"down":{"uv":[12.416667,2.375,11.916667,1.75],"rotation":270,"texture":"#0","tintindex":0}}},{"from":[8.185383,7.2815027,7.0562],"to":[9.7586975,7.91196,8.9438],"rotation":{"angle":0.0,"axis":"y","origin":[8.492754,8.539589,8.0]},"faces":{"east":{"uv":[13.25,0.25,12.75,0.5],"rotation":0,"texture":"#0","tintindex":0},"south":{"uv":[12.75,3.125,12.333333,3.375],"rotation":0,"texture":"#0","tintindex":0},"north":{"uv":[13.166667,3.125,12.75,3.375],"rotation":0,"texture":"#0","tintindex":0},"west":{"uv":[13.25,0.0,12.75,0.25],"rotation":0,"texture":"#0","tintindex":0},"up":{"uv":[12.416667,1.125,11.916667,1.75],"rotation":90,"texture":"#0","tintindex":0},"down":{"uv":[12.416667,2.375,11.916667,1.75],"rotation":270,"texture":"#0","tintindex":0}}},{"from":[7.234983,6.5769887,6.4279428],"to":[8.493382,7.206817,7.6863427],"rotation":{"angle":45.0,"axis":"x","origin":[6.9213257,7.2061887,8.0]},"faces":{"east":{"uv":[12.916667,2.75,13.25,3.0],"rotation":0,"texture":"#0","tintindex":0},"south":{"uv":[13.166667,3.375,12.833333,3.625],"rotation":0,"texture":"#0","tintindex":0},"north":{"uv":[12.833333,3.625,12.5,3.875],"rotation":0,"texture":"#0","tintindex":0},"west":{"uv":[13.25,2.75,12.916667,3.0],"rotation":0,"texture":"#0","tintindex":0},"up":{"uv":[12.75,1.625,12.416667,2.125],"rotation":90,"texture":"#0","tintindex":0},"down":{"uv":[12.75,2.625,12.416667,2.125],"rotation":270,"texture":"#0","tintindex":0}}},{"from":[7.234983,6.5769887,8.313657],"to":[8.493382,7.206817,9.572057],"rotation":{"angle":-45.0,"axis":"x","origin":[6.9213257,7.2061887,8.0]},"faces":{"east":{"uv":[13.25,2.75,12.916667,3.0],"rotation":0,"texture":"#0","tintindex":0},"south":{"uv":[12.5,3.625,12.833333,3.875],"rotation":0,"texture":"#0","tintindex":0},"north":{"uv":[12.833333,3.375,13.166667,3.625],"rotation":0,"texture":"#0","tintindex":0},"west":{"uv":[12.916667,2.75,13.25,3.0],"rotation":0,"texture":"#0","tintindex":0},"up":{"uv":[12.416667,1.625,12.75,2.125],"rotation":90,"texture":"#0","tintindex":0},"down":{"uv":[12.416667,2.625,12.75,2.125],"rotation":270,"texture":"#0","tintindex":0}}},{"from":[7.549583,6.891588,6.113971],"to":[8.178782,9.092217,8.3146],"rotation":{"angle":45.0,"axis":"x","origin":[6.9213257,7.2061887,8.0]},"faces":{"east":{"uv":[10.666667,0.0,11.25,0.875],"rotation":0,"texture":"#0","tintindex":0},"south":{"uv":[13.166667,0.875,12.583333,1.125],"rotation":90,"texture":"#0","tintindex":0},"north":{"uv":[12.0,3.0,11.833333,3.875],"rotation":0,"texture":"#0","tintindex":0},"west":{"uv":[11.25,0.0,10.666667,0.875],"rotation":0,"texture":"#0","tintindex":0},"up":{"uv":[12.0,3.875,11.833333,3.0],"rotation":180,"texture":"#0","tintindex":0},"down":{"uv":[13.166667,1.125,12.583333,0.875],"rotation":270,"texture":"#0","tintindex":0}}},{"from":[7.550411,5.3321543,7.371943],"to":[8.177955,8.159698,8.6280575],"rotation":{"angle":0.0,"axis":"y","origin":[7.864183,8.317354,7.8428574]},"faces":{"east":{"uv":[10.666667,1.75,11.0,2.875],"rotation":0,"texture":"#0","tintindex":0},"south":{"uv":[11.5,2.5,11.333333,3.625],"rotation":0,"texture":"#0","tintindex":0},"north":{"uv":[11.666667,2.5,11.5,3.625],"rotation":0,"texture":"#0","tintindex":0},"west":{"uv":[11.0,1.75,10.666667,2.875],"rotation":0,"texture":"#0","tintindex":0},"up":{"uv":[12.333333,3.75,12.0,4.0],"rotation":90,"texture":"#0","tintindex":0},"down":{"uv":[13.5,2.375,13.166667,2.125],"rotation":270,"texture":"#0","tintindex":0}}},{"from":[7.7075543,1.5607257,6.5862284],"to":[8.020811,7.8454113,7.2137713],"rotation":{"angle":0.0,"axis":"y","origin":[7.864183,8.317354,8.157143]},"faces":{"east":{"uv":[11.583333,0.0,11.75,2.5],"rotation":0,"texture":"#0","tintindex":0},"south":{"uv":[11.25,1.75,11.166667,4.25],"rotation":0,"texture":"#0","tintindex":0},"north":{"uv":[11.333333,2.5,11.25,5.0],"rotation":0,"texture":"#0","tintindex":0},"west":{"uv":[11.75,0.0,11.583333,2.5],"rotation":0,"texture":"#0","tintindex":0},"up":{"uv":[13.416667,0.375,13.25,0.5],"rotation":90,"texture":"#0","tintindex":0},"down":{"uv":[13.416667,1.5,13.25,1.375],"rotation":270,"texture":"#0","tintindex":0}}},{"from":[7.7067256,5.6344457,5.8469887],"to":[8.02164,7.5207887,6.4761887],"rotation":{"angle":-45.0,"axis":"x","origin":[7.392754,7.2061887,4.8887315]},"faces":{"east":{"uv":[12.0,3.0,12.166667,3.75],"rotation":0,"texture":"#0","tintindex":0},"south":{"uv":[11.583333,3.875,11.5,4.625],"rotation":0,"texture":"#0","tintindex":0},"north":{"uv":[11.666667,3.875,11.583333,4.625],"rotation":0,"texture":"#0","tintindex":0},"west":{"uv":[12.166667,3.0,12.0,3.75],"rotation":0,"texture":"#0","tintindex":0},"up":{"uv":[13.416667,1.5,13.25,1.625],"rotation":90,"texture":"#0","tintindex":0},"down":{"uv":[12.666667,4.0,12.5,3.875],"rotation":270,"texture":"#0","tintindex":0}}},{"from":[7.706097,1.1148052,7.159417],"to":[8.022268,2.0595489,7.789874],"rotation":{"angle":-45.0,"axis":"x","origin":[7.864183,1.1157484,7.4746456]},"faces":{"east":{"uv":[11.833333,3.875,12.0,4.25],"rotation":0,"texture":"#0","tintindex":0},"south":{"uv":[12.416667,3.875,12.333333,4.25],"rotation":0,"texture":"#0","tintindex":0},"north":{"uv":[12.5,3.875,12.416667,4.25],"rotation":0,"texture":"#0","tintindex":0},"west":{"uv":[12.0,3.875,11.833333,4.25],"rotation":0,"texture":"#0","tintindex":0},"up":{"uv":[12.833333,3.875,12.666667,4.0],"rotation":90,"texture":"#0","tintindex":0},"down":{"uv":[13.0,4.0,12.833333,3.875],"rotation":270,"texture":"#0","tintindex":0}}},{"from":[7.7067256,5.6344457,9.523811],"to":[8.02164,7.5207887,10.153011],"rotation":{"angle":45.0,"axis":"x","origin":[7.392754,7.2061887,11.111269]},"faces":{"east":{"uv":[12.166667,3.0,12.0,3.75],"rotation":0,"texture":"#0","tintindex":0},"south":{"uv":[11.583333,3.875,11.666667,4.625],"rotation":0,"texture":"#0","tintindex":0},"north":{"uv":[11.5,3.875,11.583333,4.625],"rotation":0,"texture":"#0","tintindex":0},"west":{"uv":[12.0,3.0,12.166667,3.75],"rotation":0,"texture":"#0","tintindex":0},"up":{"uv":[13.25,1.5,13.416667,1.625],"rotation":90,"texture":"#0",