{"textures":{"0":"modelengine:entity/priest_d"},"elements":[{"from":[7.0,4.0108743,7.7689543],"to":[8.714286,8.010875,9.48324],"rotation":{"angle":0.0,"axis":"y","origin":[6.857143,12.010875,8.197526]},"faces":{"east":{"uv":[0.5,1.75,1.0,0.0],"rotation":0,"texture":"#0","tintindex":0},"south":{"uv":[0.5,1.75,0.0,0.0],"rotation":0,"texture":"#0","tintindex":0},"north":{"uv":[0.0,1.75,0.5,0.0],"rotation":0,"texture":"#0","tintindex":0},"west":{"uv":[0.0,3.5,0.5,1.75],"rotation":0,"texture":"#0","tintindex":0},"up":{"uv":[3.3333333,0.0,2.8333333,0.75],"rotation":0,"texture":"#0","tintindex":0},"down":{"uv":[0.5,4.25,0.0,5.0],"rotation":0,"texture":"#0","tintindex":0}}},{"from":[6.428571,5.4394455,7.1975255],"to":[9.285714,6.0108743,10.054668],"rotation":{"angle":0.0,"axis":"y","origin":[6.857143,12.010875,8.197526]},"faces":{"east":{"uv":[3.6666667,10.0,4.5,10.25],"rotation":0,"texture":"#0","tintindex":0},"south":{"uv":[3.6666667,10.0,4.5,10.25],"rotation":0,"texture":"#0","tintindex":0},"north":{"uv":[3.6666667,10.0,4.5,10.25],"rotation":0,"texture":"#0","tintindex":0},"west":{"uv":[3.6666667,10.0,4.5,10.25],"rotation":0,"texture":"#0","tintindex":0},"up":{"uv":[1.5,11.25,0.6666667,10.0],"rotation":0,"texture":"#0","tintindex":0},"down":{"uv":[1.5,11.25,0.6666667,10.0],"rotation":0,"texture":"#0","tintindex":0}}},{"from":[7.9994287,3.4388742,6.6255255],"to":[9.143429,4.5828743,8.912383],"rotation":{"angle":-22.5,"axis":"x","origin":[7.857143,3.7251596,8.054668]},"faces":{"east":{"uv":[3.5,9.5,3.8333333,8.5],"rotation":90,"texture":"#0","tintindex":0},"south":{"uv":[2.3333333,13.5,2.6666667,14.0],"rotation":0,"texture":"#0","tintindex":0},"north":{"uv":[2.3333333,10.75,2.6666667,11.25],"rotation":0,"texture":"#0","tintindex":0},"west":{"uv":[3.8333333,8.5,3.5,9.5],"rotation":90,"texture":"#0","tintindex":0},"up":{"uv":[3.8333333,9.5,3.5,8.5],"rotation":0,"texture":"#0","tintindex":0},"down":{"uv":[3.5,8.5,3.8333333,9.5],"rotation":0,"texture":"#0","tintindex":0}}},{"from":[6.5714283,3.7022114,8.518555],"to":[9.142858,4.8450685,9.947125],"rotation":{"angle":0.0,"axis":"y","origin":[8.571428,4.2736397,5.6614113]},"faces":{"east":{"uv":[4.25,9.0,3.8333333,9.5],"rotation":0,"texture":"#0","tintindex":0},"south":{"uv":[1.8333334,13.0,2.5833333,13.5],"rotation":0,"texture":"#0","tintindex":0},"north":{"uv":[1.0,13.0,1.75,13.5],"rotation":0,"texture":"#0","tintindex":0},"west":{"uv":[3.8333333,9.0,4.25,9.5],"rotation":0,"texture":"#0","tintindex":0},"up":{"uv":[3.9166667,12.125,3.1666667,11.5],"rotation":0,"texture":"#0","tintindex":0},"down":{"uv":[3.9166667,12.25,3.1666667,12.875],"rotation":0,"texture":"#0","tintindex":0}}},{"from":[6.570857,3.4388742,6.6255255],"to":[7.714857,4.5828743,8.912383],"rotation":{"angle":-22.5,"axis":"x","origin":[7.857143,3.7251596,8.054668]},"faces":{"east":{"uv":[3.5,9.5,3.8333333,8.5],"rotation":90,"texture":"#0","tintindex":0},"south":{"uv":[2.3333333,13.5,2.6666667,14.0],"rotation":0,"texture":"#0","tintindex":0},"north":{"uv":[2.3333333,10.75,2.6666667,11.25],"rotation":0,"texture":"#0","tintindex":0},"west":{"uv":[3.8333333,8.5,3.5,9.5],"rotation":90,"texture":"#0","tintindex":0},"up":{"uv":[3.8333333,9.5,3.5,8.5],"rotation":0,"texture":"#0","tintindex":0},"down":{"uv":[3.5,8.5,3.8333333,9.5],"rotation":0,"texture":"#0","tintindex":0}}}],"display":{"head":{"translation":[0.0,-6.4,0.0],"scale":[4.0,4.0,4.0]}}}