{"textures":{"0":"modelengine:entity/priest_d"},"elements":[{"from":[6.3214283,7.142857,6.857143],"to":[8.035714,8.857143,9.142858],"rotation":{"angle":0.0,"axis":"y","origin":[11.835714,8.0,3.5571427]},"faces":{"east":{"uv":[1.8333334,2.0,2.5,2.75],"rotation":0,"texture":"#0","tintindex":0},"south":{"uv":[3.0,3.75,2.5,4.5],"rotation":0,"texture":"#0","tintindex":0},"north":{"uv":[2.5,3.75,3.0,4.5],"rotation":0,"texture":"#0","tintindex":0},"west":{"uv":[1.8333334,2.75,2.5,3.5],"rotation":0,"texture":"#0","tintindex":0},"up":{"uv":[2.8333333,0.75,2.1666667,0.0],"rotation":90,"texture":"#0","tintindex":0},"down":{"uv":[2.5,3.5,1.8333334,4.25],"rotation":270,"texture":"#0","tintindex":0}}},{"from":[8.035714,7.428571,7.0],"to":[8.464286,8.571428,9.0],"rotation":{"angle":0.0,"axis":"y","origin":[11.835714,8.0,3.5571427]},"faces":{"east":{"uv":[3.0,2.25,3.5833333,2.75],"rotation":0,"texture":"#0","tintindex":0},"south":{"uv":[1.8333334,1.0,1.6666666,1.5],"rotation":0,"texture":"#0","tintindex":0},"north":{"uv":[1.6666666,1.0,1.8333334,1.5],"rotation":0,"texture":"#0","tintindex":0},"west":{"uv":[3.0,2.75,3.5833333,3.25],"rotation":0,"texture":"#0","tintindex":0},"up":{"uv":[3.5833333,3.5,3.0,3.25],"rotation":90,"texture":"#0","tintindex":0},"down":{"uv":[3.5833333,3.5,3.0,3.75],"rotation":270,"texture":"#0","tintindex":0}}}],"display":{"head":{"translation":[0.0,-6.4,0.0],"scale":[4.0,4.0,4.0]}}}