{"textures":{"0":"modelengine:entity/toro_deep_creature"},"elements":[{"from":[13.714286,2.8571424,10.285714],"to":[17.285715,9.714286,15.428572],"rotation":{"angle":-22.5,"axis":"z","origin":[15.0,6.285714,12.857143]},"faces":{"east":{"uv":[0.25,7.6875,0.53125,8.0625],"rotation":0,"texture":"#0","tintindex":0},"south":{"uv":[5.59375,8.0,5.78125,8.375],"rotation":0,"texture":"#0","tintindex":0},"north":{"uv":[1.65625,6.53125,1.84375,6.90625],"rotation":0,"texture":"#0","tintindex":0},"west":{"uv":[7.6875,2.46875,7.96875,2.84375],"rotation":0,"texture":"#0","tintindex":0},"up":{"uv":[8.5,5.9375,8.3125,5.65625],"rotation":0,"texture":"#0","tintindex":0},"down":{"uv":[8.5,7.4375,8.3125,7.71875],"rotation":0,"texture":"#0","tintindex":0}}},{"from":[14.0,7.857143,11.428572],"to":[15.714286,11.285714,13.142858],"rotation":{"angle":-22.5,"axis":"z","origin":[15.0,6.285714,12.857143]},"faces":{"east":{"uv":[1.375,6.34375,1.46875,6.53125],"rotation":0,"texture":"#0","tintindex":0},"south":{"uv":[7.15625,3.90625,7.25,4.09375],"rotation":0,"texture":"#0","tintindex":0},"north":{"uv":[4.34375,3.59375,4.4375,3.78125],"rotation":0,"texture":"#0","tintindex":0},"west":{"uv":[2.0,7.28125,2.09375,7.46875],"rotation":0,"texture":"#0","tintindex":0},"up":{"uv":[5.5625,5.8125,5.46875,5.71875],"rotation":0,"texture":"#0","tintindex":0},"down":{"uv":[3.125,6.90625,3.03125,7.0],"rotation":0,"texture":"#0","tintindex":0}}},{"from":[16.57143,10.857143,11.571428],"to":[18.285715,13.714286,13.285715],"rotation":{"angle":-45.0,"axis":"z","origin":[16.428572,11.857143,12.285715]},"faces":{"east":{"uv":[6.8125,8.21875,6.90625,8.375],"rotation":0,"texture":"#0","tintindex":0},"south":{"uv":[8.875,2.75,8.96875,2.90625],"rotation":0,"texture":"#0","tintindex":0},"north":{"uv":[7.25,4.53125,7.34375,4.6875],"rotation":0,"texture":"#0","tintindex":0},"west":{"uv":[8.875,5.625,8.96875,5.78125],"rotation":0,"texture":"#0","tintindex":0},"up":{"uv":[7.03125,3.75,6.9375,3.65625],"rotation":0,"texture":"#0","tintindex":0},"down":{"uv":[7.09375,6.09375,7.0,6.1875],"rotation":0,"texture":"#0","tintindex":0}}},{"from":[12.571428,10.285714,11.285714],"to":[14.285715,14.857143,12.857143],"rotation":{"angle":22.5,"axis":"z","origin":[15.0,6.285714,12.857143]},"faces":{"east":{"uv":[3.625,8.75,3.71875,9.0],"rotation":0,"texture":"#0","tintindex":0},"south":{"uv":[5.59375,8.78125,5.6875,9.03125],"rotation":0,"texture":"#0","tintindex":0},"north":{"uv":[6.65625,4.09375,6.75,4.34375],"rotation":0,"texture":"#0","tintindex":0},"west":{"uv":[8.375,8.78125,8.46875,9.03125],"rotation":0,"texture":"#0","tintindex":0},"up":{"uv":[7.125,3.75,7.03125,3.65625],"rotation":0,"texture":"#0","tintindex":0},"down":{"uv":[7.1875,6.09375,7.09375,6.1875],"rotation":0,"texture":"#0","tintindex":0}}},{"from":[8.392559,8.374676,11.285714],"to":[10.106845,11.803247,12.857143],"rotation":{"angle":45.0,"axis":"z","origin":[9.249702,10.088962,12.071428]},"faces":{"east":{"uv":[8.875,1.0,8.96875,1.1875],"rotation":0,"texture":"#0","tintindex":0},"south":{"uv":[8.875,1.5,8.96875,1.6875],"rotation":0,"texture":"#0","tintindex":0},"north":{"uv":[1.90625,7.8125,2.0,8.0],"rotation":0,"texture":"#0","tintindex":0},"west":{"uv":[1.53125,8.875,1.625,9.0625],"rotation":0,"texture":"#0","tintindex":0},"up":{"uv":[7.28125,6.1875,7.1875,6.09375],"rotation":0,"texture":"#0","tintindex":0},"down":{"uv":[7.46875,2.09375,7.375,2.1875],"rotation":0,"texture":"#0","tintindex":0}}},{"from":[5.428571,7.714286,9.571428],"to":[12.285715,12.857143,14.285715],"rotation":{"angle":22.5,"axis":"z","origin":[15.285715,17.714287,22.857143]},"faces":{"east":{"uv":[6.4375,2.9375,6.6875,3.21875],"rotation":0,"texture":"#0","tintindex":0},"south":{"uv":[7.6875,4.5,8.0625,4.78125],"rotation":0,"texture":"#0","tintindex":0},"north":{"uv":[7.65625,1.0625,8.03125,1.34375],"rotation":0,"texture":"#0","tintindex":0},"west":{"uv":[3.25,8.03125,3.5,8.3125],"rotation":0,"texture":"#0","tintindex":0},"up":{"uv":[2.21875,5.5625,1.84375,5.3125],"rotation":0,"texture":"#0","tintindex":0},"down":{"uv":[8.15625,1.96875,7.78125,2.21875],"rotation":0,"texture":"#0","tintindex":0}}},{"from":[7.714286,1.4285712,11.428572],"to":[11.714286,8.285714,14.714286],"rotation":{"angle":22.5,"axis":"z","origin":[13.428572,13.428572,22.857143]},"faces":{"east":{"uv":[4.25,5.46875,4.40625,5.84375],"rotation":0,"texture":"#0","tintindex":0},"south":{"uv":[2.65625,7.90625,2.875,8.28125],"rotation":0,"texture":"#0","tintindex":0},"north":{"uv":[7.34375,7.875,7.5625,8.25],"rotation":0,"texture":"#0","tintindex":0},"west":{"uv":[2.34375,6.0,2.5,6.375],"rotation":0,"texture":"#0","tintindex":0},"up":{"uv":[6.71875,1.71875,6.5,1.5625],"rotation":0,"texture":"#0","tintindex":0},"down":{"uv":[7.6875,5.9375,7.46875,6.09375],"rotation":0,"texture":"#0","tintindex":0}}}],"display":{"head":{"translation":[0.0,-6.4,0.0],"scale":[4.0,4.0,4.0]}}}