{"textures":{"0":"modelengine:entity/uking"},"elements":[{"from":[8.0,6.857143,6.857143],"to":[10.285714,8.0,9.714286],"rotation":{"angle":0.0,"axis":"y","origin":[-7.4285717,8.0,26.285715]},"faces":{"east":{"uv":[6.5,14.0,7.0,12.75],"rotation":270,"texture":"#0","tintindex":0},"south":{"uv":[13.5,9.75,12.5,10.25],"rotation":0,"texture":"#0","tintindex":0},"north":{"uv":[13.5,10.25,12.5,9.75],"rotation":180,"texture":"#0","tintindex":0},"west":{"uv":[11.0,11.0,11.5,9.75],"rotation":90,"texture":"#0","tintindex":0},"up":{"uv":[12.5,9.75,11.5,11.0],"rotation":0,"texture":"#0","tintindex":0},"down":{"uv":[13.5,10.25,12.5,11.5],"rotation":180,"texture":"#0","tintindex":0}}},{"from":[11.585586,7.1851573,9.142858],"to":[13.299871,7.7565856,9.714286],"rotation":{"angle":-22.5,"axis":"z","origin":[12.442728,7.4708714,9.857143]},"faces":{"east":{"uv":[6.75,12.25,7.0,12.0],"rotation":270,"texture":"#0","tintindex":0},"south":{"uv":[7.25,10.0,6.5,10.25],"rotation":0,"texture":"#0","tintindex":0},"north":{"uv":[7.25,10.0,6.5,10.25],"rotation":180,"texture":"#0","tintindex":0},"west":{"uv":[6.75,12.5,7.0,12.25],"rotation":90,"texture":"#0","tintindex":0},"up":{"uv":[7.25,10.0,6.5,10.25],"rotation":0,"texture":"#0","tintindex":0},"down":{"uv":[7.25,10.0,6.5,10.25],"rotation":180,"texture":"#0","tintindex":0}}},{"from":[10.285714,6.857143,9.142858],"to":[12.0,7.428571,9.714286],"rotation":{"angle":22.5,"axis":"z","origin":[10.285714,7.142857,9.428572]},"faces":{"east":{"uv":[6.75,12.5,7.0,12.25],"rotation":270,"texture":"#0","tintindex":0},"south":{"uv":[6.5,10.0,5.75,10.25],"rotation":0,"texture":"#0","tintindex":0},"north":{"uv":[6.5,10.0,5.75,10.25],"rotation":180,"texture":"#0","tintindex":0},"west":{"uv":[6.75,12.5,7.0,12.25],"rotation":90,"texture":"#0","tintindex":0},"up":{"uv":[6.5,10.0,5.75,10.25],"rotation":0,"texture":"#0","tintindex":0},"down":{"uv":[6.5,10.0,5.75,10.25],"rotation":180,"texture":"#0","tintindex":0}}},{"from":[10.285714,6.857143,6.857143],"to":[12.0,7.428571,7.428571],"rotation":{"angle":22.5,"axis":"z","origin":[10.285714,7.142857,7.142857]},"faces":{"east":{"uv":[6.75,12.5,7.0,12.25],"rotation":270,"texture":"#0","tintindex":0},"south":{"uv":[6.5,10.0,5.75,10.25],"rotation":0,"texture":"#0","tintindex":0},"north":{"uv":[6.5,10.0,5.75,10.25],"rotation":180,"texture":"#0","tintindex":0},"west":{"uv":[6.75,12.5,7.0,12.25],"rotation":90,"texture":"#0","tintindex":0},"up":{"uv":[6.5,10.0,5.75,10.25],"rotation":0,"texture":"#0","tintindex":0},"down":{"uv":[6.5,10.0,5.75,10.25],"rotation":180,"texture":"#0","tintindex":0}}},{"from":[11.585586,7.1851573,6.857143],"to":[13.299871,7.7565856,7.428571],"rotation":{"angle":-22.5,"axis":"z","origin":[12.442728,7.4708714,7.5714283]},"faces":{"east":{"uv":[6.75,12.25,7.0,12.0],"rotation":270,"texture":"#0","tintindex":0},"south":{"uv":[7.25,10.0,6.5,10.25],"rotation":0,"texture":"#0","tintindex":0},"north":{"uv":[7.25,10.0,6.5,10.25],"rotation":180,"texture":"#0","tintindex":0},"west":{"uv":[6.75,12.5,7.0,12.25],"rotation":90,"texture":"#0","tintindex":0},"up":{"uv":[7.25,10.0,6.5,10.25],"rotation":0,"texture":"#0","tintindex":0},"down":{"uv":[7.25,10.0,6.5,10.25],"rotation":180,"texture":"#0","tintindex":0}}},{"from":[10.285714,6.857143,8.0],"to":[12.0,7.428571,8.571428],"rotation":{"angle":22.5,"axis":"z","origin":[10.285714,7.142857,8.285714]},"faces":{"east":{"uv":[6.75,12.5,7.0,12.25],"rotation":270,"texture":"#0","tintindex":0},"south":{"uv":[6.5,10.0,5.75,10.25],"rotation":0,"texture":"#0","tintindex":0},"north":{"uv":[6.5,10.0,5.75,10.25],"rotation":180,"texture":"#0","tintindex":0},"west":{"uv":[6.75,12.5,7.0,12.25],"rotation":90,"texture":"#0","tintindex":0},"up":{"uv":[6.5,10.0,5.75,10.25],"rotation":0,"texture":"#0","tintindex":0},"down":{"uv":[6.5,10.0,5.75,10.25],"rotation":180,"texture":"#0","tintindex":0}}},{"from":[11.585586,7.1851573,8.0],"to":[13.299871,7.7565856,8.571428],"rotation":{"angle":-22.5,"axis":"z","origin":[12.442728,7.4708714,8.714286]},"faces":{"east":{"uv":[6.75,12.25,7.0,12.0],"rotation":270,"texture":"#0","tintindex":0},"south":{"uv":[7.25,10.0,6.5,10.25],"rotation":0,"texture":"#0","tintindex":0},"north":{"uv":[7.25,10.0,6.5,10.25],"rotation":180,"texture":"#0","tintindex":0},"west":{"uv":[6.75,12.5,7.0,12.25],"rotation":90,"texture":"#0","tintindex":0},"up":{"uv":[7.25,10.0,6.5,10.25],"rotation":0,"texture":"#0","tintindex":0},"down":{"uv":[7.25,10.0,6.5,10.25],"rotation":180,"texture":"#0","tintindex":0}}},{"from":[9.714286,6.285714,6.285714],"to":[10.857143,6.857143,6.857143],"rotation":{"angle":22.5,"axis":"y","origin":[9.714286,6.5714283,6.5714283]},"faces":{"east":{"uv":[6.75,12.5,7.0,12.25],"rotation":270,"texture":"#0","tintindex":0},"south":{"uv":[8.25,10.25,7.75,10.5],"rotation":0,"texture":"#0","tintindex":0},"north":{"uv":[8.25,10.25,7.75,10.5],"rotation":180,"texture":"#0","tintindex":0},"west":{"uv":[6.75,12.5,7.0,12.25],"rotation":90,"texture":"#0","tintindex":0},"up":{"uv":[8.25,10.25,7.75,10.5],"rotation":0,"texture":"#0","tintindex":0},"down":{"uv":[7.75,10.25,8.25,10.5],"rotation":180,"texture":"#0","tintindex":0}}},{"from":[10.627327,6.197779,5.8215065],"to":[11.770184,6.7692075,6.3929353],"rotation":{"angle":0.0,"axis":"y","origin":[10.055898,6.197779,6.3929353]},"faces":{"east":{"uv":[6.75,12.25,7.0,12.0],"rotation":270,"texture":"#0","tintindex":0},"south":{"uv":[7.75,10.0,7.25,10.25],"rotation":0,"texture":"#0","tintindex":0},"north":{"uv":[7.75,10.0,7.25,10.25],"rotation":180,"texture":"#0","tintindex":0},"west":{"uv":[6.75,12.5,7.0,12.25],"rotation":90,"texture":"#0","tintindex":0},"up":{"uv":[7.75,10.0,7.25,10.25],"rotation":0,"texture":"#0","tintindex":0},"down":{"uv":[7.25,10.0,7.75,10.25],"rotation":180,"texture":"#0","tintindex":0}}},{"from":[8.571428,6.285714,6.285714],"to":[9.714286,7.428571,8.0],"rotation":{"angle":0.0,"axis":"y","origin":[-7.4285717,8.0,26.285715]},"faces":{"east":{"uv":[6.75,11.0,7.25,10.25],"rotation":270,"texture":"#0","tintindex":0},"south":{"uv":[6.75,10.25,6.25,10.75],"rotation":0,"texture":"#0","tintindex":0},"north":{"uv":[6.25,10.25,5.75,10.75],"rotation":180,"texture":"#0","tintindex":0},"west":{"uv":[7.25,11.0,7.75,10.25],"rotation":90,"texture":"#0","tintindex":0},"up":{"uv":[5.75,10.0,5.25,10.75],"rotation":0,"texture":"#0","tintindex":0},"down":{"uv":[5.25,10.0,4.75,10.75],"rotation":180,"texture":"#0","tintindex":0}}}],"display":{"head":{"translation":[0.0,-6.4,0.0],"scale":[4.0,4.0,4.0]}}}