{"textures":{"0":"modelengine:entity/deer_spirit"},"elements":[{"from":[3.264285,3.5857143,-6.9142866],"to":[12.735715,14.951429,6.68],"rotation":{"angle":0.0,"axis":"y","origin":[8.055715,9.714286,-9.1428585]},"faces":{"east":{"uv":[1.8125,0.0,3.3125,1.25],"rotation":0,"texture":"#0","tintindex":0},"south":{"uv":[4.3125,0.0,5.375,1.25],"rotation":0,"texture":"#0","tintindex":0},"north":{"uv":[2.6875,4.0,3.75,5.25],"rotation":0,"texture":"#0","tintindex":0},"west":{"uv":[1.8125,1.25,3.3125,2.5],"rotation":0,"texture":"#0","tintindex":0},"up":{"uv":[2.875,4.0,1.8125,2.5],"rotation":0,"texture":"#0","tintindex":0},"down":{"uv":[3.9375,2.5,2.875,4.0],"rotation":0,"texture":"#0","tintindex":0}}},{"from":[4.692857,1.4428568,-2.771429],"to":[11.307143,16.294287,13.537143],"rotation":{"angle":0.0,"axis":"y","origin":[8.198571,9.714286,-9.1428585]},"faces":{"east":{"uv":[0.0,0.0,1.8125,1.625],"rotation":0,"texture":"#0","tintindex":0},"south":{"uv":[4.6875,1.25,5.4375,2.875],"rotation":0,"texture":"#0","tintindex":0},"north":{"uv":[0.0,4.6875,0.75,6.3125],"rotation":0,"texture":"#0","tintindex":0},"west":{"uv":[0.0,1.625,1.8125,3.25],"rotation":0,"texture":"#0","tintindex":0},"up":{"uv":[1.75,5.0625,1.0,3.25],"rotation":0,"texture":"#0","tintindex":0},"down":{"uv":[4.6875,1.4375,3.9375,3.25],"rotation":0,"texture":"#0","tintindex":0}}},{"from":[4.155714,3.4742856,-9.031429],"to":[11.844286,12.2771435,0.10571432],"rotation":{"angle":22.5,"axis":"x","origin":[8.055715,9.714286,-9.1428585]},"faces":{"east":{"uv":[5.4375,1.5625,6.4375,2.5],"rotation":0,"texture":"#0","tintindex":0},"south":{"uv":[1.0,7.0,1.8125,7.9375],"rotation":0,"texture":"#0","tintindex":0},"north":{"uv":[6.9375,0.0,7.75,0.9375],"rotation":0,"texture":"#0","tintindex":0},"west":{"uv":[5.5625,2.5,6.5625,3.4375],"rotation":0,"texture":"#0","tintindex":0},"up":{"uv":[7.375,4.375,6.5625,3.375],"rotation":0,"texture":"#0","tintindex":0},"down":{"uv":[7.625,4.375,6.8125,5.375],"rotation":0,"texture":"#0","tintindex":0}}}],"display":{"head":{"translation":[0.0,-6.4,0.0],"scale":[4.0,4.0,4.0]}}}