{"textures":{"0":"modelengine:entity/deer_spirit"},"elements":[{"from":[3.4285712,1.7142854,8.0],"to":[12.571428,14.857143,16.57143],"rotation":{"angle":0.0,"axis":"y","origin":[8.571428,-17.714287,8.0]},"faces":{"east":{"uv":[3.9375,3.25,4.875,4.6875],"rotation":0,"texture":"#0","tintindex":0},"south":{"uv":[3.3125,0.0,4.3125,1.4375],"rotation":0,"texture":"#0","tintindex":0},"north":{"uv":[0.0,3.25,1.0,4.6875],"rotation":0,"texture":"#0","tintindex":0},"west":{"uv":[1.75,4.0,2.6875,5.4375],"rotation":0,"texture":"#0","tintindex":0},"up":{"uv":[6.5625,4.375,5.5625,3.4375],"rotation":0,"texture":"#0","tintindex":0},"down":{"uv":[6.75,4.375,5.75,5.3125],"rotation":0,"texture":"#0","tintindex":0}}},{"from":[3.4285712,2.2857141,16.57143],"to":[12.571428,13.142858,22.285715],"rotation":{"angle":0.0,"axis":"y","origin":[8.571428,-17.714287,8.0]},"faces":{"east":{"uv":[1.8125,7.0,2.4375,8.1875],"rotation":0,"texture":"#0","tintindex":0},"south":{"uv":[4.75,4.6875,5.75,5.875],"rotation":0,"texture":"#0","tintindex":0},"north":{"uv":[3.75,4.6875,4.75,5.875],"rotation":0,"texture":"#0","tintindex":0},"west":{"uv":[6.0,7.0,6.625,8.1875],"rotation":0,"texture":"#0","tintindex":0},"up":{"uv":[9.0625,3.125,8.0625,2.5],"rotation":0,"texture":"#0","tintindex":0},"down":{"uv":[9.0625,3.125,8.0625,3.75],"rotation":0,"texture":"#0","tintindex":0}}}],"display":{"head":{"translation":[0.0,-6.4,0.0],"scale":[4.0,4.0,4.0]}}}