{"textures":{"0":"modelengine:entity/deer_spirit"},"elements":[{"from":[7.142857,5.142857,6.857143],"to":[9.714286,9.714286,10.428572],"rotation":{"angle":0.0,"axis":"y","origin":[8.0,19.428572,10.857143]},"faces":{"east":{"uv":[10.3125,5.625,10.6875,6.125],"rotation":0,"texture":"#0","tintindex":0},"south":{"uv":[10.8125,4.125,11.125,4.625],"rotation":0,"texture":"#0","tintindex":0},"north":{"uv":[10.8125,2.8125,11.125,3.3125],"rotation":0,"texture":"#0","tintindex":0},"west":{"uv":[0.4375,10.375,0.8125,10.875],"rotation":0,"texture":"#0","tintindex":0},"up":{"uv":[1.75,5.4375,1.4375,5.0625],"rotation":0,"texture":"#0","tintindex":0},"down":{"uv":[10.75,11.0,10.4375,11.375],"rotation":0,"texture":"#0","tintindex":0}}},{"from":[6.857143,0.7142854,8.285714],"to":[10.0,8.571428,12.285715],"rotation":{"angle":0.0,"axis":"y","origin":[8.0,19.428572,10.857143]},"faces":{"east":{"uv":[1.0,9.1875,1.4375,10.0625],"rotation":0,"texture":"#0","tintindex":0},"south":{"uv":[4.5625,9.375,4.9375,10.25],"rotation":0,"texture":"#0","tintindex":0},"north":{"uv":[4.1875,9.375,4.5625,10.25],"rotation":0,"texture":"#0","tintindex":0},"west":{"uv":[9.1875,4.25,9.625,5.125],"rotation":0,"texture":"#0","tintindex":0},"up":{"uv":[2.125,11.0625,1.75,10.625],"rotation":0,"texture":"#0","tintindex":0},"down":{"uv":[1.1875,10.6875,0.8125,11.125],"rotation":0,"texture":"#0","tintindex":0}}},{"from":[7.285714,-5.000001,8.285714],"to":[9.857143,0.7142854,10.714286],"rotation":{"angle":0.0,"axis":"y","origin":[8.0,19.428572,10.857143]},"faces":{"east":{"uv":[4.75,10.8125,5.0,11.4375],"rotation":0,"texture":"#0","tintindex":0},"south":{"uv":[9.75,10.125,10.0625,10.75],"rotation":0,"texture":"#0","tintindex":0},"north":{"uv":[5.25,10.0625,5.5625,10.6875],"rotation":0,"texture":"#0","tintindex":0},"west":{"uv":[7.375,10.8125,7.625,11.4375],"rotation":0,"texture":"#0","tintindex":0},"up":{"uv":[11.75,3.0,11.4375,2.75],"rotation":0,"texture":"#0","tintindex":0},"down":{"uv":[3.125,11.4375,2.8125,11.6875],"rotation":0,"texture":"#0","tintindex":0}}}],"display":{"head":{"translation":[0.0,-6.4,0.0],"scale":[4.0,4.0,4.0]}}}