{"textures":{"0":"modelengine:entity/deer_spirit"},"elements":[{"from":[6.714286,-5.714287,4.5714283],"to":[10.142858,10.285714,9.142858],"rotation":{"angle":0.0,"axis":"y","origin":[8.0,8.0,8.0]},"faces":{"east":{"uv":[3.875,5.875,4.375,7.625],"rotation":0,"texture":"#0","tintindex":0},"south":{"uv":[4.125,7.625,4.5,9.375],"rotation":0,"texture":"#0","tintindex":0},"north":{"uv":[3.75,7.625,4.125,9.375],"rotation":0,"texture":"#0","tintindex":0},"west":{"uv":[4.375,5.875,4.875,7.625],"rotation":0,"texture":"#0","tintindex":0},"up":{"uv":[10.75,6.9375,10.375,6.4375],"rotation":0,"texture":"#0","tintindex":0},"down":{"uv":[2.5625,10.4375,2.1875,10.9375],"rotation":0,"texture":"#0","tintindex":0}}},{"from":[7.428571,-0.14285755,6.714286],"to":[10.142858,8.571428,11.571428],"rotation":{"angle":0.0,"axis":"y","origin":[8.0,8.0,8.0]},"faces":{"east":{"uv":[8.25,7.125,8.8125,8.0625],"rotation":0,"texture":"#0","tintindex":0},"south":{"uv":[4.9375,9.375,5.25,10.3125],"rotation":0,"texture":"#0","tintindex":0},"north":{"uv":[7.75,0.0,8.0625,0.9375],"rotation":0,"texture":"#0","tintindex":0},"west":{"uv":[8.4375,8.0625,9.0,9.0],"rotation":0,"texture":"#0","tintindex":0},"up":{"uv":[10.375,11.0,10.0625,10.4375],"rotation":0,"texture":"#0","tintindex":0},"down":{"uv":[10.6875,10.4375,10.375,11.0],"rotation":0,"texture":"#0","tintindex":0}}},{"from":[5.5714283,0.85714245,0.42857122],"to":[10.142858,10.428572,5.428571],"rotation":{"angle":-22.5,"axis":"x","origin":[8.0,8.0,8.0]},"faces":{"east":{"uv":[3.3125,1.4375,3.875,2.5],"rotation":0,"texture":"#0","tintindex":0},"south":{"uv":[8.25,5.0,8.75,6.0625],"rotation":0,"texture":"#0","tintindex":0},"north":{"uv":[5.8125,8.1875,6.3125,9.25],"rotation":0,"texture":"#0","tintindex":0},"west":{"uv":[2.4375,8.0625,3.0,9.125],"rotation":0,"texture":"#0","tintindex":0},"up":{"uv":[9.0625,2.4375,8.5625,1.875],"rotation":0,"texture":"#0","tintindex":0},"down":{"uv":[10.3125,0.5,9.8125,1.0625],"rotation":0,"texture":"#0","tintindex":0}}}],"display":{"head":{"translation":[0.0,-6.4,0.0],"scale":[4.0,4.0,4.0]}}}