{"textures":{"0":"modelengine:entity/deer_spirit"},"elements":[{"from":[7.142857,5.142857,6.285714],"to":[9.714286,9.714286,9.857143],"rotation":{"angle":0.0,"axis":"y","origin":[8.0,21.142857,10.285714]},"faces":{"east":{"uv":[5.875,10.375,6.25,10.875],"rotation":0,"texture":"#0","tintindex":0},"south":{"uv":[4.375,10.875,4.6875,11.375],"rotation":0,"texture":"#0","tintindex":0},"north":{"uv":[4.0625,10.875,4.375,11.375],"rotation":0,"texture":"#0","tintindex":0},"west":{"uv":[6.25,10.375,6.625,10.875],"rotation":0,"texture":"#0","tintindex":0},"up":{"uv":[11.375,1.5625,11.0625,1.1875],"rotation":0,"texture":"#0","tintindex":0},"down":{"uv":[2.0,11.0625,1.6875,11.4375],"rotation":0,"texture":"#0","tintindex":0}}},{"from":[6.857143,2.4285712,7.714286],"to":[10.0,8.0,11.714286],"rotation":{"angle":0.0,"axis":"y","origin":[8.0,21.142857,10.285714]},"faces":{"east":{"uv":[9.8125,9.25,10.25,9.875],"rotation":0,"texture":"#0","tintindex":0},"south":{"uv":[10.0,6.4375,10.375,7.0625],"rotation":0,"texture":"#0","tintindex":0},"north":{"uv":[8.8125,9.9375,9.1875,10.5625],"rotation":0,"texture":"#0","tintindex":0},"west":{"uv":[0.0,9.875,0.4375,10.5],"rotation":0,"texture":"#0","tintindex":0},"up":{"uv":[7.375,11.125,7.0,10.6875],"rotation":0,"texture":"#0","tintindex":0},"down":{"uv":[11.0625,10.125,10.6875,10.5625],"rotation":0,"texture":"#0","tintindex":0}}},{"from":[7.285714,-3.285715,7.714286],"to":[9.857143,2.4285712,10.142858],"rotation":{"angle":0.0,"axis":"y","origin":[8.0,21.142857,10.285714]},"faces":{"east":{"uv":[5.5,10.875,5.75,11.5],"rotation":0,"texture":"#0","tintindex":0},"south":{"uv":[4.125,10.25,4.4375,10.875],"rotation":0,"texture":"#0","tintindex":0},"north":{"uv":[7.375,10.1875,7.6875,10.8125],"rotation":0,"texture":"#0","tintindex":0},"west":{"uv":[5.75,10.875,6.0,11.5],"rotation":0,"texture":"#0","tintindex":0},"up":{"uv":[11.75,8.1875,11.4375,7.9375],"rotation":0,"texture":"#0","tintindex":0},"down":{"uv":[11.75,9.75,11.4375,10.0],"rotation":0,"texture":"#0","tintindex":0}}}],"display":{"head":{"translation":[0.0,-6.4,0.0],"scale":[4.0,4.0,4.0]}}}