{"textures":{"0":"modelengine:entity/deer_spirit"},"elements":[{"from":[6.5714283,4.428571,5.285714],"to":[9.285714,7.142857,8.142858],"rotation":{"angle":-22.5,"axis":"y","origin":[7.428571,19.714287,6.857143]},"faces":{"east":{"uv":[11.0625,10.875,11.375,11.1875],"rotation":0,"texture":"#0","tintindex":0},"south":{"uv":[11.125,0.375,11.4375,0.6875],"rotation":0,"texture":"#0","tintindex":0},"north":{"uv":[9.5,8.625,9.8125,8.9375],"rotation":0,"texture":"#0","tintindex":0},"west":{"uv":[0.8125,11.125,1.125,11.4375],"rotation":0,"texture":"#0","tintindex":0},"up":{"uv":[2.6875,11.4375,2.375,11.125],"rotation":0,"texture":"#0","tintindex":0},"down":{"uv":[3.0,11.125,2.6875,11.4375],"rotation":0,"texture":"#0","tintindex":0}}},{"from":[6.857143,6.0,6.142857],"to":[9.142858,8.714286,8.428572],"rotation":{"angle":-22.5,"axis":"y","origin":[7.428571,19.714287,6.857143]},"faces":{"east":{"uv":[11.4375,4.1875,11.6875,4.5],"rotation":0,"texture":"#0","tintindex":0},"south":{"uv":[4.6875,11.4375,4.9375,11.75],"rotation":0,"texture":"#0","tintindex":0},"north":{"uv":[11.4375,3.875,11.6875,4.1875],"rotation":0,"texture":"#0","tintindex":0},"west":{"uv":[4.9375,11.4375,5.1875,11.75],"rotation":0,"texture":"#0","tintindex":0},"up":{"uv":[11.8125,11.6875,11.5625,11.4375],"rotation":0,"texture":"#0","tintindex":0},"down":{"uv":[11.875,0.0,11.625,0.25],"rotation":0,"texture":"#0","tintindex":0}}},{"from":[6.285714,4.428571,7.714286],"to":[8.428572,6.714286,11.0],"rotation":{"angle":0.0,"axis":"y","origin":[7.428571,19.714287,6.857143]},"faces":{"east":{"uv":[11.375,2.25,11.75,2.5],"rotation":0,"texture":"#0","tintindex":0},"south":{"uv":[11.625,6.1875,11.875,6.4375],"rotation":0,"texture":"#0","tintindex":0},"north":{"uv":[4.0,11.625,4.25,11.875],"rotation":0,"texture":"#0","tintindex":0},"west":{"uv":[11.375,2.5,11.75,2.75],"rotation":0,"texture":"#0","tintindex":0},"up":{"uv":[1.0,5.0625,0.75,4.6875],"rotation":0,"texture":"#0","tintindex":0},"down":{"uv":[2.6875,7.625,2.4375,8.0],"rotation":0,"texture":"#0","tintindex":0}}},{"from":[8.0,4.428571,5.285714],"to":[10.142858,7.0,11.0],"rotation":{"angle":0.0,"axis":"y","origin":[7.428571,19.714287,6.857143]},"faces":{"east":{"uv":[10.125,8.1875,10.75,8.5],"rotation":0,"texture":"#0","tintindex":0},"south":{"uv":[6.75,11.4375,7.0,11.75],"rotation":0,"texture":"#0","tintindex":0},"north":{"uv":[6.5,11.4375,6.75,11.75],"rotation":0,"texture":"#0","tintindex":0},"west":{"uv":[10.0625,10.125,10.6875,10.4375],"rotation":0,"texture":"#0","tintindex":0},"up":{"uv":[9.0625,11.4375,8.8125,10.8125],"rotation":0,"texture":"#0","tintindex":0},"down":{"uv":[9.3125,10.8125,9.0625,11.4375],"rotation":0,"texture":"#0","tintindex":0}}}],"display":{"head":{"translation":[0.0,-6.4,0.0],"scale":[4.0,4.0,4.0]}}}