{"textures":{"0":"modelengine:entity/deer_spirit"},"elements":[{"from":[6.285714,5.142857,6.285714],"to":[8.857143,9.714286,9.857143],"rotation":{"angle":0.0,"axis":"y","origin":[8.0,21.142857,10.285714]},"faces":{"east":{"uv":[10.4375,4.1875,10.8125,4.6875],"rotation":0,"texture":"#0","tintindex":0},"south":{"uv":[10.875,9.0,11.1875,9.5],"rotation":0,"texture":"#0","tintindex":0},"north":{"uv":[10.875,8.5,11.1875,9.0],"rotation":0,"texture":"#0","tintindex":0},"west":{"uv":[7.6875,10.4375,8.0625,10.9375],"rotation":0,"texture":"#0","tintindex":0},"up":{"uv":[11.375,4.0625,11.0625,3.6875],"rotation":0,"texture":"#0","tintindex":0},"down":{"uv":[11.375,5.625,11.0625,6.0],"rotation":0,"texture":"#0","tintindex":0}}},{"from":[6.0,2.4285712,7.714286],"to":[9.142858,8.0,11.714286],"rotation":{"angle":0.0,"axis":"y","origin":[8.0,21.142857,10.285714]},"faces":{"east":{"uv":[2.75,9.875,3.1875,10.5],"rotation":0,"texture":"#0","tintindex":0},"south":{"uv":[10.0625,4.25,10.4375,4.875],"rotation":0,"texture":"#0","tintindex":0},"north":{"uv":[1.0,10.0625,1.375,10.6875],"rotation":0,"texture":"#0","tintindex":0},"west":{"uv":[3.1875,9.875,3.625,10.5],"rotation":0,"texture":"#0","tintindex":0},"up":{"uv":[11.0625,11.0,10.6875,10.5625],"rotation":0,"texture":"#0","tintindex":0},"down":{"uv":[11.125,0.375,10.75,0.8125],"rotation":0,"texture":"#0","tintindex":0}}},{"from":[6.142857,-3.285715,7.714286],"to":[8.714286,2.4285712,10.142858],"rotation":{"angle":0.0,"axis":"y","origin":[8.0,21.142857,10.285714]},"faces":{"east":{"uv":[10.875,9.5,11.125,10.125],"rotation":0,"texture":"#0","tintindex":0},"south":{"uv":[5.5625,10.25,5.875,10.875],"rotation":0,"texture":"#0","tintindex":0},"north":{"uv":[4.4375,10.25,4.75,10.875],"rotation":0,"texture":"#0","tintindex":0},"west":{"uv":[2.125,10.9375,2.375,11.5625],"rotation":0,"texture":"#0","tintindex":0},"up":{"uv":[3.875,11.75,3.5625,11.5],"rotation":0,"texture":"#0","tintindex":0},"down":{"uv":[11.8125,4.875,11.5,5.125],"rotation":0,"texture":"#0","tintindex":0}}}],"display":{"head":{"translation":[0.0,-6.4,0.0],"scale":[4.0,4.0,4.0]}}}