{"textures":{"0":"modelengine:entity/deer_spirit"},"elements":[{"from":[6.714286,4.428571,5.285714],"to":[9.428572,7.142857,8.142858],"rotation":{"angle":22.5,"axis":"y","origin":[8.571428,19.714287,6.857143]},"faces":{"east":{"uv":[3.0,11.125,3.3125,11.4375],"rotation":0,"texture":"#0","tintindex":0},"south":{"uv":[11.125,4.0625,11.4375,4.375],"rotation":0,"texture":"#0","tintindex":0},"north":{"uv":[11.125,2.8125,11.4375,3.125],"rotation":0,"texture":"#0","tintindex":0},"west":{"uv":[11.125,4.375,11.4375,4.6875],"rotation":0,"texture":"#0","tintindex":0},"up":{"uv":[5.3125,11.4375,5.0,11.125],"rotation":0,"texture":"#0","tintindex":0},"down":{"uv":[6.8125,11.125,6.5,11.4375],"rotation":0,"texture":"#0","tintindex":0}}},{"from":[6.857143,6.0,6.142857],"to":[9.142858,8.714286,8.428572],"rotation":{"angle":22.5,"axis":"y","origin":[8.571428,19.714287,6.857143]},"faces":{"east":{"uv":[8.1875,11.4375,8.4375,11.75],"rotation":0,"texture":"#0","tintindex":0},"south":{"uv":[8.4375,11.4375,8.6875,11.75],"rotation":0,"texture":"#0","tintindex":0},"north":{"uv":[7.375,11.4375,7.625,11.75],"rotation":0,"texture":"#0","tintindex":0},"west":{"uv":[8.6875,11.4375,8.9375,11.75],"rotation":0,"texture":"#0","tintindex":0},"up":{"uv":[11.875,7.4375,11.625,7.1875],"rotation":0,"texture":"#0","tintindex":0},"down":{"uv":[11.875,7.4375,11.625,7.6875],"rotation":0,"texture":"#0","tintindex":0}}},{"from":[7.5714283,4.428571,7.714286],"to":[9.714286,6.714286,11.0],"rotation":{"angle":0.0,"axis":"y","origin":[8.571428,19.714287,6.857143]},"faces":{"east":{"uv":[11.375,3.625,11.75,3.875],"rotation":0,"texture":"#0","tintindex":0},"south":{"uv":[11.625,8.1875,11.875,8.4375],"rotation":0,"texture":"#0","tintindex":0},"north":{"uv":[11.625,7.6875,11.875,7.9375],"rotation":0,"texture":"#0","tintindex":0},"west":{"uv":[4.0625,11.375,4.4375,11.625],"rotation":0,"texture":"#0","tintindex":0},"up":{"uv":[3.75,9.3125,3.5,8.9375],"rotation":0,"texture":"#0","tintindex":0},"down":{"uv":[7.375,11.125,7.125,11.5],"rotation":0,"texture":"#0","tintindex":0}}},{"from":[5.8571424,4.428571,5.285714],"to":[8.0,7.0,11.0],"rotation":{"angle":0.0,"axis":"y","origin":[8.571428,19.714287,6.857143]},"faces":{"east":{"uv":[10.1875,2.875,10.8125,3.1875],"rotation":0,"texture":"#0","tintindex":0},"south":{"uv":[11.4375,9.4375,11.6875,9.75],"rotation":0,"texture":"#0","tintindex":0},"north":{"uv":[8.9375,11.4375,9.1875,11.75],"rotation":0,"texture":"#0","tintindex":0},"west":{"uv":[10.1875,3.1875,10.8125,3.5],"rotation":0,"texture":"#0","tintindex":0},"up":{"uv":[3.8125,11.5,3.5625,10.875],"rotation":0,"texture":"#0","tintindex":0},"down":{"uv":[4.0625,10.875,3.8125,11.5],"rotation":0,"texture":"#0","tintindex":0}}}],"display":{"head":{"translation":[0.0,-6.4,0.0],"scale":[4.0,4.0,4.0]}}}