{"textures":{"0":"modelengine:entity/deer_spirit"},"elements":[{"from":[6.714286,4.428571,5.285714],"to":[9.428572,7.142857,8.142858],"rotation":{"angle":22.5,"axis":"y","origin":[8.571428,19.714287,6.857143]},"faces":{"east":{"uv":[11.1875,7.3125,11.5,7.625],"rotation":0,"texture":"#0","tintindex":0},"south":{"uv":[11.1875,7.625,11.5,7.9375],"rotation":0,"texture":"#0","tintindex":0},"north":{"uv":[11.1875,6.0,11.5,6.3125],"rotation":0,"texture":"#0","tintindex":0},"west":{"uv":[11.1875,8.5,11.5,8.8125],"rotation":0,"texture":"#0","tintindex":0},"up":{"uv":[11.5,9.125,11.1875,8.8125],"rotation":0,"texture":"#0","tintindex":0},"down":{"uv":[11.5,9.125,11.1875,9.4375],"rotation":0,"texture":"#0","tintindex":0}}},{"from":[6.857143,6.0,6.142857],"to":[9.142858,8.714286,8.428572],"rotation":{"angle":22.5,"axis":"y","origin":[8.571428,19.714287,6.857143]},"faces":{"east":{"uv":[5.5,11.5,5.75,11.8125],"rotation":0,"texture":"#0","tintindex":0},"south":{"uv":[5.75,11.5,6.0,11.8125],"rotation":0,"texture":"#0","tintindex":0},"north":{"uv":[11.5,5.125,11.75,5.4375],"rotation":0,"texture":"#0","tintindex":0},"west":{"uv":[11.5,5.875,11.75,6.1875],"rotation":0,"texture":"#0","tintindex":0},"up":{"uv":[3.5,11.9375,3.25,11.6875],"rotation":0,"texture":"#0","tintindex":0},"down":{"uv":[11.9375,3.875,11.6875,4.125],"rotation":0,"texture":"#0","tintindex":0}}},{"from":[7.5714283,4.428571,7.714286],"to":[9.714286,6.714286,11.0],"rotation":{"angle":0.0,"axis":"y","origin":[8.571428,19.714287,6.857143]},"faces":{"east":{"uv":[10.6875,11.375,11.0625,11.625],"rotation":0,"texture":"#0","tintindex":0},"south":{"uv":[7.875,11.6875,8.125,11.9375],"rotation":0,"texture":"#0","tintindex":0},"north":{"uv":[11.6875,4.125,11.9375,4.375],"rotation":0,"texture":"#0","tintindex":0},"west":{"uv":[11.375,10.875,11.75,11.125],"rotation":0,"texture":"#0","tintindex":0},"up":{"uv":[4.6875,11.75,4.4375,11.375],"rotation":0,"texture":"#0","tintindex":0},"down":{"uv":[9.9375,11.375,9.6875,11.75],"rotation":0,"texture":"#0","tintindex":0}}},{"from":[5.8571424,4.428571,5.285714],"to":[8.0,7.0,11.0],"rotation":{"angle":0.0,"axis":"y","origin":[8.571428,19.714287,6.857143]},"faces":{"east":{"uv":[10.25,9.125,10.875,9.4375],"rotation":0,"texture":"#0","tintindex":0},"south":{"uv":[6.25,11.5,6.5,11.8125],"rotation":0,"texture":"#0","tintindex":0},"north":{"uv":[6.0,11.5,6.25,11.8125],"rotation":0,"texture":"#0","tintindex":0},"west":{"uv":[10.25,9.4375,10.875,9.75],"rotation":0,"texture":"#0","tintindex":0},"up":{"uv":[11.1875,7.9375,10.9375,7.3125],"rotation":0,"texture":"#0","tintindex":0},"down":{"uv":[7.875,10.9375,7.625,11.5625],"rotation":0,"texture":"#0","tintindex":0}}}],"display":{"head":{"translation":[0.0,-6.4,0.0],"scale":[4.0,4.0,4.0]}}}