{"textures":{"0":"modelengine:entity/xiddri_groundshatter_vfx"},"elements":[{"from":[-1.8683195,1.1428566,-0.37629318],"to":[18.131681,2.8571424,17.337994],"rotation":{"angle":-22.5,"axis":"y","origin":[9.274539,2.2857141,7.9094214]},"faces":{"east":{"uv":[9.9375,6.5625,11.875,6.6875],"rotation":0,"texture":"#0","tintindex":0},"south":{"uv":[9.1875,3.75,11.375,3.875],"rotation":0,"texture":"#0","tintindex":0},"north":{"uv":[9.1875,3.625,11.375,3.75],"rotation":0,"texture":"#0","tintindex":0},"west":{"uv":[9.9375,6.6875,11.875,6.8125],"rotation":0,"texture":"#0","tintindex":0},"up":{"uv":[9.1875,1.9375,7.0,0.0],"rotation":0,"texture":"#0","tintindex":0},"down":{"uv":[9.1875,0.0,7.0,1.9375],"rotation":0,"texture":"#0","tintindex":0}}}],"display":{"head":{"translation":[0.0,-6.4,0.0],"scale":[4.0,4.0,4.0]}}}