{"textures":{"0":"modelengine:entity/xiddri_rockvfx_small"},"elements":[{"from":[7.9812875,3.52487,20.013891],"to":[10.267002,13.239157,22.299606],"rotation":{"angle":45.0,"axis":"z","origin":[9.409859,12.667728,20.58532]},"faces":{"east":{"uv":[7.125,9.375,7.625,11.5],"rotation":0,"texture":"#0","tintindex":0},"south":{"uv":[8.375,9.5,8.875,11.625],"rotation":0,"texture":"#0","tintindex":0},"north":{"uv":[3.75,9.125,4.25,11.25],"rotation":0,"texture":"#0","tintindex":0},"west":{"uv":[8.875,9.5,9.375,11.625],"rotation":0,"texture":"#0","tintindex":0},"up":{"uv":[12.375,5.875,11.875,5.375],"rotation":0,"texture":"#0","tintindex":0},"down":{"uv":[12.5,0.0,12.0,0.5],"rotation":0,"texture":"#0","tintindex":0}}},{"from":[2.6188564,-16.0,11.156749],"to":[4.904571,-8.000002,13.442463],"rotation":{"angle":45.0,"axis":"x","origin":[33.047432,20.142857,30.299608]},"faces":{"east":{"uv":[6.125,10.625,6.625,12.375],"rotation":0,"texture":"#0","tintindex":0},"south":{"uv":[6.625,10.625,7.125,12.375],"rotation":0,"texture":"#0","tintindex":0},"north":{"uv":[10.625,4.75,11.125,6.5],"rotation":0,"texture":"#0","tintindex":0},"west":{"uv":[10.75,0.0,11.25,1.75],"rotation":0,"texture":"#0","tintindex":0},"up":{"uv":[12.5,1.0,12.0,0.5],"rotation":0,"texture":"#0","tintindex":0},"down":{"uv":[12.5,1.0,12.0,1.5],"rotation":0,"texture":"#0","tintindex":0}}}],"display":{"head":{"translation":[0.0,-59.269463,0.0],"scale":[4.0,4.0,4.0]}}}