{"textures":{"0":"modelengine:entity/xiddri_rockvfx_small"},"elements":[{"from":[1.7857141,2.7142868,27.191156],"to":[4.0714283,10.714287,29.476871],"rotation":{"angle":45.0,"axis":"x","origin":[-5.0714293,14.000001,21.334015]},"faces":{"east":{"uv":[7.625,10.375,8.125,12.125],"rotation":0,"texture":"#0","tintindex":0},"south":{"uv":[9.375,10.375,9.875,12.125],"rotation":0,"texture":"#0","tintindex":0},"north":{"uv":[10.125,4.75,10.625,6.5],"rotation":0,"texture":"#0","tintindex":0},"west":{"uv":[9.875,10.375,10.375,12.125],"rotation":0,"texture":"#0","tintindex":0},"up":{"uv":[7.625,12.0,7.125,11.5],"rotation":0,"texture":"#0","tintindex":0},"down":{"uv":[9.375,11.625,8.875,12.125],"rotation":0,"texture":"#0","tintindex":0}}},{"from":[11.928572,-16.0,8.762585],"to":[14.214286,-8.0,11.0483],"rotation":{"angle":45.0,"axis":"x","origin":[-5.0714293,14.000001,21.334015]},"faces":{"east":{"uv":[0.0,10.5,0.5,12.25],"rotation":0,"texture":"#0","tintindex":0},"south":{"uv":[4.25,10.5,4.75,12.25],"rotation":0,"texture":"#0","tintindex":0},"north":{"uv":[10.375,10.375,10.875,12.125],"rotation":0,"texture":"#0","tintindex":0},"west":{"uv":[10.625,3.0,11.125,4.75],"rotation":0,"texture":"#0","tintindex":0},"up":{"uv":[6.0,12.25,5.5,11.75],"rotation":0,"texture":"#0","tintindex":0},"down":{"uv":[12.375,4.875,11.875,5.375],"rotation":0,"texture":"#0","tintindex":0}}}],"display":{"head":{"translation":[0.0,-37.589844,0.0],"scale":[4.0,4.0,4.0]}}}