{"textures":{"0":"modelengine:entity/xiddri_rockvfx_small"},"elements":[{"from":[6.0,-11.346909,11.032916],"to":[9.428572,-7.204052,15.032917],"rotation":{"angle":0.0,"axis":"y","origin":[6.285714,-8.204052,14.175774]},"faces":{"east":{"uv":[9.875,0.0,10.75,0.875],"rotation":0,"texture":"#0","tintindex":0},"south":{"uv":[3.375,11.25,4.125,12.125],"rotation":0,"texture":"#0","tintindex":0},"north":{"uv":[11.25,0.875,12.0,1.75],"rotation":0,"texture":"#0","tintindex":0},"west":{"uv":[10.5,9.375,11.375,10.25],"rotation":0,"texture":"#0","tintindex":0},"up":{"uv":[12.125,10.0,11.375,9.125],"rotation":0,"texture":"#0","tintindex":0},"down":{"uv":[12.25,8.25,11.5,9.125],"rotation":0,"texture":"#0","tintindex":0}}},{"from":[10.571428,-10.346909,-1.5385122],"to":[14.0,0.22451973,2.4614878],"rotation":{"angle":-45.0,"axis":"z","origin":[7.714286,-4.1326237,0.46148777]},"faces":{"east":{"uv":[0.0,0.0,0.875,2.375],"rotation":0,"texture":"#0","tintindex":0},"south":{"uv":[5.5,0.0,6.25,2.375],"rotation":0,"texture":"#0","tintindex":0},"north":{"uv":[5.25,4.5,6.0,6.875],"rotation":0,"texture":"#0","tintindex":0},"west":{"uv":[0.875,0.0,1.75,2.375],"rotation":0,"texture":"#0","tintindex":0},"up":{"uv":[12.375,2.625,11.625,1.75],"rotation":0,"texture":"#0","tintindex":0},"down":{"uv":[3.25,11.625,2.5,12.5],"rotation":0,"texture":"#0","tintindex":0}}},{"from":[7.5714283,-14.204052,-0.25279808],"to":[11.0,-5.918339,3.747202],"rotation":{"angle":-22.5,"axis":"z","origin":[7.714286,-4.1326237,0.46148777]},"faces":{"east":{"uv":[2.875,5.5,3.75,7.375],"rotation":0,"texture":"#0","tintindex":0},"south":{"uv":[4.375,8.625,5.125,10.5],"rotation":0,"texture":"#0","tintindex":0},"north":{"uv":[0.0,8.625,0.75,10.5],"rotation":0,"texture":"#0","tintindex":0},"west":{"uv":[3.75,5.5,4.625,7.375],"rotation":0,"texture":"#0","tintindex":0},"up":{"uv":[12.375,7.0,11.625,6.125],"rotation":0,"texture":"#0","tintindex":0},"down":{"uv":[12.375,7.0,11.625,7.875],"rotation":0,"texture":"#0","tintindex":0}}},{"from":[5.142857,-12.177521,9.714286],"to":[10.285714,-6.463236,13.714286],"rotation":{"angle":-22.5,"axis":"x","origin":[8.0,-8.177521,12.0]},"faces":{"east":{"uv":[9.25,5.5,10.125,6.75],"rotation":0,"texture":"#0","tintindex":0},"south":{"uv":[5.125,8.75,6.25,10.0],"rotation":0,"texture":"#0","tintindex":0},"north":{"uv":[8.75,0.0,9.875,1.25],"rotation":0,"texture":"#0","tintindex":0},"west":{"uv":[6.25,9.375,7.125,10.625],"rotation":0,"texture":"#0","tintindex":0},"up":{"uv":[10.75,8.5,9.625,7.625],"rotation":0,"texture":"#0","tintindex":0},"down":{"uv":[10.75,8.5,9.625,9.375],"rotation":0,"texture":"#0","tintindex":0}}},{"from":[0.28571415,-4.748951,-13.428572],"to":[4.285714,3.251049,-9.428572],"rotation":{"angle":-22.5,"axis":"x","origin":[8.0,-8.177521,8.0]},"faces":{"east":{"uv":[7.125,1.75,8.0,3.5],"rotation":0,"texture":"#0","tintindex":0},"south":{"uv":[0.875,7.375,1.75,9.125],"rotation":0,"texture":"#0","tintindex":0},"north":{"uv":[7.0,0.0,7.875,1.75],"rotation":0,"texture":"#0","tintindex":0},"west":{"uv":[1.75,7.375,2.625,9.125],"rotation":0,"texture":"#0","tintindex":0},"up":{"uv":[11.625,2.625,10.75,1.75],"rotation":0,"texture":"#0","tintindex":0},"down":{"uv":[3.375,10.75,2.5,11.625],"rotation":0,"texture":"#0","tintindex":0}}},{"from":[2.5714283,-16.0,-12.997574],"to":[6.5714283,-8.0,-8.997574],"rotation":{"angle":-22.5,"axis":"z","origin":[8.571428,-7.0,-8.569002]},"faces":{"east":{"uv":[3.5,7.375,4.375,9.125],"rotation":0,"texture":"#0","tintindex":0},"south":{"uv":[7.625,3.5,8.5,5.25],"rotation":0,"texture":"#0","tintindex":0},"north":{"uv":[2.625,7.375,3.5,9.125],"rotation":0,"texture":"#0","tintindex":0},"west":{"uv":[7.625,5.25,8.5,7.0],"rotation":0,"texture":"#0","tintindex":0},"up":{"uv":[11.625,7.375,10.75,6.5],"rotation":0,"texture":"#0","tintindex":0},"down":{"uv":[11.625,7.375,10.75,8.25],"rotation":0,"texture":"#0","tintindex":0}}}],"display":{"head":{"translation":[0.0,-69.68992,0.0],"scale":[4.0,4.0,4.0]}}}