{"textures":{"0":"modelengine:entity/xiddri_rockvfx_small"},"elements":[{"from":[5.714286,-13.973469,6.857143],"to":[9.142858,-4.259183,10.285714],"rotation":{"angle":-22.5,"axis":"x","origin":[8.0,-11.116325,8.0]},"faces":{"east":{"uv":[6.25,0.0,7.0,2.125],"rotation":0,"texture":"#0","tintindex":0},"south":{"uv":[6.375,2.125,7.125,4.25],"rotation":0,"texture":"#0","tintindex":0},"north":{"uv":[6.0,4.5,6.75,6.625],"rotation":0,"texture":"#0","tintindex":0},"west":{"uv":[6.0,6.625,6.75,8.75],"rotation":0,"texture":"#0","tintindex":0},"up":{"uv":[8.875,12.375,8.125,11.625],"rotation":0,"texture":"#0","tintindex":0},"down":{"uv":[12.375,10.0,11.625,10.75],"rotation":0,"texture":"#0","tintindex":0}}},{"from":[-1.7142859,-16.0,10.461488],"to":[1.7142854,-8.571426,14.461489],"rotation":{"angle":22.5,"axis":"z","origin":[2.4285712,-11.142857,10.175774]},"faces":{"east":{"uv":[7.625,7.0,8.5,8.625],"rotation":0,"texture":"#0","tintindex":0},"south":{"uv":[1.5,9.125,2.25,10.75],"rotation":0,"texture":"#0","tintindex":0},"north":{"uv":[0.75,9.125,1.5,10.75],"rotation":0,"texture":"#0","tintindex":0},"west":{"uv":[6.75,7.75,7.625,9.375],"rotation":0,"texture":"#0","tintindex":0},"up":{"uv":[11.5,9.125,10.75,8.25],"rotation":0,"texture":"#0","tintindex":0},"down":{"uv":[11.625,10.25,10.875,11.125],"rotation":0,"texture":"#0","tintindex":0}}},{"from":[4.5714283,-14.285715,8.175774],"to":[8.0,-6.8571415,12.175774],"rotation":{"angle":0.0,"axis":"y","origin":[6.285714,-11.142857,10.175774]},"faces":{"east":{"uv":[7.875,0.0,8.75,1.625],"rotation":0,"texture":"#0","tintindex":0},"south":{"uv":[3.0,9.125,3.75,10.75],"rotation":0,"texture":"#0","tintindex":0},"north":{"uv":[2.25,9.125,3.0,10.75],"rotation":0,"texture":"#0","tintindex":0},"west":{"uv":[8.0,1.625,8.875,3.25],"rotation":0,"texture":"#0","tintindex":0},"up":{"uv":[11.875,3.5,11.125,2.625],"rotation":0,"texture":"#0","tintindex":0},"down":{"uv":[11.875,3.5,11.125,4.375],"rotation":0,"texture":"#0","tintindex":0}}},{"from":[-3.285715,-15.0,12.175774],"to":[0.1428566,-6.42857,16.175774],"rotation":{"angle":45.0,"axis":"z","origin":[-1.5714293,-11.142857,14.175774]},"faces":{"east":{"uv":[1.125,5.5,2.0,7.375],"rotation":0,"texture":"#0","tintindex":0},"south":{"uv":[8.5,5.125,9.25,7.0],"rotation":0,"texture":"#0","tintindex":0},"north":{"uv":[8.5,3.25,9.25,5.125],"rotation":0,"texture":"#0","tintindex":0},"west":{"uv":[2.0,5.5,2.875,7.375],"rotation":0,"texture":"#0","tintindex":0},"up":{"uv":[11.875,5.25,11.125,4.375],"rotation":0,"texture":"#0","tintindex":0},"down":{"uv":[11.875,5.25,11.125,6.125],"rotation":0,"texture":"#0","tintindex":0}}},{"from":[5.142857,-15.116327,5.714286],"to":[10.285714,-9.4020405,9.714286],"rotation":{"angle":-22.5,"axis":"x","origin":[8.0,-11.116325,8.0]},"faces":{"east":{"uv":[9.25,3.0,10.125,4.25],"rotation":0,"texture":"#0","tintindex":0},"south":{"uv":[8.5,8.25,9.625,9.5],"rotation":0,"texture":"#0","tintindex":0},"north":{"uv":[8.5,7.0,9.625,8.25],"rotation":0,"texture":"#0","tintindex":0},"west":{"uv":[9.25,4.25,10.125,5.5],"rotation":0,"texture":"#0","tintindex":0},"up":{"uv":[10.5,10.375,9.375,9.5],"rotation":0,"texture":"#0","tintindex":0},"down":{"uv":[10.75,1.25,9.625,2.125],"rotation":0,"texture":"#0","tintindex":0}}}],"display":{"head":{"translation":[0.0,-9.934698,0.0],"scale":[4.0,4.0,4.0]}}}