{"textures":{"0":"modelengine:entity/blaze_king","1":"modelengine:entity/head_fire_a"},"elements":[{"from":[4.8571424,3.0469384,5.370408],"to":[11.142858,9.332653,11.656122],"rotation":{"angle":0.0,"axis":"y","origin":[8.0,6.189796,8.513266]},"faces":{"east":{"uv":[3.5625,2.4375,4.25,3.125],"rotation":0,"texture":"#0","tintindex":0},"south":{"uv":[3.5625,3.1875,4.25,3.875],"rotation":0,"texture":"#0","tintindex":0},"north":{"uv":[3.5625,1.6875,4.25,2.375],"rotation":0,"texture":"#0","tintindex":0},"west":{"uv":[3.75,0.0,4.4375,0.6875],"rotation":0,"texture":"#0","tintindex":0},"up":{"uv":[4.4375,1.4375,3.75,0.75],"rotation":0,"texture":"#0","tintindex":0},"down":{"uv":[0.6875,3.875,0.0,4.5625],"rotation":0,"texture":"#0","tintindex":0}}},{"from":[4.285714,4.7612243,7.084694],"to":[11.714286,9.904081,12.227551],"rotation":{"angle":0.0,"axis":"y","origin":[8.0,7.332653,9.656122]},"faces":{"east":{"uv":[4.4375,4.0,5.0,4.5625],"rotation":0,"texture":"#0","tintindex":0},"south":{"uv":[4.3125,1.5,5.125,2.0625],"rotation":0,"texture":"#0","tintindex":0},"north":{"uv":[3.5625,3.9375,4.375,4.5],"rotation":0,"texture":"#0","tintindex":0},"west":{"uv":[4.5,0.0,5.0625,0.5625],"rotation":0,"texture":"#0","tintindex":0},"up":{"uv":[5.125,2.6875,4.3125,2.125],"rotation":0,"texture":"#0","tintindex":0},"down":{"uv":[5.125,2.75,4.3125,3.3125],"rotation":0,"texture":"#0","tintindex":0}}},{"from":[4.285714,7.046939,4.7989798],"to":[11.714286,9.904081,7.084694],"rotation":{"angle":0.0,"axis":"y","origin":[8.0,8.475511,5.9418364]},"faces":{"east":{"uv":[5.1875,3.0,5.4375,3.3125],"rotation":0,"texture":"#0","tintindex":0},"south":{"uv":[4.875,4.625,5.6875,4.9375],"rotation":0,"texture":"#0","tintindex":0},"north":{"uv":[4.0,4.625,4.8125,4.9375],"rotation":0,"texture":"#0","tintindex":0},"west":{"uv":[6.0,4.9375,6.25,5.25],"rotation":0,"texture":"#0","tintindex":0},"up":{"uv":[5.875,4.1875,5.0625,3.9375],"rotation":0,"texture":"#0","tintindex":0},"down":{"uv":[5.875,4.25,5.0625,4.5],"rotation":0,"texture":"#0","tintindex":0}}},{"from":[4.285714,5.9040813,4.7989798],"to":[4.8571424,7.046939,7.084694],"rotation":{"angle":0.0,"axis":"y","origin":[4.5714283,6.47551,5.9418364]},"faces":{"east":{"uv":[0.75,4.25,1.0,4.375],"rotation":0,"texture":"#0","tintindex":0},"south":{"uv":[1.75,7.125,1.8125,7.25],"rotation":0,"texture":"#0","tintindex":0},"north":{"uv":[1.625,7.125,1.6875,7.25],"rotation":0,"texture":"#0","tintindex":0},"west":{"uv":[6.6875,6.0,6.9375,6.125],"rotation":0,"texture":"#0","tintindex":0},"up":{"uv":[7.0,0.25,6.9375,0.0],"rotation":0,"texture":"#0","tintindex":0},"down":{"uv":[7.0,0.3125,6.9375,0.5625],"rotation":0,"texture":"#0","tintindex":0}}},{"from":[4.285714,2.4755101,4.7989798],"to":[6.0,5.9040813,5.370408],"rotation":{"angle":0.0,"axis":"y","origin":[5.142857,4.1897955,5.084694]},"faces":{"east":{"uv":[4.3125,3.375,4.375,3.75],"rotation":0,"texture":"#0","tintindex":0},"south":{"uv":[0.0,6.125,0.1875,6.5],"rotation":0,"texture":"#0","tintindex":0},"north":{"uv":[6.0,5.3125,6.1875,5.6875],"rotation":0,"texture":"#0","tintindex":0},"west":{"uv":[1.5625,5.5625,1.625,5.9375],"rotation":0,"texture":"#0","tintindex":0},"up":{"uv":[1.5625,4.5,1.375,4.4375],"rotation":0,"texture":"#0","tintindex":0},"down":{"uv":[1.8125,4.4375,1.625,4.5],"rotation":0,"texture":"#0","tintindex":0}}},{"from":[11.142858,5.9040813,4.7989798],"to":[11.714286,7.046939,7.084694],"rotation":{"angle":0.0,"axis":"y","origin":[11.428572,6.47551,5.9418364]},"faces":{"east":{"uv":[4.4375,6.8125,4.6875,6.9375],"rotation":0,"texture":"#0","tintindex":0},"south":{"uv":[2.0,7.125,2.0625,7.25],"rotation":0,"texture":"#0","tintindex":0},"north":{"uv":[1.875,7.125,1.9375,7.25],"rotation":0,"texture":"#0","tintindex":0},"west":{"uv":[6.8125,5.5,7.0625,5.625],"rotation":0,"texture":"#0","tintindex":0},"up":{"uv":[7.0,0.875,6.9375,0.625],"rotation":0,"texture":"#0","tintindex":0},"down":{"uv":[7.0,0.9375,6.9375,1.1875],"rotation":0,"texture":"#0","tintindex":0}}},{"from":[7.142857,4.7612243,4.7989798],"to":[8.857143,7.046939,7.084694],"rotation":{"angle":0.0,"axis":"y","origin":[8.0,5.9040813,5.9418364]},"faces":{"east":{"uv":[6.3125,3.25,6.5625,3.5],"rotation":0,"texture":"#0","tintindex":0},"south":{"uv":[3.9375,6.5,4.125,6.75],"rotation":0,"texture":"#0","tintindex":0},"north":{"uv":[1.25,6.5,1.4375,6.75],"rotation":0,"texture":"#0","tintindex":0},"west":{"uv":[6.3125,4.5,6.5625,4.75],"rotation":0,"texture":"#0","tintindex":0},"up":{"uv":[4.375,6.75,4.1875,6.5],"rotation":0,"texture":"#0","tintindex":0},"down":{"uv":[4.625,6.5,4.4375,6.75],"rotation":0,"texture":"#0","tintindex":0}}},{"from":[7.142857,9.904081,4.7989798],"to":[8.857143,12.761225,5.370408],"rotation":{"angle":0.0,"axis":"y","origin":[8.0,11.332653,5.084694]},"faces":{"east":{"uv":[3.6875,6.875,3.75,7.1875],"rotation":0,"texture":"#0","tintindex":0},"south":{"uv":[6.4375,1.25,6.625,1.5625],"rotation":0,"texture":"#0","tintindex":0},"north":{"uv":[5.5625,3.5625,5.75,3.875],"rotation":0,"texture":"#0","tintindex":0},"west":{"uv":[6.875,4.3125,6.9375,4.625],"rotation":0,"texture":"#0","tintindex":0},"up":{"uv":[1.25,5.125,1.0625,5.0625],"rotation":0,"texture":"#0","tintindex":0},"down":{"uv":[6.5,3.5625,6.3125,3.625],"rotation":0,"texture":"#0","tintindex":0}}},{"from":[4.285714,9.904081,4.7989798],"to":[6.0,11.618367,5.370408],"rotation":{"angle":0.0,"axis":"y","origin":[5.142857,10.761225,5.084694]},"faces":{"east":{"uv":[5.8125,3.6875,5.875,3.875],"rotation":0,"texture":"#0","tintindex":0},"south":{"uv":[6.625,4.75,6.8125,4.9375],"rotation":0,"texture":"#0","tintindex":0},"north":{"uv":[6.625,4.5,6.8125,4.6875],"rotation":0,"texture":"#0","tintindex":0},"west":{"uv":[7.0,6.1875,7.0625,6.375],"rotation":0,"texture":"#0","tintindex":0},"up":{"uv":[6.6875,7.0625,6.5,7.0],"rotation":0,"texture":"#0","tintindex":0},"down":{"uv":[7.1875,6.875,7.0,6.9375],"rotation":0,"texture":"#0","tintindex":0}}},{"from":[10.0,9.904081,4.7989798],"to":[11.714286,11.618367,5.370408],"rotation":{"angle":0.0,"axis":"y","origin":[10.857143,10.761225,5.084694]},"faces":{"east":{"uv":[7.0,7.0,7.0625,7.1875],"rotation":0,"texture":"#0","tintindex":0},"south":{"uv":[6.6875,1.25,6.875,1.4375],"rotation":0,"texture":"#0","tintindex":0},"north":{"uv":[6.625,6.25,6.8125,6.4375],"rotation":0,"texture":"#0","tintindex":0},"west":{"uv":[0.0,7.0625,0.0625,7.25],"rotation":0,"texture":"#0","tintindex":0},"up":{"uv":[7.25,0.0625,7.0625,0.0],"rotation":0,"texture":"#0","tintindex":0},"down":{"uv":[0.3125,7.0625,0.125,7.125],"rotation":0,"texture":"#0","tintindex":0}}},{"from":[4.285714,9.904081,5.370408],"to":[4.8571424,11.618367,6.513265],"rotation":{"angle":0.0,"axis":"y","origin":[4.5714283,10.761225,5.9418364]},"faces":{"east":{"uv":[1.375,6.875,1.5,7.0625],"rotation":0,"texture":"#0","tintindex":0},"south":{"uv":[0.375,7.0625,0.4375,7.25],"rotation":0,"texture":"#0","tintindex":0},"north":{"uv":[7.0625,0.125,7.125,0.3125],"rotation":0,"texture":"#0","tintindex":0},"west":{"uv":[1.5625,6.875,1.6875,7.0625],"rotation":0,"texture":"#0","tintindex":0},"up":{"uv":[2.1875,7.25,2.125,7.125],"rotation":0,"texture":"#0","tintindex":0},"down":{"uv":[2.3125,7.125,2.25,7.25],"rotation":0,"texture":"#0","tintindex":0}}},{"from":[11.142858,9.904081,5.370408],"to":[11.714286,11.618367,6.513265],"rotation":{"angle":0.0,"axis":"y","origin":[11.428572,10.761225,5.9418364]},"faces":{"east":{"uv":[1.75,6.875,1.875,7.0625],"rotation":0,"texture":"#0","tintindex":0},"south":{"uv":[0.5,7.0625,0.5625,7.25],"rotation":0,"texture":"#0","tintindex":0},"north":{"uv":[7.0625,0.375,7.125,0.5625],"rotation":0,"texture":"#0","tintindex":0},"west":{"uv":[1.9375,6.875,2.0625,7.0625],"rotation":0,"texture":"#0","tintindex":0},"up":{"uv":[2.4375,7.25,2.375,7.125],"rotation":0,"texture":"#0","tintindex":0},"down":{"uv":[2.5625,7.125,2.5,7.25],"rotation":0,"texture":"#0","tintindex":0}}},{"from":[4.285714,9.904081,11.656122],"to":[6.0,11.618367,12.227551],"rotation":{"angle":0.0,"axis":"y",