{"textures":{"0":"modelengine:entity/blaze_king"},"elements":[{"from":[7.292857,5.8379,6.7953024],"to":[8.435715,8.123614,8.509588],"rotation":{"angle":22.5,"axis":"x","origin":[7.8642855,6.980757,7.6524453]},"faces":{"east":{"uv":[6.4375,1.625,6.625,1.875],"rotation":0,"texture":"#0","tintindex":0},"south":{"uv":[0.5625,4.625,0.6875,4.875],"rotation":0,"texture":"#0","tintindex":0},"north":{"uv":[5.625,0.9375,5.75,1.1875],"rotation":0,"texture":"#0","tintindex":0},"west":{"uv":[6.625,1.625,6.4375,1.875],"rotation":0,"texture":"#0","tintindex":0},"up":{"uv":[6.6875,6.9375,6.5,6.8125],"rotation":90,"texture":"#0","tintindex":0},"down":{"uv":[7.0,6.5,6.8125,6.625],"rotation":270,"texture":"#0","tintindex":0}}},{"from":[7.85,4.447814,7.776126],"to":[8.421429,6.7335286,8.918983],"rotation":{"angle":-45.0,"axis":"x","origin":[8.135715,5.590671,8.347554]},"faces":{"east":{"uv":[6.75,0.0,6.875,0.25],"rotation":0,"texture":"#0","tintindex":0},"south":{"uv":[6.875,4.6875,6.9375,4.9375],"rotation":0,"texture":"#0","tintindex":0},"north":{"uv":[5.75,6.875,5.8125,7.125],"rotation":0,"texture":"#0","tintindex":0},"west":{"uv":[6.875,0.0,6.75,0.25],"rotation":0,"texture":"#0","tintindex":0},"up":{"uv":[0.6875,5.0,0.5625,4.9375],"rotation":90,"texture":"#0","tintindex":0},"down":{"uv":[7.1875,6.6875,7.0625,6.75],"rotation":270,"texture":"#0","tintindex":0}}}],"display":{"head":{"translation":[0.0,-6.4,0.0],"scale":[4.0,4.0,4.0]}}}