{"textures":{"0":"modelengine:entity/blaze_king"},"elements":[{"from":[4.7111063,4.0806804,6.1774435],"to":[8.711106,8.652109,10.1774435],"rotation":{"angle":-22.5,"axis":"z","origin":[6.7111063,6.366395,8.1774435]},"faces":{"east":{"uv":[4.5625,5.0,5.0,5.5],"rotation":0,"texture":"#0","tintindex":0},"south":{"uv":[3.4375,4.75,3.0,5.25],"rotation":0,"texture":"#0","tintindex":0},"north":{"uv":[3.0,4.75,3.4375,5.25],"rotation":0,"texture":"#0","tintindex":0},"west":{"uv":[5.0625,3.375,5.5,3.875],"rotation":0,"texture":"#0","tintindex":0},"up":{"uv":[5.5625,0.9375,5.125,0.5],"rotation":0,"texture":"#0","tintindex":0},"down":{"uv":[5.5625,1.0,5.125,1.4375],"rotation":0,"texture":"#0","tintindex":0}}},{"from":[4.7957067,6.807331,5.606015],"to":[9.938564,9.093045,10.748873],"rotation":{"angle":-22.5,"axis":"z","origin":[7.367135,7.950188,8.1774435]},"faces":{"east":{"uv":[5.875,0.3125,6.4375,0.5625],"rotation":0,"texture":"#0","tintindex":0},"south":{"uv":[6.4375,0.0,5.875,0.25],"rotation":0,"texture":"#0","tintindex":0},"north":{"uv":[5.875,0.0,6.4375,0.25],"rotation":0,"texture":"#0","tintindex":0},"west":{"uv":[5.9375,3.6875,6.5,3.9375],"rotation":0,"texture":"#0","tintindex":0},"up":{"uv":[5.0625,1.1875,4.5,0.625],"rotation":0,"texture":"#0","tintindex":0},"down":{"uv":[1.9375,4.5625,1.375,5.125],"rotation":0,"texture":"#0","tintindex":0}}},{"from":[3.1366434,7.8024964,6.7488723],"to":[6.5652146,10.659639,9.606015],"rotation":{"angle":-45.0,"axis":"z","origin":[4.8509293,9.231068,8.1774435]},"faces":{"east":{"uv":[0.75,3.875,1.0625,4.1875],"rotation":0,"texture":"#0","tintindex":0},"south":{"uv":[6.375,0.9375,6.0,1.25],"rotation":0,"texture":"#0","tintindex":0},"north":{"uv":[6.0,0.9375,6.375,1.25],"rotation":0,"texture":"#0","tintindex":0},"west":{"uv":[5.1875,2.625,5.5,2.9375],"rotation":0,"texture":"#0","tintindex":0},"up":{"uv":[6.375,2.0,6.0,1.6875],"rotation":0,"texture":"#0","tintindex":0},"down":{"uv":[6.375,2.0625,6.0,2.375],"rotation":0,"texture":"#0","tintindex":0}}},{"from":[4.1868286,9.792515,7.3203006],"to":[6.472543,13.2210865,9.034587],"rotation":{"angle":-22.5,"axis":"z","origin":[5.3296857,11.5068,8.1774435]},"faces":{"east":{"uv":[3.4375,6.1875,3.625,6.5625],"rotation":0,"texture":"#0","tintindex":0},"south":{"uv":[6.25,3.25,6.0,3.625],"rotation":0,"texture":"#0","tintindex":0},"north":{"uv":[6.0,3.25,6.25,3.625],"rotation":0,"texture":"#0","tintindex":0},"west":{"uv":[3.6875,6.1875,3.875,6.5625],"rotation":0,"texture":"#0","tintindex":0},"up":{"uv":[6.5,5.6875,6.25,5.5],"rotation":0,"texture":"#0","tintindex":0},"down":{"uv":[6.8125,3.5625,6.5625,3.75],"rotation":0,"texture":"#0","tintindex":0}}},{"from":[5.210849,12.611353,7.606015],"to":[8.6394205,13.7542095,8.748872],"rotation":{"angle":22.5,"axis":"z","origin":[6.9251347,13.182781,8.1774435]},"faces":{"east":{"uv":[6.875,5.3125,7.0,5.4375],"rotation":0,"texture":"#0","tintindex":0},"south":{"uv":[4.125,1.5,3.75,1.625],"rotation":0,"texture":"#0","tintindex":0},"north":{"uv":[3.75,1.5,4.125,1.625],"rotation":0,"texture":"#0","tintindex":0},"west":{"uv":[7.0,4.625,7.125,4.75],"rotation":0,"texture":"#0","tintindex":0},"up":{"uv":[6.8125,2.375,6.4375,2.25],"rotation":0,"texture":"#0","tintindex":0},"down":{"uv":[6.9375,3.8125,6.5625,3.9375],"rotation":0,"texture":"#0","tintindex":0}}},{"from":[4.0732427,5.4609733,5.606015],"to":[5.2160997,7.746688,10.748873],"rotation":{"angle":-22.5,"axis":"z","origin":[4.6446714,6.6038303,8.1774435]},"faces":{"east":{"uv":[5.9375,4.0,6.5,4.25],"rotation":0,"texture":"#0","tintindex":0},"south":{"uv":[4.875,6.8125,4.75,7.0625],"rotation":0,"texture":"#0","tintindex":0},"north":{"uv":[4.75,6.8125,4.875,7.0625],"rotation":0,"texture":"#0","tintindex":0},"west":{"uv":[5.75,5.9375,6.3125,6.1875],"rotation":0,"texture":"#0","tintindex":0},"up":{"uv":[2.9375,6.8125,2.8125,6.25],"rotation":0,"texture":"#0","tintindex":0},"down":{"uv":[3.125,6.25,3.0,6.8125],"rotation":0,"texture":"#0","tintindex":0}}},{"from":[4.9104285,5.067118,5.606015],"to":[6.0532856,6.2099752,10.748873],"rotation":{"angle":-22.5,"axis":"z","origin":[5.4818573,5.638547,8.1774435]},"faces":{"east":{"uv":[6.0,5.75,6.5625,5.875],"rotation":0,"texture":"#0","tintindex":0},"south":{"uv":[7.125,4.8125,7.0,4.9375],"rotation":0,"texture":"#0","tintindex":0},"north":{"uv":[7.0,4.8125,7.125,4.9375],"rotation":0,"texture":"#0","tintindex":0},"west":{"uv":[6.25,5.3125,6.8125,5.4375],"rotation":0,"texture":"#0","tintindex":0},"up":{"uv":[3.3125,6.8125,3.1875,6.25],"rotation":0,"texture":"#0","tintindex":0},"down":{"uv":[5.875,6.25,5.75,6.8125],"rotation":0,"texture":"#0","tintindex":0}}},{"from":[9.408833,8.175438,5.606015],"to":[10.55169,9.889724,10.748873],"rotation":{"angle":-22.5,"axis":"z","origin":[9.980261,9.03258,8.1774435]},"faces":{"east":{"uv":[4.5,1.25,5.0625,1.4375],"rotation":0,"texture":"#0","tintindex":0},"south":{"uv":[3.5,6.875,3.625,7.0625],"rotation":0,"texture":"#0","tintindex":0},"north":{"uv":[6.875,3.4375,7.0,3.625],"rotation":0,"texture":"#0","tintindex":0},"west":{"uv":[6.0,3.0,6.5625,3.1875],"rotation":0,"texture":"#0","tintindex":0},"up":{"uv":[6.0625,6.8125,5.9375,6.25],"rotation":0,"texture":"#0","tintindex":0},"down":{"uv":[6.25,6.25,6.125,6.8125],"rotation":0,"texture":"#0","tintindex":0}}}],"display":{"head":{"translation":[0.0,-6.4,0.0],"scale":[4.0,4.0,4.0]}}}