{"textures":{"0":"modelengine:entity/blaze_king","2":"modelengine:entity/arm_fire_a"},"elements":[{"from":[5.7901173,2.5601063,6.3207793],"to":[9.790117,8.274392,10.292208],"rotation":{"angle":0.0,"axis":"y","origin":[7.7901177,5.417249,8.306494]},"faces":{"east":{"uv":[3.9375,4.5625,3.5,5.1875],"rotation":0,"texture":"#0","tintindex":0},"south":{"uv":[2.9375,4.5625,2.5,5.1875],"rotation":0,"texture":"#0","tintindex":0},"north":{"uv":[3.4375,4.0625,3.0,4.6875],"rotation":0,"texture":"#0","tintindex":0},"west":{"uv":[2.4375,4.5625,2.0,5.1875],"rotation":0,"texture":"#0","tintindex":0},"up":{"uv":[5.0625,5.4375,5.5,5.0],"rotation":0,"texture":"#0","tintindex":0},"down":{"uv":[5.125,0.0,5.5625,0.4375],"rotation":0,"texture":"#0","tintindex":0}}},{"from":[5.218689,4.274392,5.7350645],"to":[10.3615465,7.131535,10.877922],"rotation":{"angle":0.0,"axis":"y","origin":[7.7901177,5.702964,8.306494]},"faces":{"east":{"uv":[1.625,5.1875,1.0625,5.5],"rotation":0,"texture":"#0","tintindex":0},"south":{"uv":[1.625,5.1875,1.0625,5.5],"rotation":0,"texture":"#0","tintindex":0},"north":{"uv":[1.625,5.1875,1.0625,5.5],"rotation":0,"texture":"#0","tintindex":0},"west":{"uv":[1.625,5.1875,1.0625,5.5],"rotation":0,"texture":"#0","tintindex":0},"up":{"uv":[0.75,5.0,1.3125,4.4375],"rotation":0,"texture":"#0","tintindex":0},"down":{"uv":[0.75,5.0,1.3125,4.4375],"rotation":0,"texture":"#0","tintindex":0}}},{"from":[7.8112636,2.95994,8.306494],"to":[14.096978,17.817083,8.306494],"rotation":{"angle":0.0,"axis":"y","origin":[10.954121,10.388512,8.306494]},"faces":{"east":{"uv":[0.0,0.0,0.0,13.0],"rotation":0,"texture":"#2","tintindex":0},"south":{"uv":[11.0,0.0,5.5,13.0],"rotation":0,"texture":"#2","tintindex":0},"north":{"uv":[5.5,0.0,11.0,13.0],"rotation":0,"texture":"#2","tintindex":0},"west":{"uv":[0.0,0.0,0.0,13.0],"rotation":0,"texture":"#2","tintindex":0},"up":{"uv":[0.0,0.0,5.5,0.0],"rotation":0,"texture":"#2","tintindex":0},"down":{"uv":[0.0,0.0,5.5,0.0],"rotation":0,"texture":"#2","tintindex":0}}}],"display":{"head":{"translation":[0.0,-6.4,0.0],"scale":[4.0,4.0,4.0]}}}