{"textures":{"0":"modelengine:entity/blaze_king"},"elements":[{"from":[7.288893,4.0806804,6.1774435],"to":[11.288894,8.652109,10.1774435],"rotation":{"angle":22.5,"axis":"z","origin":[9.288894,6.366395,8.1774435]},"faces":{"east":{"uv":[5.5,3.375,5.0625,3.875],"rotation":0,"texture":"#0","tintindex":0},"south":{"uv":[3.0,4.75,3.4375,5.25],"rotation":0,"texture":"#0","tintindex":0},"north":{"uv":[3.4375,4.75,3.0,5.25],"rotation":0,"texture":"#0","tintindex":0},"west":{"uv":[5.0,5.0,4.5625,5.5],"rotation":0,"texture":"#0","tintindex":0},"up":{"uv":[5.125,0.9375,5.5625,0.5],"rotation":0,"texture":"#0","tintindex":0},"down":{"uv":[5.125,1.0,5.5625,1.4375],"rotation":0,"texture":"#0","tintindex":0}}},{"from":[6.061436,6.807331,5.606015],"to":[11.204293,9.093045,10.748873],"rotation":{"angle":22.5,"axis":"z","origin":[8.632865,7.950188,8.1774435]},"faces":{"east":{"uv":[6.5,3.6875,5.9375,3.9375],"rotation":0,"texture":"#0","tintindex":0},"south":{"uv":[5.875,0.0,6.4375,0.25],"rotation":0,"texture":"#0","tintindex":0},"north":{"uv":[6.4375,0.0,5.875,0.25],"rotation":0,"texture":"#0","tintindex":0},"west":{"uv":[6.4375,0.3125,5.875,0.5625],"rotation":0,"texture":"#0","tintindex":0},"up":{"uv":[4.5,1.1875,5.0625,0.625],"rotation":0,"texture":"#0","tintindex":0},"down":{"uv":[1.375,4.5625,1.9375,5.125],"rotation":0,"texture":"#0","tintindex":0}}},{"from":[9.434785,7.8024964,6.7488723],"to":[12.863357,10.659639,9.606015],"rotation":{"angle":45.0,"axis":"z","origin":[11.149071,9.231068,8.1774435]},"faces":{"east":{"uv":[5.5,2.625,5.1875,2.9375],"rotation":0,"texture":"#0","tintindex":0},"south":{"uv":[6.0,0.9375,6.375,1.25],"rotation":0,"texture":"#0","tintindex":0},"north":{"uv":[6.375,0.9375,6.0,1.25],"rotation":0,"texture":"#0","tintindex":0},"west":{"uv":[1.0625,3.875,0.75,4.1875],"rotation":0,"texture":"#0","tintindex":0},"up":{"uv":[6.0,2.0,6.375,1.6875],"rotation":0,"texture":"#0","tintindex":0},"down":{"uv":[6.0,2.0625,6.375,2.375],"rotation":0,"texture":"#0","tintindex":0}}},{"from":[9.527457,9.792515,7.3203006],"to":[11.813171,13.2210865,9.034587],"rotation":{"angle":22.5,"axis":"z","origin":[10.670315,11.5068,8.1774435]},"faces":{"east":{"uv":[3.875,6.1875,3.6875,6.5625],"rotation":0,"texture":"#0","tintindex":0},"south":{"uv":[6.0,3.25,6.25,3.625],"rotation":0,"texture":"#0","tintindex":0},"north":{"uv":[6.25,3.25,6.0,3.625],"rotation":0,"texture":"#0","tintindex":0},"west":{"uv":[3.625,6.1875,3.4375,6.5625],"rotation":0,"texture":"#0","tintindex":0},"up":{"uv":[6.25,5.6875,6.5,5.5],"rotation":0,"texture":"#0","tintindex":0},"down":{"uv":[6.5625,3.5625,6.8125,3.75],"rotation":0,"texture":"#0","tintindex":0}}},{"from":[7.3605795,12.611353,7.606015],"to":[10.789151,13.7542095,8.748872],"rotation":{"angle":-22.5,"axis":"z","origin":[9.074865,13.182781,8.1774435]},"faces":{"east":{"uv":[7.125,4.625,7.0,4.75],"rotation":0,"texture":"#0","tintindex":0},"south":{"uv":[3.75,1.5,4.125,1.625],"rotation":0,"texture":"#0","tintindex":0},"north":{"uv":[4.125,1.5,3.75,1.625],"rotation":0,"texture":"#0","tintindex":0},"west":{"uv":[7.0,5.3125,6.875,5.4375],"rotation":0,"texture":"#0","tintindex":0},"up":{"uv":[6.4375,2.375,6.8125,2.25],"rotation":0,"texture":"#0","tintindex":0},"down":{"uv":[6.5625,3.8125,6.9375,3.9375],"rotation":0,"texture":"#0","tintindex":0}}},{"from":[10.7839,5.4609733,5.606015],"to":[11.926758,7.746688,10.748873],"rotation":{"angle":22.5,"axis":"z","origin":[11.355329,6.6038303,8.1774435]},"faces":{"east":{"uv":[6.3125,5.9375,5.75,6.1875],"rotation":0,"texture":"#0","tintindex":0},"south":{"uv":[4.75,6.8125,4.875,7.0625],"rotation":0,"texture":"#0","tintindex":0},"north":{"uv":[4.875,6.8125,4.75,7.0625],"rotation":0,"texture":"#0","tintindex":0},"west":{"uv":[6.5,4.0,5.9375,4.25],"rotation":0,"texture":"#0","tintindex":0},"up":{"uv":[2.8125,6.8125,2.9375,6.25],"rotation":0,"texture":"#0","tintindex":0},"down":{"uv":[3.0,6.25,3.125,6.8125],"rotation":0,"texture":"#0","tintindex":0}}},{"from":[9.946714,5.067118,5.606015],"to":[11.089571,6.2099752,10.748873],"rotation":{"angle":22.5,"axis":"z","origin":[10.518143,5.638547,8.1774435]},"faces":{"east":{"uv":[6.8125,5.3125,6.25,5.4375],"rotation":0,"texture":"#0","tintindex":0},"south":{"uv":[7.0,4.8125,7.125,4.9375],"rotation":0,"texture":"#0","tintindex":0},"north":{"uv":[7.125,4.8125,7.0,4.9375],"rotation":0,"texture":"#0","tintindex":0},"west":{"uv":[6.5625,5.75,6.0,5.875],"rotation":0,"texture":"#0","tintindex":0},"up":{"uv":[3.1875,6.8125,3.3125,6.25],"rotation":0,"texture":"#0","tintindex":0},"down":{"uv":[5.75,6.25,5.875,6.8125],"rotation":0,"texture":"#0","tintindex":0}}},{"from":[5.44831,8.175438,5.606015],"to":[6.5911674,9.889724,10.748873],"rotation":{"angle":22.5,"axis":"z","origin":[6.0197387,9.03258,8.1774435]},"faces":{"east":{"uv":[6.5625,3.0,6.0,3.1875],"rotation":0,"texture":"#0","tintindex":0},"south":{"uv":[3.625,6.875,3.5,7.0625],"rotation":0,"texture":"#0","tintindex":0},"north":{"uv":[7.0,3.4375,6.875,3.625],"rotation":0,"texture":"#0","tintindex":0},"west":{"uv":[5.0625,1.25,4.5,1.4375],"rotation":0,"texture":"#0","tintindex":0},"up":{"uv":[5.9375,6.8125,6.0625,6.25],"rotation":0,"texture":"#0","tintindex":0},"down":{"uv":[6.125,6.25,6.25,6.8125],"rotation":0,"texture":"#0","tintindex":0}}}],"display":{"head":{"translation":[0.0,-6.4,0.0],"scale":[4.0,4.0,4.0]}}}