{"textures":{"0":"modelengine:entity/blaze_king"},"elements":[{"from":[7.4904118,5.9807568,6.135714],"to":[9.204698,8.266472,7.278571],"rotation":{"angle":22.5,"axis":"z","origin":[8.347554,7.1236143,6.707143]},"faces":{"east":{"uv":[5.75,0.9375,5.625,1.1875],"rotation":0,"texture":"#0","tintindex":0},"south":{"uv":[6.4375,1.625,6.625,1.875],"rotation":0,"texture":"#0","tintindex":0},"north":{"uv":[6.625,1.625,6.4375,1.875],"rotation":0,"texture":"#0","tintindex":0},"west":{"uv":[0.6875,4.625,0.5625,4.875],"rotation":0,"texture":"#0","tintindex":0},"up":{"uv":[6.5,6.9375,6.6875,6.8125],"rotation":0,"texture":"#0","tintindex":0},"down":{"uv":[6.8125,6.5,7.0,6.625],"rotation":0,"texture":"#0","tintindex":0}}},{"from":[7.081017,4.590671,6.15],"to":[8.223874,6.8763857,6.7214284],"rotation":{"angle":-45.0,"axis":"z","origin":[7.6524453,5.733528,6.4357142]},"faces":{"east":{"uv":[5.8125,6.875,5.75,7.125],"rotation":0,"texture":"#0","tintindex":0},"south":{"uv":[6.75,0.0,6.875,0.25],"rotation":0,"texture":"#0","tintindex":0},"north":{"uv":[6.875,0.0,6.75,0.25],"rotation":0,"texture":"#0","tintindex":0},"west":{"uv":[6.9375,4.6875,6.875,4.9375],"rotation":0,"texture":"#0","tintindex":0},"up":{"uv":[0.5625,5.0,0.6875,4.9375],"rotation":0,"texture":"#0","tintindex":0},"down":{"uv":[7.0625,6.6875,7.1875,6.75],"rotation":0,"texture":"#0","tintindex":0}}},{"from":[7.081017,4.590671,9.007143],"to":[8.223874,6.8763857,9.578571],"rotation":{"angle":-45.0,"axis":"z","origin":[7.6524453,5.733528,9.292857]},"faces":{"east":{"uv":[5.8125,6.875,5.75,7.125],"rotation":0,"texture":"#0","tintindex":0},"south":{"uv":[6.75,0.0,6.875,0.25],"rotation":0,"texture":"#0","tintindex":0},"north":{"uv":[6.875,0.0,6.75,0.25],"rotation":0,"texture":"#0","tintindex":0},"west":{"uv":[6.9375,4.6875,6.875,4.9375],"rotation":0,"texture":"#0","tintindex":0},"up":{"uv":[0.5625,5.0,0.6875,4.9375],"rotation":0,"texture":"#0","tintindex":0},"down":{"uv":[7.0625,6.6875,7.1875,6.75],"rotation":0,"texture":"#0","tintindex":0}}},{"from":[7.4904118,5.9807568,8.992857],"to":[9.204698,8.266472,10.135715],"rotation":{"angle":22.5,"axis":"z","origin":[8.347554,7.1236143,9.564285]},"faces":{"east":{"uv":[5.75,0.9375,5.625,1.1875],"rotation":0,"texture":"#0","tintindex":0},"south":{"uv":[6.4375,1.625,6.625,1.875],"rotation":0,"texture":"#0","tintindex":0},"north":{"uv":[6.625,1.625,6.4375,1.875],"rotation":0,"texture":"#0","tintindex":0},"west":{"uv":[0.6875,4.625,0.5625,4.875],"rotation":0,"texture":"#0","tintindex":0},"up":{"uv":[6.5,6.9375,6.6875,6.8125],"rotation":0,"texture":"#0","tintindex":0},"down":{"uv":[6.8125,6.5,7.0,6.625],"rotation":0,"texture":"#0","tintindex":0}}},{"from":[7.081017,4.590671,7.5785713],"to":[8.223874,6.8763857,8.15],"rotation":{"angle":-45.0,"axis":"z","origin":[7.6524453,5.733528,7.8642855]},"faces":{"east":{"uv":[5.8125,6.875,5.75,7.125],"rotation":0,"texture":"#0","tintindex":0},"south":{"uv":[6.75,0.0,6.875,0.25],"rotation":0,"texture":"#0","tintindex":0},"north":{"uv":[6.875,0.0,6.75,0.25],"rotation":0,"texture":"#0","tintindex":0},"west":{"uv":[6.9375,4.6875,6.875,4.9375],"rotation":0,"texture":"#0","tintindex":0},"up":{"uv":[0.5625,5.0,0.6875,4.9375],"rotation":0,"texture":"#0","tintindex":0},"down":{"uv":[7.0625,6.6875,7.1875,6.75],"rotation":0,"texture":"#0","tintindex":0}}},{"from":[7.4904118,5.9807568,7.5642858],"to":[9.204698,8.266472,8.707143],"rotation":{"angle":22.5,"axis":"z","origin":[8.347554,7.1236143,8.135715]},"faces":{"east":{"uv":[5.75,0.9375,5.625,1.1875],"rotation":0,"texture":"#0","tintindex":0},"south":{"uv":[6.4375,1.625,6.625,1.875],"rotation":0,"texture":"#0","tintindex":0},"north":{"uv":[6.625,1.625,6.4375,1.875],"rotation":0,"texture":"#0","tintindex":0},"west":{"uv":[0.6875,4.625,0.5625,4.875],"rotation":0,"texture":"#0","tintindex":0},"up":{"uv":[6.5,6.9375,6.6875,6.8125],"rotation":0,"texture":"#0","tintindex":0},"down":{"uv":[6.8125,6.5,7.0,6.625],"rotation":0,"texture":"#0","tintindex":0}}}],"display":{"head":{"translation":[0.0,-6.4,0.0],"scale":[4.0,4.0,4.0]}}}