{"textures":{"0":"modelengine:entity/toro_deep_creature","1":"modelengine:entity/toro_deep_creature_antenna"},"elements":[{"from":[0.85714245,9.142858,-4.8571434],"to":[15.142858,15.428572,3.7142854],"rotation":{"angle":0.0,"axis":"y","origin":[8.285714,-18.857143,-4.285715]},"faces":{"east":{"uv":[6.78125,5.46875,7.25,5.8125],"rotation":0,"texture":"#0","tintindex":0},"south":{"uv":[5.5625,5.46875,6.34375,5.8125],"rotation":0,"texture":"#0","tintindex":0},"north":{"uv":[5.5625,5.125,6.34375,5.46875],"rotation":0,"texture":"#0","tintindex":0},"west":{"uv":[5.34375,6.9375,5.8125,7.28125],"rotation":0,"texture":"#0","tintindex":0},"up":{"uv":[5.21875,4.0625,4.4375,3.59375],"rotation":0,"texture":"#0","tintindex":0},"down":{"uv":[5.28125,1.125,4.5,1.59375],"rotation":0,"texture":"#0","tintindex":0}}},{"from":[-10.714287,6.714286,-0.8571434],"to":[4.714286,21.57143,-0.8571434],"rotation":{"angle":0.0,"axis":"y","origin":[8.285714,-18.857143,-4.285715]},"faces":{"east":{"uv":[0.0,0.0,0.0,11.5],"rotation":0,"texture":"#1","tintindex":0},"south":{"uv":[12.0,0.0,0.0,11.5],"rotation":0,"texture":"#1","tintindex":0},"north":{"uv":[0.0,0.0,12.0,11.5],"rotation":0,"texture":"#1","tintindex":0},"west":{"uv":[0.0,0.0,0.0,11.5],"rotation":0,"texture":"#1","tintindex":0},"up":{"uv":[12.0,0.0,0.0,0.0],"rotation":0,"texture":"#1","tintindex":0},"down":{"uv":[12.0,0.0,0.0,0.0],"rotation":0,"texture":"#1","tintindex":0}}},{"from":[11.285714,6.714286,-0.8571434],"to":[26.714287,21.57143,-0.8571434],"rotation":{"angle":0.0,"axis":"y","origin":[7.714286,-18.857143,-4.285715]},"faces":{"east":{"uv":[0.0,0.0,0.0,11.5],"rotation":0,"texture":"#1","tintindex":0},"south":{"uv":[0.0,0.0,12.0,11.5],"rotation":0,"texture":"#1","tintindex":0},"north":{"uv":[12.0,0.0,0.0,11.5],"rotation":0,"texture":"#1","tintindex":0},"west":{"uv":[0.0,0.0,0.0,11.5],"rotation":0,"texture":"#1","tintindex":0},"up":{"uv":[0.0,0.0,12.0,0.0],"rotation":0,"texture":"#1","tintindex":0},"down":{"uv":[0.0,0.0,12.0,0.0],"rotation":0,"texture":"#1","tintindex":0}}},{"from":[1.4285712,13.142858,0.85714245],"to":[14.571428,19.428572,7.714286],"rotation":{"angle":-22.5,"axis":"x","origin":[8.0,12.285715,10.857143]},"faces":{"east":{"uv":[7.3125,2.46875,7.6875,2.8125],"rotation":0,"texture":"#0","tintindex":0},"south":{"uv":[5.71875,2.90625,6.4375,3.25],"rotation":0,"texture":"#0","tintindex":0},"north":{"uv":[5.59375,4.40625,6.3125,4.75],"rotation":0,"texture":"#0","tintindex":0},"west":{"uv":[7.3125,6.09375,7.6875,6.4375],"rotation":0,"texture":"#0","tintindex":0},"up":{"uv":[3.21875,5.9375,2.5,5.5625],"rotation":0,"texture":"#0","tintindex":0},"down":{"uv":[6.28125,4.75,5.5625,5.125],"rotation":0,"texture":"#0","tintindex":0}}},{"from":[11.714286,7.428571,-4.8571434],"to":[14.0,9.142858,-3.7142859],"rotation":{"angle":0.0,"axis":"y","origin":[7.714286,-18.857143,-4.285715]},"faces":{"east":{"uv":[3.4375,1.625,3.5,1.71875],"rotation":0,"texture":"#0","tintindex":0},"south":{"uv":[4.96875,3.5,5.09375,3.59375],"rotation":0,"texture":"#0","tintindex":0},"north":{"uv":[4.84375,3.5,4.96875,3.59375],"rotation":0,"texture":"#0","tintindex":0},"west":{"uv":[6.65625,6.75,6.71875,6.84375],"rotation":0,"texture":"#0","tintindex":0},"up":{"uv":[1.34375,4.34375,1.21875,4.28125],"rotation":0,"texture":"#0","tintindex":0},"down":{"uv":[1.46875,4.28125,1.34375,4.34375],"rotation":0,"texture":"#0","tintindex":0}}},{"from":[1.9999995,7.428571,-4.8571434],"to":[4.285714,9.142858,-3.7142859],"rotation":{"angle":0.0,"axis":"y","origin":[8.285714,-18.857143,-4.285715]},"faces":{"east":{"uv":[7.09375,1.9375,7.15625,2.03125],"rotation":0,"texture":"#0","tintindex":0},"south":{"uv":[0.0,5.40625,0.125,5.5],"rotation":0,"texture":"#0","tintindex":0},"north":{"uv":[5.09375,3.5,5.21875,3.59375],"rotation":0,"texture":"#0","tintindex":0},"west":{"uv":[7.09375,2.03125,7.15625,2.125],"rotation":0,"texture":"#0","tintindex":0},"up":{"uv":[4.8125,2.625,4.6875,2.5625],"rotation":0,"texture":"#0","tintindex":0},"down":{"uv":[2.375,4.78125,2.25,4.84375],"rotation":0,"texture":"#0","tintindex":0}}},{"from":[6.857143,7.428571,-4.8571434],"to":[9.142858,9.142858,-3.7142859],"rotation":{"angle":0.0,"axis":"y","origin":[8.0,-18.857143,-4.285715]},"faces":{"east":{"uv":[2.65625,7.1875,2.71875,7.28125],"rotation":0,"texture":"#0","tintindex":0},"south":{"uv":[0.25,5.40625,0.375,5.5],"rotation":0,"texture":"#0","tintindex":0},"north":{"uv":[0.125,5.40625,0.25,5.5],"rotation":0,"texture":"#0","tintindex":0},"west":{"uv":[0.75,7.21875,0.8125,7.3125],"rotation":0,"texture":"#0","tintindex":0},"up":{"uv":[4.9375,2.625,4.8125,2.5625],"rotation":0,"texture":"#0","tintindex":0},"down":{"uv":[3.375,4.84375,3.25,4.90625],"rotation":0,"texture":"#0","tintindex":0}}}],"display":{"head":{"translation":[0.0,-6.4,0.0],"scale":[4.0,4.0,4.0]}}}