{"textures":{"0":"modelengine:entity/toro_deep_creature"},"elements":[{"from":[8.571428,4.0,5.714286],"to":[12.142858,10.857143,10.857143],"rotation":{"angle":-22.5,"axis":"z","origin":[9.857143,7.428571,8.285714]},"faces":{"east":{"uv":[0.25,7.6875,0.53125,8.0625],"rotation":0,"texture":"#0","tintindex":0},"south":{"uv":[5.59375,8.0,5.78125,8.375],"rotation":0,"texture":"#0","tintindex":0},"north":{"uv":[1.65625,6.53125,1.84375,6.90625],"rotation":0,"texture":"#0","tintindex":0},"west":{"uv":[7.6875,2.46875,7.96875,2.84375],"rotation":0,"texture":"#0","tintindex":0},"up":{"uv":[8.5,5.9375,8.3125,5.65625],"rotation":0,"texture":"#0","tintindex":0},"down":{"uv":[8.5,7.4375,8.3125,7.71875],"rotation":0,"texture":"#0","tintindex":0}}},{"from":[8.857143,9.0,6.857143],"to":[10.571428,12.428572,8.571428],"rotation":{"angle":-22.5,"axis":"z","origin":[9.857143,7.428571,8.285714]},"faces":{"east":{"uv":[1.375,6.34375,1.46875,6.53125],"rotation":0,"texture":"#0","tintindex":0},"south":{"uv":[7.15625,3.90625,7.25,4.09375],"rotation":0,"texture":"#0","tintindex":0},"north":{"uv":[4.34375,3.59375,4.4375,3.78125],"rotation":0,"texture":"#0","tintindex":0},"west":{"uv":[2.0,7.28125,2.09375,7.46875],"rotation":0,"texture":"#0","tintindex":0},"up":{"uv":[5.5625,5.8125,5.46875,5.71875],"rotation":0,"texture":"#0","tintindex":0},"down":{"uv":[3.125,6.90625,3.03125,7.0],"rotation":0,"texture":"#0","tintindex":0}}},{"from":[11.428572,12.0,7.0],"to":[13.142858,14.857143,8.714286],"rotation":{"angle":-45.0,"axis":"z","origin":[11.285714,13.0,7.714286]},"faces":{"east":{"uv":[6.8125,8.21875,6.90625,8.375],"rotation":0,"texture":"#0","tintindex":0},"south":{"uv":[8.875,2.75,8.96875,2.90625],"rotation":0,"texture":"#0","tintindex":0},"north":{"uv":[7.25,4.53125,7.34375,4.6875],"rotation":0,"texture":"#0","tintindex":0},"west":{"uv":[8.875,5.625,8.96875,5.78125],"rotation":0,"texture":"#0","tintindex":0},"up":{"uv":[7.03125,3.75,6.9375,3.65625],"rotation":0,"texture":"#0","tintindex":0},"down":{"uv":[7.09375,6.09375,7.0,6.1875],"rotation":0,"texture":"#0","tintindex":0}}},{"from":[7.428571,11.428572,6.714286],"to":[9.142858,16.0,8.285714],"rotation":{"angle":22.5,"axis":"z","origin":[9.857143,7.428571,8.285714]},"faces":{"east":{"uv":[3.625,8.75,3.71875,9.0],"rotation":0,"texture":"#0","tintindex":0},"south":{"uv":[5.59375,8.78125,5.6875,9.03125],"rotation":0,"texture":"#0","tintindex":0},"north":{"uv":[6.65625,4.09375,6.75,4.34375],"rotation":0,"texture":"#0","tintindex":0},"west":{"uv":[8.375,8.78125,8.46875,9.03125],"rotation":0,"texture":"#0","tintindex":0},"up":{"uv":[7.125,3.75,7.03125,3.65625],"rotation":0,"texture":"#0","tintindex":0},"down":{"uv":[7.1875,6.09375,7.09375,6.1875],"rotation":0,"texture":"#0","tintindex":0}}},{"from":[3.2497025,9.517532,6.714286],"to":[4.963988,12.946104,8.285714],"rotation":{"angle":45.0,"axis":"z","origin":[4.106845,11.231818,7.5]},"faces":{"east":{"uv":[8.875,1.0,8.96875,1.1875],"rotation":0,"texture":"#0","tintindex":0},"south":{"uv":[8.875,1.5,8.96875,1.6875],"rotation":0,"texture":"#0","tintindex":0},"north":{"uv":[1.90625,7.8125,2.0,8.0],"rotation":0,"texture":"#0","tintindex":0},"west":{"uv":[1.53125,8.875,1.625,9.0625],"rotation":0,"texture":"#0","tintindex":0},"up":{"uv":[7.28125,6.1875,7.1875,6.09375],"rotation":0,"texture":"#0","tintindex":0},"down":{"uv":[7.46875,2.09375,7.375,2.1875],"rotation":0,"texture":"#0","tintindex":0}}},{"from":[0.28571415,8.857143,5.0],"to":[7.142857,14.0,9.714286],"rotation":{"angle":22.5,"axis":"z","origin":[10.142858,18.857143,18.285715]},"faces":{"east":{"uv":[6.4375,2.9375,6.6875,3.21875],"rotation":0,"texture":"#0","tintindex":0},"south":{"uv":[7.6875,4.5,8.0625,4.78125],"rotation":0,"texture":"#0","tintindex":0},"north":{"uv":[7.65625,1.0625,8.03125,1.34375],"rotation":0,"texture":"#0","tintindex":0},"west":{"uv":[3.25,8.03125,3.5,8.3125],"rotation":0,"texture":"#0","tintindex":0},"up":{"uv":[2.21875,5.5625,1.84375,5.3125],"rotation":0,"texture":"#0","tintindex":0},"down":{"uv":[8.15625,1.96875,7.78125,2.21875],"rotation":0,"texture":"#0","tintindex":0}}},{"from":[2.5714283,2.5714283,6.857143],"to":[6.5714283,9.428572,9.714286],"rotation":{"angle":22.5,"axis":"z","origin":[8.285714,14.571428,18.285715]},"faces":{"east":{"uv":[4.25,5.46875,4.40625,5.84375],"rotation":0,"texture":"#0","tintindex":0},"south":{"uv":[2.65625,7.90625,2.875,8.28125],"rotation":0,"texture":"#0","tintindex":0},"north":{"uv":[7.34375,7.875,7.5625,8.25],"rotation":0,"texture":"#0","tintindex":0},"west":{"uv":[2.34375,6.0,2.5,6.375],"rotation":0,"texture":"#0","tintindex":0},"up":{"uv":[6.71875,1.71875,6.5,1.5625],"rotation":0,"texture":"#0","tintindex":0},"down":{"uv":[7.6875,5.9375,7.46875,6.09375],"rotation":0,"texture":"#0","tintindex":0}}}],"display":{"head":{"translation":[0.0,-6.4,0.0],"scale":[4.0,4.0,4.0]}}}