{"textures":{"0":"modelengine:entity/toro_deep_creature"},"elements":[{"from":[0.7950959,2.4285712,6.223667],"to":[9.366525,6.428571,10.223667],"rotation":{"angle":45.0,"axis":"z","origin":[3.4203887,6.7473607,8.223667]},"faces":{"east":{"uv":[7.59375,8.46875,7.8125,8.6875],"rotation":0,"texture":"#0","tintindex":0},"south":{"uv":[7.65625,2.84375,8.125,3.0625],"rotation":0,"texture":"#0","tintindex":0},"north":{"uv":[6.6875,1.125,7.15625,1.34375],"rotation":0,"texture":"#0","tintindex":0},"west":{"uv":[8.46875,8.0,8.6875,8.21875],"rotation":0,"texture":"#0","tintindex":0},"up":{"uv":[8.15625,5.3125,7.6875,5.09375],"rotation":0,"texture":"#0","tintindex":0},"down":{"uv":[8.15625,5.3125,7.6875,5.53125],"rotation":0,"texture":"#0","tintindex":0}}},{"from":[2.0558677,-0.76157856,6.795096],"to":[6.0558677,4.3812785,9.652239],"rotation":{"angle":0.0,"axis":"y","origin":[3.4203887,1.6045032,8.223667]},"faces":{"east":{"uv":[7.1875,8.46875,7.34375,8.75],"rotation":0,"texture":"#0","tintindex":0},"south":{"uv":[7.84375,8.125,8.0625,8.40625],"rotation":0,"texture":"#0","tintindex":0},"north":{"uv":[3.96875,8.125,4.1875,8.40625],"rotation":0,"texture":"#0","tintindex":0},"west":{"uv":[4.59375,8.5,4.75,8.78125],"rotation":0,"texture":"#0","tintindex":0},"up":{"uv":[8.78125,1.5,8.5625,1.34375],"rotation":0,"texture":"#0","tintindex":0},"down":{"uv":[8.78125,4.125,8.5625,4.28125],"rotation":0,"texture":"#0","tintindex":0}}},{"from":[1.6161275,-6.5938263,7.0808105],"to":[4.7589846,-0.1652546,9.366525],"rotation":{"angle":22.5,"axis":"z","origin":[3.4203887,1.6045032,8.223667]},"faces":{"east":{"uv":[7.0625,0.4375,7.1875,0.78125],"rotation":0,"texture":"#0","tintindex":0},"south":{"uv":[6.4375,8.03125,6.625,8.375],"rotation":0,"texture":"#0","tintindex":0},"north":{"uv":[7.03125,5.125,7.21875,5.46875],"rotation":0,"texture":"#0","tintindex":0},"west":{"uv":[0.96875,8.5,1.09375,8.84375],"rotation":0,"texture":"#0","tintindex":0},"up":{"uv":[5.40625,4.0625,5.21875,3.9375],"rotation":0,"texture":"#0","tintindex":0},"down":{"uv":[5.59375,3.9375,5.40625,4.0625],"rotation":0,"texture":"#0","tintindex":0}}}],"display":{"head":{"translation":[0.0,-6.4,0.0],"scale":[4.0,4.0,4.0]}}}