{"textures":{"0":"modelengine:entity/toro_deep_creature"},"elements":[{"from":[5.714286,-4.000001,6.0],"to":[10.285714,8.571428,10.571428],"rotation":{"angle":0.0,"axis":"y","origin":[16.0,-16.000002,6.857143]},"faces":{"east":{"uv":[6.71875,6.1875,6.96875,6.875],"rotation":0,"texture":"#0","tintindex":0},"south":{"uv":[6.75,4.09375,7.0,4.78125],"rotation":0,"texture":"#0","tintindex":0},"north":{"uv":[4.625,6.65625,4.875,7.34375],"rotation":0,"texture":"#0","tintindex":0},"west":{"uv":[6.15625,6.75,6.40625,7.4375],"rotation":0,"texture":"#0","tintindex":0},"up":{"uv":[6.28125,8.3125,6.03125,8.0625],"rotation":0,"texture":"#0","tintindex":0},"down":{"uv":[8.34375,3.0625,8.09375,3.3125],"rotation":0,"texture":"#0","tintindex":0}}},{"from":[5.142857,-4.5714293,5.428571],"to":[6.857143,1.1428566,7.142857],"rotation":{"angle":0.0,"axis":"y","origin":[16.0,-16.000002,6.857143]},"faces":{"east":{"uv":[4.46875,7.4375,4.5625,7.75],"rotation":0,"texture":"#0","tintindex":0},"south":{"uv":[2.5625,7.96875,2.65625,8.28125],"rotation":0,"texture":"#0","tintindex":0},"north":{"uv":[4.875,6.65625,4.96875,6.96875],"rotation":0,"texture":"#0","tintindex":0},"west":{"uv":[6.71875,8.53125,6.8125,8.84375],"rotation":0,"texture":"#0","tintindex":0},"up":{"uv":[8.4375,6.59375,8.34375,6.5],"rotation":0,"texture":"#0","tintindex":0},"down":{"uv":[7.0625,8.375,6.96875,8.46875],"rotation":0,"texture":"#0","tintindex":0}}},{"from":[8.0,-4.5714293,5.428571],"to":[9.714286,-1.7142859,6.0],"rotation":{"angle":0.0,"axis":"y","origin":[16.0,-16.000002,6.857143]},"faces":{"east":{"uv":[1.84375,4.90625,1.875,5.0625],"rotation":0,"texture":"#0","tintindex":0},"south":{"uv":[7.9375,8.875,8.03125,9.03125],"rotation":0,"texture":"#0","tintindex":0},"north":{"uv":[7.5625,8.875,7.65625,9.03125],"rotation":0,"texture":"#0","tintindex":0},"west":{"uv":[1.84375,5.0625,1.875,5.21875],"rotation":0,"texture":"#0","tintindex":0},"up":{"uv":[4.6875,1.625,4.59375,1.59375],"rotation":0,"texture":"#0","tintindex":0},"down":{"uv":[4.75,1.09375,4.65625,1.125],"rotation":0,"texture":"#0","tintindex":0}}},{"from":[9.142858,-4.5714293,8.857143],"to":[10.857143,-1.7142859,11.142858],"rotation":{"angle":0.0,"axis":"y","origin":[16.0,-16.000002,6.857143]},"faces":{"east":{"uv":[0.6875,8.875,0.8125,9.03125],"rotation":0,"texture":"#0","tintindex":0},"south":{"uv":[8.71875,8.875,8.8125,9.03125],"rotation":0,"texture":"#0","tintindex":0},"north":{"uv":[8.875,8.40625,8.96875,8.5625],"rotation":0,"texture":"#0","tintindex":0},"west":{"uv":[8.875,0.6875,9.0,0.84375],"rotation":0,"texture":"#0","tintindex":0},"up":{"uv":[7.46875,3.90625,7.375,3.78125],"rotation":0,"texture":"#0","tintindex":0},"down":{"uv":[2.875,8.28125,2.78125,8.40625],"rotation":0,"texture":"#0","tintindex":0}}},{"from":[5.142857,-4.5714293,8.857143],"to":[6.857143,-0.57142925,11.142858],"rotation":{"angle":0.0,"axis":"y","origin":[16.0,-16.000002,6.857143]},"faces":{"east":{"uv":[8.75,1.6875,8.875,1.90625],"rotation":0,"texture":"#0","tintindex":0},"south":{"uv":[8.84375,2.53125,8.9375,2.75],"rotation":0,"texture":"#0","tintindex":0},"north":{"uv":[8.84375,2.15625,8.9375,2.375],"rotation":0,"texture":"#0","tintindex":0},"west":{"uv":[1.90625,8.75,2.03125,8.96875],"rotation":0,"texture":"#0","tintindex":0},"up":{"uv":[9.0,3.1875,8.90625,3.0625],"rotation":0,"texture":"#0","tintindex":0},"down":{"uv":[3.21875,8.90625,3.125,9.03125],"rotation":0,"texture":"#0","tintindex":0}}},{"from":[5.714286,5.142857,5.142857],"to":[10.857143,10.285714,11.428572],"rotation":{"angle":22.5,"axis":"z","origin":[8.0,7.714286,8.571428]},"faces":{"east":{"uv":[0.78125,7.71875,1.125,8.0],"rotation":0,"texture":"#0","tintindex":0},"south":{"uv":[1.125,7.96875,1.40625,8.25],"rotation":0,"texture":"#0","tintindex":0},"north":{"uv":[4.71875,7.90625,5.0,8.1875],"rotation":0,"texture":"#0","tintindex":0},"west":{"uv":[7.71875,1.34375,8.0625,1.625],"rotation":0,"texture":"#0","tintindex":0},"up":{"uv":[8.0,1.96875,7.71875,1.625],"rotation":0,"texture":"#0","tintindex":0},"down":{"uv":[6.3125,7.71875,6.03125,8.0625],"rotation":0,"texture":"#0","tintindex":0}}}],"display":{"head":{"translation":[0.0,-6.4,0.0],"scale":[4.0,4.0,4.0]}}}