{"textures":{"0":"modelengine:entity/toro_deep_creature"},"elements":[{"from":[3.6522388,3.7470593,4.0],"to":[12.223667,8.889916,12.0],"rotation":{"angle":22.5,"axis":"z","origin":[6.509382,5.318488,8.0]},"faces":{"east":{"uv":[5.125,4.75,5.5625,5.03125],"rotation":0,"texture":"#0","tintindex":0},"south":{"uv":[7.1875,1.0625,7.65625,1.34375],"rotation":0,"texture":"#0","tintindex":0},"north":{"uv":[7.0,5.8125,7.46875,6.09375],"rotation":0,"texture":"#0","tintindex":0},"west":{"uv":[0.75,7.4375,1.1875,7.71875],"rotation":0,"texture":"#0","tintindex":0},"up":{"uv":[2.3125,6.90625,1.84375,6.46875],"rotation":0,"texture":"#0","tintindex":0},"down":{"uv":[5.8125,6.5,5.34375,6.9375],"rotation":0,"texture":"#0","tintindex":0}}},{"from":[1.0808101,1.3184876,3.4285712],"to":[6.795096,7.6042023,12.571428],"rotation":{"angle":-22.5,"axis":"z","origin":[3.0808105,4.1756306,8.0]},"faces":{"east":{"uv":[6.5625,0.4375,7.0625,0.78125],"rotation":0,"texture":"#0","tintindex":0},"south":{"uv":[7.65625,6.4375,7.96875,6.78125],"rotation":0,"texture":"#0","tintindex":0},"north":{"uv":[5.46875,7.65625,5.78125,8.0],"rotation":0,"texture":"#0","tintindex":0},"west":{"uv":[6.65625,3.75,7.15625,4.09375],"rotation":0,"texture":"#0","tintindex":0},"up":{"uv":[3.4375,0.5,3.125,0.0],"rotation":0,"texture":"#0","tintindex":0},"down":{"uv":[0.3125,6.84375,0.0,7.34375],"rotation":0,"texture":"#0","tintindex":0}}}],"display":{"head":{"translation":[0.0,-6.4,0.0],"scale":[4.0,4.0,4.0]}}}