{"textures":{"0":"modelengine:entity/toro_deep_creature"},"elements":[{"from":[6.857143,5.714286,1.7142854],"to":[10.857143,9.714286,6.857143],"rotation":{"angle":0.0,"axis":"y","origin":[8.0,10.285714,10.857143]},"faces":{"east":{"uv":[0.4375,8.125,0.71875,8.34375],"rotation":0,"texture":"#0","tintindex":0},"south":{"uv":[8.46875,2.5625,8.6875,2.78125],"rotation":0,"texture":"#0","tintindex":0},"north":{"uv":[2.34375,8.46875,2.5625,8.6875],"rotation":0,"texture":"#0","tintindex":0},"west":{"uv":[8.125,2.84375,8.40625,3.0625],"rotation":0,"texture":"#0","tintindex":0},"up":{"uv":[3.09375,8.40625,2.875,8.125],"rotation":0,"texture":"#0","tintindex":0},"down":{"uv":[3.96875,8.125,3.75,8.40625],"rotation":0,"texture":"#0","tintindex":0}}},{"from":[7.428571,3.7142854,-1.8571434],"to":[10.285714,7.142857,2.142857],"rotation":{"angle":-45.0,"axis":"x","origin":[8.857143,7.714286,-0.8571434]},"faces":{"east":{"uv":[8.40625,1.15625,8.625,1.34375],"rotation":0,"texture":"#0","tintindex":0},"south":{"uv":[7.15625,2.1875,7.3125,2.375],"rotation":0,"texture":"#0","tintindex":0},"north":{"uv":[4.0,6.8125,4.15625,7.0],"rotation":0,"texture":"#0","tintindex":0},"west":{"uv":[8.5,5.65625,8.71875,5.84375],"rotation":0,"texture":"#0","tintindex":0},"up":{"uv":[5.71875,3.125,5.5625,2.90625],"rotation":0,"texture":"#0","tintindex":0},"down":{"uv":[6.21875,0.84375,6.0625,1.0625],"rotation":0,"texture":"#0","tintindex":0}}},{"from":[7.714286,0.9999995,-0.2857151],"to":[10.0,6.714286,1.9999995],"rotation":{"angle":22.5,"axis":"x","origin":[8.857143,7.714286,-0.8571434]},"faces":{"east":{"uv":[5.21875,6.96875,5.34375,7.28125],"rotation":0,"texture":"#0","tintindex":0},"south":{"uv":[5.25,8.53125,5.375,8.84375],"rotation":0,"texture":"#0","tintindex":0},"north":{"uv":[3.5,1.625,3.625,1.9375],"rotation":0,"texture":"#0","tintindex":0},"west":{"uv":[1.5625,8.5625,1.6875,8.875],"rotation":0,"texture":"#0","tintindex":0},"up":{"uv":[8.28125,7.5625,8.15625,7.4375],"rotation":0,"texture":"#0","tintindex":0},"down":{"uv":[8.3125,5.65625,8.1875,5.78125],"rotation":0,"texture":"#0","tintindex":0}}}],"display":{"head":{"translation":[0.0,-6.4,0.0],"scale":[4.0,4.0,4.0]}}}