{"textures":{"0":"modelengine:entity/toro_deep_creature"},"elements":[{"from":[6.6334753,2.4285712,6.223667],"to":[15.204905,6.428571,10.223667],"rotation":{"angle":-45.0,"axis":"z","origin":[12.579611,6.7473607,8.223667]},"faces":{"east":{"uv":[8.5,1.5625,8.71875,1.78125],"rotation":0,"texture":"#0","tintindex":0},"south":{"uv":[7.6875,6.15625,8.15625,6.375],"rotation":0,"texture":"#0","tintindex":0},"north":{"uv":[7.6875,5.9375,8.15625,6.15625],"rotation":0,"texture":"#0","tintindex":0},"west":{"uv":[1.78125,8.5,2.0,8.71875],"rotation":0,"texture":"#0","tintindex":0},"up":{"uv":[8.15625,7.34375,7.6875,7.125],"rotation":0,"texture":"#0","tintindex":0},"down":{"uv":[8.15625,7.34375,7.6875,7.5625],"rotation":0,"texture":"#0","tintindex":0}}},{"from":[9.944132,-0.76157856,6.795096],"to":[13.944132,4.3812785,9.652239],"rotation":{"angle":0.0,"axis":"y","origin":[12.579611,1.6045032,8.223667]},"faces":{"east":{"uv":[8.5,5.15625,8.65625,5.4375],"rotation":0,"texture":"#0","tintindex":0},"south":{"uv":[8.15625,5.9375,8.375,6.21875],"rotation":0,"texture":"#0","tintindex":0},"north":{"uv":[5.78125,8.15625,6.0,8.4375],"rotation":0,"texture":"#0","tintindex":0},"west":{"uv":[5.375,8.5,5.53125,8.78125],"rotation":0,"texture":"#0","tintindex":0},"up":{"uv":[8.875,0.375,8.65625,0.21875],"rotation":0,"texture":"#0","tintindex":0},"down":{"uv":[8.875,0.375,8.65625,0.53125],"rotation":0,"texture":"#0","tintindex":0}}},{"from":[11.241015,-6.5938263,7.0808105],"to":[14.383873,-0.1652546,9.366525],"rotation":{"angle":-22.5,"axis":"z","origin":[12.579611,1.6045032,8.223667]},"faces":{"east":{"uv":[8.5,7.40625,8.625,7.75],"rotation":0,"texture":"#0","tintindex":0},"south":{"uv":[8.0625,0.3125,8.25,0.65625],"rotation":0,"texture":"#0","tintindex":0},"north":{"uv":[0.25,8.0625,0.4375,8.40625],"rotation":0,"texture":"#0","tintindex":0},"west":{"uv":[8.53125,0.53125,8.65625,0.875],"rotation":0,"texture":"#0","tintindex":0},"up":{"uv":[8.6875,6.8125,8.5,6.6875],"rotation":0,"texture":"#0","tintindex":0},"down":{"uv":[8.9375,7.53125,8.75,7.65625],"rotation":0,"texture":"#0","tintindex":0}}}],"display":{"head":{"translation":[0.0,-6.4,0.0],"scale":[4.0,4.0,4.0]}}}