{"textures":{"0":"modelengine:entity/toro_deep_creature"},"elements":[{"from":[3.7763324,3.7470593,4.0],"to":[12.347761,8.889916,12.0],"rotation":{"angle":-22.5,"axis":"z","origin":[9.490619,5.318488,8.0]},"faces":{"east":{"uv":[6.03125,7.4375,6.46875,7.71875],"rotation":0,"texture":"#0","tintindex":0},"south":{"uv":[7.3125,2.1875,7.78125,2.46875],"rotation":0,"texture":"#0","tintindex":0},"north":{"uv":[7.1875,2.8125,7.65625,3.09375],"rotation":0,"texture":"#0","tintindex":0},"west":{"uv":[7.46875,3.78125,7.90625,4.0625],"rotation":0,"texture":"#0","tintindex":0},"up":{"uv":[7.03125,0.4375,6.5625,0.0],"rotation":0,"texture":"#0","tintindex":0},"down":{"uv":[0.8125,6.625,0.34375,7.0625],"rotation":0,"texture":"#0","tintindex":0}}},{"from":[9.204905,1.3184876,3.4285712],"to":[14.919189,7.6042023,12.571428],"rotation":{"angle":22.5,"axis":"z","origin":[12.919189,4.1756306,8.0]},"faces":{"east":{"uv":[6.6875,0.78125,7.1875,1.125],"rotation":0,"texture":"#0","tintindex":0},"south":{"uv":[7.6875,0.0,8.0,0.34375],"rotation":0,"texture":"#0","tintindex":0},"north":{"uv":[7.65625,6.78125,7.96875,7.125],"rotation":0,"texture":"#0","tintindex":0},"west":{"uv":[6.6875,2.9375,7.1875,3.28125],"rotation":0,"texture":"#0","tintindex":0},"up":{"uv":[3.03125,7.40625,2.71875,6.90625],"rotation":0,"texture":"#0","tintindex":0},"down":{"uv":[2.40625,6.96875,2.09375,7.46875],"rotation":0,"texture":"#0","tintindex":0}}}],"display":{"head":{"translation":[0.0,-6.4,0.0],"scale":[4.0,4.0,4.0]}}}