{"textures":{"0":"modelengine:entity/toro_deep_creature"},"elements":[{"from":[4.5714283,2.2857141,3.142857],"to":[12.571428,10.857143,12.285715],"rotation":{"angle":-22.5,"axis":"z","origin":[10.857143,7.714286,6.285714]},"faces":{"east":{"uv":[6.0625,0.375,6.5625,0.84375],"rotation":0,"texture":"#0","tintindex":0},"south":{"uv":[4.1875,6.53125,4.625,7.0],"rotation":0,"texture":"#0","tintindex":0},"north":{"uv":[1.21875,6.53125,1.65625,7.0],"rotation":0,"texture":"#0","tintindex":0},"west":{"uv":[6.15625,2.4375,6.65625,2.90625],"rotation":0,"texture":"#0","tintindex":0},"up":{"uv":[6.75,4.84375,6.3125,4.34375],"rotation":0,"texture":"#0","tintindex":0},"down":{"uv":[6.78125,4.84375,6.34375,5.34375],"rotation":0,"texture":"#0","tintindex":0}}},{"from":[7.841959,-11.385483,4.285714],"to":[14.127674,6.3288035,11.142858],"rotation":{"angle":0.0,"axis":"y","origin":[15.699102,4.4716606,7.714286]},"faces":{"east":{"uv":[4.6875,1.59375,5.0625,2.5625],"rotation":0,"texture":"#0","tintindex":0},"south":{"uv":[5.0625,1.59375,5.40625,2.5625],"rotation":0,"texture":"#0","tintindex":0},"north":{"uv":[4.75,5.03125,5.09375,6.0],"rotation":0,"texture":"#0","tintindex":0},"west":{"uv":[4.75,4.0625,5.125,5.03125],"rotation":0,"texture":"#0","tintindex":0},"up":{"uv":[7.6875,4.90625,7.34375,4.53125],"rotation":0,"texture":"#0","tintindex":0},"down":{"uv":[7.6875,7.1875,7.34375,7.5625],"rotation":0,"texture":"#0","tintindex":0}}},{"from":[6.127673,-6.242625,3.7142854],"to":[12.413387,4.0430894,10.571428],"rotation":{"angle":0.0,"axis":"y","origin":[15.699102,4.4716606,7.714286]},"faces":{"east":{"uv":[4.96875,6.40625,5.34375,6.96875],"rotation":0,"texture":"#0","tintindex":0},"south":{"uv":[6.65625,2.375,7.0,2.9375],"rotation":0,"texture":"#0","tintindex":0},"north":{"uv":[5.8125,6.625,6.15625,7.1875],"rotation":0,"texture":"#0","tintindex":0},"west":{"uv":[0.84375,6.4375,1.21875,7.0],"rotation":0,"texture":"#0","tintindex":0},"up":{"uv":[7.71875,1.71875,7.375,1.34375],"rotation":0,"texture":"#0","tintindex":0},"down":{"uv":[7.71875,1.71875,7.375,2.09375],"rotation":0,"texture":"#0","tintindex":0}}},{"from":[7.2705307,-11.956913,3.7142854],"to":[9.556245,-7.385483,6.5714283],"rotation":{"angle":0.0,"axis":"y","origin":[15.699102,4.4716606,7.714286]},"faces":{"east":{"uv":[3.21875,8.5625,3.375,8.8125],"rotation":0,"texture":"#0","tintindex":0},"south":{"uv":[8.59375,8.65625,8.71875,8.90625],"rotation":0,"texture":"#0","tintindex":0},"north":{"uv":[8.46875,8.65625,8.59375,8.90625],"rotation":0,"texture":"#0","tintindex":0},"west":{"uv":[8.5625,3.875,8.71875,4.125],"rotation":0,"texture":"#0","tintindex":0},"up":{"uv":[9.0,0.53125,8.875,0.375],"rotation":0,"texture":"#0","tintindex":0},"down":{"uv":[0.53125,8.875,0.40625,9.03125],"rotation":0,"texture":"#0","tintindex":0}}},{"from":[11.270531,-11.956913,3.7142854],"to":[12.984817,-9.099768,5.428571],"rotation":{"angle":0.0,"axis":"y","origin":[15.699102,4.4716606,7.714286]},"faces":{"east":{"uv":[7.0,8.875,7.09375,9.03125],"rotation":0,"texture":"#0","tintindex":0},"south":{"uv":[8.875,7.21875,8.96875,7.375],"rotation":0,"texture":"#0","tintindex":0},"north":{"uv":[6.90625,8.875,7.0,9.03125],"rotation":0,"texture":"#0","tintindex":0},"west":{"uv":[7.46875,8.875,7.5625,9.03125],"rotation":0,"texture":"#0","tintindex":0},"up":{"uv":[7.78125,5.625,7.6875,5.53125],"rotation":0,"texture":"#0","tintindex":0},"down":{"uv":[4.5625,7.75,4.46875,7.84375],"rotation":0,"texture":"#0","tintindex":0}}},{"from":[12.984817,-11.956913,6.0],"to":[14.699102,-7.385483,7.714286],"rotation":{"angle":0.0,"axis":"y","origin":[15.699102,4.4716606,7.714286]},"faces":{"east":{"uv":[8.8125,5.96875,8.90625,6.21875],"rotation":0,"texture":"#0","tintindex":0},"south":{"uv":[0.9375,8.84375,1.03125,9.09375],"rotation":0,"texture":"#0","tintindex":0},"north":{"uv":[8.8125,4.25,8.90625,4.5],"rotation":0,"texture":"#0","tintindex":0},"west":{"uv":[5.25,8.84375,5.34375,9.09375],"rotation":0,"texture":"#0","tintindex":0},"up":{"uv":[7.65625,7.96875,7.5625,7.875],"rotation":0,"texture":"#0","tintindex":0},"down":{"uv":[8.0,3.96875,7.90625,4.0625],"rotation":0,"texture":"#0","tintindex":0}}},{"from":[12.413387,-11.956913,9.428572],"to":[14.699102,-4.5283394,11.714286],"rotation":{"angle":0.0,"axis":"y","origin":[15.699102,4.4716606,7.714286]},"faces":{"east":{"uv":[8.1875,8.34375,8.3125,8.75],"rotation":0,"texture":"#0","tintindex":0},"south":{"uv":[8.375,2.15625,8.5,2.5625],"rotation":0,"texture":"#0","tintindex":0},"north":{"uv":[8.34375,8.125,8.46875,8.53125],"rotation":0,"texture":"#0","tintindex":0},"west":{"uv":[8.375,5.0625,8.5,5.46875],"rotation":0,"texture":"#0","tintindex":0},"up":{"uv":[8.46875,2.6875,8.34375,2.5625],"rotation":0,"texture":"#0","tintindex":0},"down":{"uv":[8.53125,3.625,8.40625,3.75],"rotation":0,"texture":"#0","tintindex":0}}},{"from":[7.2705307,-11.956913,9.428572],"to":[9.556245,-7.956911,11.714286],"rotation":{"angle":0.0,"axis":"y","origin":[15.699102,4.4716606,7.714286]},"faces":{"east":{"uv":[4.25,8.71875,4.375,8.9375],"rotation":0,"texture":"#0","tintindex":0},"south":{"uv":[5.125,8.71875,5.25,8.9375],"rotation":0,"texture":"#0","tintindex":0},"north":{"uv":[4.125,8.71875,4.25,8.9375],"rotation":0,"texture":"#0","tintindex":0},"west":{"uv":[6.125,8.71875,6.25,8.9375],"rotation":0,"texture":"#0","tintindex":0},"up":{"uv":[8.9375,6.34375,8.8125,6.21875],"rotation":0,"texture":"#0","tintindex":0},"down":{"uv":[8.96875,7.09375,8.84375,7.21875],"rotation":0,"texture":"#0","tintindex":0}}},{"from":[7.984816,-1.671196,6.0],"to":[12.556245,9.185946,9.428572],"rotation":{"angle":-45.0,"axis":"z","origin":[16.127674,2.3288035,7.714286]},"faces":{"east":{"uv":[3.5,7.5,3.6875,8.09375],"rotation":0,"texture":"#0","tintindex":0},"south":{"uv":[7.0,4.09375,7.25,4.6875],"rotation":0,"texture":"#0","tintindex":0},"north":{"uv":[4.0,7.0,4.25,7.59375],"rotation":0,"texture":"#0","tintindex":0},"west":{"uv":[3.6875,7.5,3.875,8.09375],"rotation":0,"texture":"#0","tintindex":0},"up":{"uv":[8.3125,4.78125,8.0625,4.59375],"rotation":0,"texture":"#0","tintindex":0},"down":{"uv":[8.625,5.46875,8.375,5.65625],"rotation":0,"texture":"#0","tintindex":0}}},{"from":[11.556245,-1.5283394,6.0],"to":[18.413387,3.0430894,9.428572],"rotation":{"angle":22.5,"axis":"z","origin":[16.127674,2.3288035,7.714286]},"faces":{"east":{"uv":[8.5,2.15625,8.6875,2.40625],"rotation":0,"texture":"#0","tintindex":0},"south":{"uv":[7.8125,5.53125,8.1875,5.78125],"rotation":0,"texture":"#0","tintindex":0},"north":{"uv":[5.0625,7.8125,5.4375,8.0625],"rotation":0,"texture":"#0","tintindex":0},"west":{"uv":[4.40625,8.5,4.59375,8.75],"rotation":0,"texture":"#0","tintindex":0},"up":{"uv":[8.40625,4.15625,8.03125,3.96875],"rotation":0,"texture":"#0","tintindex":0},"down":{"uv":[8.40625,4.15625,8.03125,4.34375],"rotation":0,"texture":"#0","tintindex":0}}}],"display":{"head":{"translation":[0.0,-6.4,0.0],"scale":[4.0,4.0,4.0]}}}