{"textures":{"0":"modelengine:entity/toro_deep_creature"},"elements":[{"from":[5.142857,5.714286,1.7142854],"to":[9.142858,9.714286,6.857143],"rotation":{"angle":0.0,"axis":"y","origin":[8.0,10.285714,10.857143]},"faces":{"east":{"uv":[8.0625,8.125,8.34375,8.34375],"rotation":0,"texture":"#0","tintindex":0},"south":{"uv":[8.46875,8.4375,8.6875,8.65625],"rotation":0,"texture":"#0","tintindex":0},"north":{"uv":[8.46875,8.21875,8.6875,8.4375],"rotation":0,"texture":"#0","tintindex":0},"west":{"uv":[8.15625,1.9375,8.4375,2.15625],"rotation":0,"texture":"#0","tintindex":0},"up":{"uv":[8.375,2.4375,8.15625,2.15625],"rotation":0,"texture":"#0","tintindex":0},"down":{"uv":[8.375,5.0625,8.15625,5.34375],"rotation":0,"texture":"#0","tintindex":0}}},{"from":[5.714286,3.7142854,-1.8571434],"to":[8.571428,7.142857,2.142857],"rotation":{"angle":-45.0,"axis":"x","origin":[7.142857,7.714286,-0.8571434]},"faces":{"east":{"uv":[8.5,6.5,8.71875,6.6875],"rotation":0,"texture":"#0","tintindex":0},"south":{"uv":[8.6875,2.5625,8.84375,2.75],"rotation":0,"texture":"#0","tintindex":0},"north":{"uv":[8.6875,2.1875,8.84375,2.375],"rotation":0,"texture":"#0","tintindex":0},"west":{"uv":[8.5,7.75,8.71875,7.9375],"rotation":0,"texture":"#0","tintindex":0},"up":{"uv":[7.34375,1.5625,7.1875,1.34375],"rotation":0,"texture":"#0","tintindex":0},"down":{"uv":[8.78125,5.4375,8.625,5.65625],"rotation":0,"texture":"#0","tintindex":0}}},{"from":[6.0,0.9999995,-0.2857151],"to":[8.285714,6.714286,1.9999995],"rotation":{"angle":22.5,"axis":"x","origin":[7.142857,7.714286,-0.8571434]},"faces":{"east":{"uv":[0.125,8.625,0.25,8.9375],"rotation":0,"texture":"#0","tintindex":0},"south":{"uv":[8.625,1.0,8.75,1.3125],"rotation":0,"texture":"#0","tintindex":0},"north":{"uv":[3.09375,8.59375,3.21875,8.90625],"rotation":0,"texture":"#0","tintindex":0},"west":{"uv":[3.375,8.625,3.5,8.9375],"rotation":0,"texture":"#0","tintindex":0},"up":{"uv":[1.75,9.0,1.625,8.875],"rotation":0,"texture":"#0","tintindex":0},"down":{"uv":[9.0,1.6875,8.875,1.8125],"rotation":0,"texture":"#0","tintindex":0}}}],"display":{"head":{"translation":[0.0,-6.4,0.0],"scale":[4.0,4.0,4.0]}}}