{"textures":{"0":"modelengine:entity/priest"},"elements":[{"from":[4.0247717,11.922263,20.0],"to":[6.081914,13.979406,20.685715],"rotation":{"angle":45.0,"axis":"z","origin":[-0.6231203,7.960086,20.685715]},"faces":{"east":{"uv":[9.16667,14.75,8.66667,14.5],"rotation":90,"texture":"#0","tintindex":0},"south":{"uv":[9.33333,8.75,9.83333,9.5],"rotation":0,"texture":"#0","tintindex":0},"north":{"uv":[9.83333,8.75,9.33333,9.5],"rotation":0,"texture":"#0","tintindex":0},"west":{"uv":[9.83333,12.25,9.66667,13.0],"rotation":0,"texture":"#0","tintindex":0},"up":{"uv":[8.66667,14.75,9.16667,14.5],"rotation":0,"texture":"#0","tintindex":0},"down":{"uv":[9.66667,12.25,9.83333,13.0],"rotation":90,"texture":"#0","tintindex":0}}},{"from":[0.45714283,14.936966,20.342857],"to":[15.542857,16.308395,20.342857],"rotation":{"angle":0.0,"axis":"y","origin":[8.0,8.079823,20.685715]},"faces":{"east":{"uv":[5.33333,8.0,5.33333,8.5],"rotation":0,"texture":"#0","tintindex":0},"south":{"uv":[5.66667,9.0,6.0,14.5],"rotation":90,"texture":"#0","tintindex":0},"north":{"uv":[5.66667,14.5,6.0,9.0],"rotation":90,"texture":"#0","tintindex":0},"west":{"uv":[5.33333,8.0,5.33333,8.5],"rotation":0,"texture":"#0","tintindex":0},"up":{"uv":[9.0,8.0,5.33333,8.0],"rotation":0,"texture":"#0","tintindex":0},"down":{"uv":[9.0,8.0,5.33333,8.0],"rotation":0,"texture":"#0","tintindex":0}}},{"from":[9.91808,11.922263,20.0],"to":[11.975223,13.979406,20.685715],"rotation":{"angle":-45.0,"axis":"z","origin":[16.623116,7.960086,20.685715]},"faces":{"east":{"uv":[8.66667,14.75,9.16667,14.5],"rotation":90,"texture":"#0","tintindex":0},"south":{"uv":[9.83333,8.75,9.33333,9.5],"rotation":0,"texture":"#0","tintindex":0},"north":{"uv":[9.33333,8.75,9.83333,9.5],"rotation":0,"texture":"#0","tintindex":0},"west":{"uv":[9.66667,12.25,9.83333,13.0],"rotation":0,"texture":"#0","tintindex":0},"up":{"uv":[9.16667,14.75,8.66667,14.5],"rotation":0,"texture":"#0","tintindex":0},"down":{"uv":[9.83333,12.25,9.66667,13.0],"rotation":90,"texture":"#0","tintindex":0}}}],"display":{"head":{"translation":[0.0,-6.4,0.0],"scale":[4.0,4.0,4.0]}}}