{"textures":{"0":"modelengine:entity/priest"},"elements":[{"from":[7.4188857,15.316372,7.6571426],"to":[9.476028,17.373516,8.342857],"rotation":{"angle":45.0,"axis":"z","origin":[-0.6231203,7.960086,8.342857]},"faces":{"east":{"uv":[9.16667,14.75,8.66667,14.5],"rotation":90,"texture":"#0","tintindex":0},"south":{"uv":[9.33333,8.75,9.83333,9.5],"rotation":0,"texture":"#0","tintindex":0},"north":{"uv":[9.83333,8.75,9.33333,9.5],"rotation":0,"texture":"#0","tintindex":0},"west":{"uv":[9.83333,12.25,9.66667,13.0],"rotation":0,"texture":"#0","tintindex":0},"up":{"uv":[8.66667,14.75,9.16667,14.5],"rotation":0,"texture":"#0","tintindex":0},"down":{"uv":[9.66667,12.25,9.83333,13.0],"rotation":90,"texture":"#0","tintindex":0}}},{"from":[0.45714283,19.736965,8.0],"to":[15.542857,21.108395,8.0],"rotation":{"angle":0.0,"axis":"y","origin":[8.0,8.079823,8.342857]},"faces":{"east":{"uv":[5.33333,8.0,5.33333,8.5],"rotation":0,"texture":"#0","tintindex":0},"south":{"uv":[5.66667,9.0,6.0,14.5],"rotation":90,"texture":"#0","tintindex":0},"north":{"uv":[5.66667,14.5,6.0,9.0],"rotation":90,"texture":"#0","tintindex":0},"west":{"uv":[5.33333,8.0,5.33333,8.5],"rotation":0,"texture":"#0","tintindex":0},"up":{"uv":[9.0,8.0,5.33333,8.0],"rotation":0,"texture":"#0","tintindex":0},"down":{"uv":[9.0,8.0,5.33333,8.0],"rotation":0,"texture":"#0","tintindex":0}}},{"from":[6.5239716,15.316372,7.6571426],"to":[8.581114,17.373516,8.342857],"rotation":{"angle":-45.0,"axis":"z","origin":[16.623116,7.960086,8.342857]},"faces":{"east":{"uv":[8.66667,14.75,9.16667,14.5],"rotation":90,"texture":"#0","tintindex":0},"south":{"uv":[9.83333,8.75,9.33333,9.5],"rotation":0,"texture":"#0","tintindex":0},"north":{"uv":[9.33333,8.75,9.83333,9.5],"rotation":0,"texture":"#0","tintindex":0},"west":{"uv":[9.66667,12.25,9.83333,13.0],"rotation":0,"texture":"#0","tintindex":0},"up":{"uv":[9.16667,14.75,8.66667,14.5],"rotation":0,"texture":"#0","tintindex":0},"down":{"uv":[9.83333,12.25,9.66667,13.0],"rotation":90,"texture":"#0","tintindex":0}}}],"display":{"head":{"translation":[0.0,-6.4,0.0],"scale":[4.0,4.0,4.0]}}}